-- phpMyAdmin SQL Dump
-- version 5.2.0
-- https://www.phpmyadmin.net/
--
-- Host: 127.0.0.1:3306
-- Generation Time: May 24, 2023 at 10:05 PM
-- Server version: 5.7.40
-- PHP Version: 8.2.0

SET SQL_MODE = "NO_AUTO_VALUE_ON_ZERO";
START TRANSACTION;
SET time_zone = "+00:00";


/*!40101 SET @OLD_CHARACTER_SET_CLIENT=@@CHARACTER_SET_CLIENT */;
/*!40101 SET @OLD_CHARACTER_SET_RESULTS=@@CHARACTER_SET_RESULTS */;
/*!40101 SET @OLD_COLLATION_CONNECTION=@@COLLATION_CONNECTION */;
/*!40101 SET NAMES utf8mb4 */;

--
-- Database: `poo_fighter`
--

-- --------------------------------------------------------

--
-- Table structure for table `guild`
--

DROP TABLE IF EXISTS `guild`;
CREATE TABLE IF NOT EXISTS `guild` (
  `guild_id` int(11) NOT NULL AUTO_INCREMENT,
  `name` varchar(45) DEFAULT NULL,
  PRIMARY KEY (`guild_id`)
) ENGINE=InnoDB AUTO_INCREMENT=51 DEFAULT CHARSET=utf8mb4;

--
-- Dumping data for table `guild`
--

INSERT INTO `guild` (`guild_id`, `name`) VALUES
(1, 'Method'),
(2, 'Complexity Limit'),
(3, 'Pieces'),
(4, 'Echo'),
(5, 'FatSharkYes'),
(6, 'Exorsus'),
(7, 'WildCard Gaming'),
(8, 'Limit'),
(9, 'Midwinter'),
(10, 'vodka'),
(11, 'Blood Legion'),
(12, 'Ascension'),
(13, 'ScrubBusters'),
(14, 'Easy'),
(15, 'Big Dumb Guild'),
(16, 'AFK R'),
(17, 'Alpha'),
(18, 'Avast'),
(19, 'Intern Made This Boss'),
(20, 'Nova'),
(21, 'Honestly'),
(22, 'Innominatum'),
(23, 'Practice'),
(24, 'Aversion'),
(25, 'Skyline'),
(26, 'Aurora'),
(27, 'Right'),
(28, 'From Scratch'),
(29, 'Rise'),
(30, 'Reckoning'),
(31, 'Drive'),
(32, 'Entropy'),
(33, 'Eleventh Hour'),
(34, 'Pure'),
(35, 'Memento'),
(36, 'Wiping as Intended'),
(37, 'Invictus'),
(38, 'Temerity'),
(39, 'Crisp'),
(40, 'Halcyon'),
(41, 'Fused'),
(42, 'Irae AoD'),
(43, 'Easy Guild'),
(44, 'Vodkaz'),
(45, 'Fires of Heaven'),
(46, 'Synthesis'),
(47, 'Rapid Eye Movement'),
(48, 'Impetus'),
(49, 'Fury'),
(50, 'Vex Thal');

-- --------------------------------------------------------

--
-- Table structure for table `inventory`
--

DROP TABLE IF EXISTS `inventory`;
CREATE TABLE IF NOT EXISTS `inventory` (
  `character_id` int(11) DEFAULT NULL,
  `item_id` int(11) NOT NULL,
  `capacity` int(11) DEFAULT NULL,
  UNIQUE KEY `item_id_UNIQUE` (`item_id`),
  KEY `FK_ITEMID_idx` (`character_id`)
) ENGINE=InnoDB DEFAULT CHARSET=utf8mb4;

--
-- Dumping data for table `inventory`
--

INSERT INTO `inventory` (`character_id`, `item_id`, `capacity`) VALUES
(73, 19, 33),
(70, 77, 34),
(66, 103, 43),
(121, 204, 38),
(64, 353, 24),
(116, 432, 27),
(26, 438, 29),
(7, 492, 29),
(59, 608, 34),
(10, 616, 12),
(80, 903, 48),
(53, 915, 21);

-- --------------------------------------------------------

--
-- Table structure for table `item`
--

DROP TABLE IF EXISTS `item`;
CREATE TABLE IF NOT EXISTS `item` (
  `item_id` int(11) NOT NULL AUTO_INCREMENT,
  `name` varchar(45) DEFAULT NULL,
  `droprate` int(11) DEFAULT NULL,
  `bonusDamage` int(11) DEFAULT NULL,
  `bonusHp` int(11) DEFAULT NULL,
  `bonusRage` int(11) DEFAULT NULL,
  `bonusProtection` int(11) DEFAULT NULL,
  `itemCategory_id` int(11) DEFAULT NULL,
  `itemQuality_id` int(11) DEFAULT NULL,
  PRIMARY KEY (`item_id`),
  KEY `FK_CATID_idx` (`itemCategory_id`),
  KEY `FK_QUALITY_idx` (`itemQuality_id`)
) ENGINE=InnoDB AUTO_INCREMENT=951 DEFAULT CHARSET=utf8mb4;

--
-- Dumping data for table `item`
--

INSERT INTO `item` (`item_id`, `name`, `droprate`, `bonusDamage`, `bonusHp`, `bonusRage`, `bonusProtection`, `itemCategory_id`, `itemQuality_id`) VALUES
(1, 'Gilet en gangracier énergisé', 74, 0, 0, 0, 6, 1, 1),
(2, 'Dague de lancer', 24, 6, 0, 0, 0, 2, 1),
(3, 'Haubert en pierre d\'âme', 13, 0, 0, 0, 0, 1, 1),
(4, 'Marteau en essence de l\'ombre', 61, 0, 0, 0, 3, 2, 1),
(5, 'Plastron en mailles', 45, 0, 0, 0, 0, 1, 1),
(6, 'Marteau de pierre', 88, 0, 0, 1, 0, 2, 1),
(7, 'Marteau léger', 63, 0, 1, 0, 0, 2, 1),
(8, 'Rapière', 58, 0, 0, 0, 3, 2, 1),
(9, 'Tunique en essence de l\'ombre', 24, 0, 0, 0, 0, 1, 1),
(10, 'Plastron en essence de terre', 24, 0, 1, 0, 0, 1, 1),
(11, 'Haubert en essence de feu', 46, 0, 0, 1, 0, 1, 1),
(12, 'Haubert en écailles', 72, 0, 0, 0, 0, 1, 1),
(13, 'Gilet en gangrefer', 88, 0, 0, 0, 0, 1, 1),
(14, 'Hache légère', 86, 3, 0, 0, 0, 2, 1),
(15, 'Haubert en acier de l\'aube', 21, 0, 0, 6, 0, 1, 1),
(16, 'Bâton de guerre', 20, 3, 0, 0, 0, 2, 1),
(17, 'Plastron en essence de feu', 37, 0, 0, 0, 4, 1, 1),
(18, 'Tunique en ambre', 80, 0, 4, 0, 0, 1, 1),
(19, 'Plastron en cuir', 79, 8, 0, 0, 0, 1, 1),
(20, 'Plastron en essence de lumière', 6, 0, 0, 0, 0, 1, 1),
(21, 'Haubert en écailles', 45, 0, 0, 1, 0, 1, 1),
(22, 'Hache en essence arcanique', 26, 4, 0, 0, 0, 2, 1),
(23, 'Haubert en essence arcanique', 72, 1, 0, 0, 0, 1, 1),
(24, 'Haubert en corne', 17, 0, 3, 0, 0, 1, 1),
(25, 'Gilet en essence de terre', 50, 0, 1, 0, 0, 1, 1),
(26, 'Marteau en mailles', 10, 0, 6, 0, 0, 2, 1),
(27, 'Épée runique', 78, 4, 0, 0, 0, 2, 1),
(28, 'Armure en plaques', 23, 0, 0, 0, 6, 1, 1),
(29, 'Épée de glace', 87, 0, 0, 3, 0, 2, 1),
(30, 'Hache d\'obsidienne', 26, 0, 0, 0, 2, 2, 1),
(31, 'Tunique en verre de silice', 1, 0, 0, 0, 0, 1, 1),
(32, 'Hache en vrai-argent', 94, 0, 0, 2, 0, 2, 1),
(33, 'Gilet en acier ébène', 21, 0, 5, 0, 0, 1, 1),
(34, 'Plastron en cuir', 24, 5, 0, 0, 0, 1, 1),
(35, 'Gilet en acier foudroyant', 55, 0, 0, 0, 0, 1, 1),
(36, 'Cimeterre', 54, 0, 0, 4, 0, 2, 1),
(37, 'Épée runique', 6, 0, 1, 0, 0, 2, 1),
(38, 'Hache à deux mains', 49, 2, 0, 0, 0, 2, 1),
(39, 'Gilet en cuir', 41, 0, 0, 0, 0, 1, 1),
(40, 'Épée bâtarde', 55, 4, 0, 0, 0, 2, 1),
(41, 'Carabine', 66, 0, 0, 0, 0, 2, 1),
(42, 'Hache en vrai-argent', 11, 0, 0, 0, 0, 2, 1),
(43, 'Haubert en acier foudroyant', 97, 9, 0, 0, 0, 1, 1),
(44, 'Tunique en essence arcanique', 78, 0, 0, 0, 5, 1, 1),
(45, 'Épée en bois', 80, 0, 0, 0, 0, 2, 1),
(46, 'Haubert en acier ébène', 35, 0, 5, 0, 0, 1, 1),
(47, 'Hache en vrai-argent', 78, 0, 0, 0, 0, 2, 1),
(48, 'Gilet en acier ébène', 35, 0, 10, 0, 0, 1, 1),
(49, 'Hache en corail', 68, 0, 0, 0, 0, 2, 1),
(50, 'Gilet en essence arcanique', 95, 0, 0, 0, 0, 1, 1),
(51, 'Tunique en ambre', 81, 0, 0, 0, 0, 1, 1),
(52, 'Plastron en essence de l\'ombre', 29, 0, 0, 0, 0, 1, 1),
(53, 'Hache légère', 59, 0, 0, 4, 0, 2, 1),
(54, 'Plastron en kyparite', 34, 0, 0, 1, 0, 1, 1),
(55, 'Gilet en os', 11, 0, 4, 0, 0, 1, 1),
(56, 'Gilet en gangrefer', 54, 0, 0, 0, 0, 1, 1),
(57, 'Plastron en ivoire', 87, 1, 0, 0, 0, 1, 1),
(58, 'Baguette magique', 49, 0, 0, 0, 2, 2, 1),
(59, 'Hache en verre', 87, 0, 0, 4, 0, 2, 1),
(60, 'Marteau en coquillages', 88, 0, 4, 0, 0, 2, 1),
(61, 'Épée en acier de l\'aube', 17, 0, 0, 6, 0, 2, 1),
(62, 'Bouclier', 9, 0, 0, 0, 9, 2, 1),
(63, 'Marteau en cristal chantant', 99, 0, 0, 1, 0, 2, 1),
(64, 'Fléau', 93, 0, 0, 0, 10, 2, 1),
(65, 'Épée en peau de démon', 66, 0, 0, 0, 0, 2, 1),
(66, 'Cuirasse en plaques', 40, 0, 0, 0, 1, 1, 1),
(67, 'Plastron en essence de l\'eau', 69, 0, 0, 2, 0, 1, 1),
(68, 'Plastron en ambre', 91, 0, 0, 0, 0, 1, 1),
(69, 'Marteau en corne', 68, 0, 0, 1, 0, 2, 1),
(70, 'Haubert en mailles', 3, 0, 2, 0, 0, 1, 1),
(71, 'Tunique en gangrebois', 88, 4, 0, 0, 0, 1, 1),
(72, 'Pistolet', 70, 0, 0, 0, 2, 2, 1),
(73, 'Hache en thorium', 21, 0, 0, 4, 0, 2, 1),
(74, 'Haubert en mailles', 65, 0, 6, 0, 0, 1, 1),
(75, 'Gilet en acier foudroyant', 17, 0, 2, 0, 0, 1, 1),
(76, 'Haubert en essence de glace', 7, 9, 0, 0, 0, 1, 1),
(77, 'Haubert en kyparite', 71, 0, 0, 5, 0, 1, 1),
(78, 'Hache en cuivre', 64, 1, 0, 0, 0, 2, 1),
(79, 'Tunique en trillium', 48, 0, 0, 0, 0, 1, 1),
(80, 'Pavois', 88, 4, 0, 0, 0, 2, 1),
(81, 'Arbalète légère', 83, 0, 0, 9, 0, 2, 1),
(82, 'Haubert en écailles', 64, 0, 0, 0, 7, 1, 1),
(83, 'Hache en cobalt', 15, 0, 0, 0, 0, 2, 1),
(84, 'Gilet en corne', 12, 0, 0, 4, 0, 1, 1),
(85, 'Épée en acier de l\'aube', 48, 0, 0, 5, 0, 2, 1),
(86, 'Masse', 98, 1, 0, 0, 0, 2, 1),
(87, 'Tunique en ivoire', 89, 0, 0, 0, 3, 1, 1),
(88, 'Épée de glace', 65, 0, 0, 0, 0, 2, 1),
(89, 'Carabine', 38, 0, 0, 8, 0, 2, 1),
(90, 'Pourpoint en tissu', 30, 0, 0, 0, 0, 1, 1),
(91, 'Tunique en essence de l\'ombre', 85, 0, 0, 0, 0, 1, 1),
(92, 'Pique', 72, 0, 0, 0, 0, 2, 1),
(93, 'Haubert en pierre d\'âme', 83, 0, 0, 0, 9, 1, 1),
(94, 'Épée courte', 53, 6, 0, 0, 0, 2, 1),
(95, 'Tunique en essence de terre', 1, 0, 0, 1, 0, 1, 1),
(96, 'Plastron en essence de feu', 91, 0, 0, 0, 5, 1, 1),
(97, 'Tunique en ivoire', 29, 0, 0, 0, 3, 1, 1),
(98, 'Haubert en pierre runique', 14, 0, 0, 0, 0, 1, 1),
(99, 'Marteau de jet', 8, 2, 0, 0, 0, 2, 1),
(100, 'Targe', 47, 1, 0, 0, 0, 2, 1),
(101, 'Plastron en pierre runique', 46, 8, 0, 0, 0, 1, 1),
(102, 'Épée runique', 15, 0, 0, 0, 0, 2, 1),
(103, 'Gilet en acier foudroyant', 40, 0, 2, 0, 0, 1, 1),
(104, 'Hache de jet', 71, 0, 0, 2, 0, 2, 1),
(105, 'Guisarme', 98, 3, 0, 0, 0, 2, 1),
(106, 'Haubert en essence de glace', 81, 0, 0, 2, 0, 1, 1),
(107, 'Marteau de jet', 22, 0, 0, 0, 6, 2, 1),
(108, 'Hache de jet', 80, 0, 0, 0, 2, 2, 1),
(109, 'Haubert en essence de lumière', 93, 2, 0, 0, 0, 1, 1),
(110, 'Gilet en pierre runique', 12, 0, 4, 0, 0, 1, 1),
(111, 'Plastron en trillium', 9, 0, 2, 0, 0, 1, 1),
(112, 'Épée runique', 6, 7, 0, 0, 0, 2, 1),
(113, 'Bâton de combat', 18, 0, 0, 7, 0, 2, 1),
(114, 'Haubert en corne', 89, 0, 5, 0, 0, 1, 1),
(115, 'Tunique en cuir', 52, 0, 0, 0, 1, 1, 1),
(116, 'Haubert en mailles', 27, 4, 0, 0, 0, 1, 1),
(117, 'Épée en saronite', 82, 8, 0, 0, 0, 2, 1),
(118, 'Hache en cobalt', 96, 3, 0, 0, 0, 2, 1),
(119, 'Haubert en gangrebois', 27, 0, 0, 0, 1, 1, 1),
(120, 'Tunique en essence de l\'ombre', 56, 1, 0, 0, 0, 1, 1),
(121, 'Marteau en mailles', 38, 0, 0, 0, 0, 2, 1),
(122, 'Plastron en kyparite', 69, 5, 0, 0, 0, 1, 1),
(123, 'Hache en essence arcanique', 88, 0, 0, 0, 4, 2, 1),
(124, 'Marteau en élémentium', 99, 2, 0, 0, 0, 2, 1),
(125, 'Tunique en kyparite', 81, 0, 0, 0, 5, 1, 1),
(126, 'Marteau en bronze', 50, 0, 0, 2, 0, 2, 1),
(127, 'Gilet en os', 5, 0, 3, 0, 0, 1, 1),
(128, 'Gilet en essence arcanique', 77, 0, 0, 0, 1, 1, 1),
(129, 'Hache en essence de l\'eau', 29, 0, 0, 0, 8, 2, 1),
(130, 'Hache légère', 41, 0, 0, 8, 0, 2, 1),
(131, 'Gilet en acier ébène', 12, 1, 0, 0, 0, 1, 1),
(132, 'Haubert en essence de glace', 33, 0, 0, 2, 0, 1, 1),
(133, 'Tunique en essence de feu', 76, 0, 0, 0, 2, 1, 1),
(134, 'Faux', 35, 0, 0, 2, 0, 2, 1),
(135, 'Plastron en essence arcanique', 28, 0, 0, 0, 7, 1, 1),
(136, 'Gilet en os', 52, 0, 1, 0, 0, 1, 1),
(137, 'Tunique en essence de glace', 14, 0, 0, 0, 1, 1, 1),
(138, 'Haubert en essence de nature', 93, 0, 3, 0, 0, 1, 1),
(139, 'Hache en pierre runique', 21, 0, 5, 0, 0, 2, 1),
(140, 'Gilet en essence de glace', 23, 0, 0, 0, 1, 1, 1),
(141, 'Épée en adamantite', 25, 5, 0, 0, 0, 2, 1),
(142, 'Gilet en essence de l\'ombre', 32, 0, 4, 0, 0, 1, 1),
(143, 'Hache de foudre', 57, 4, 0, 0, 0, 2, 1),
(144, 'Épée à deux mains', 49, 0, 1, 0, 0, 2, 1),
(145, 'Haubert en cristal chantant', 55, 1, 0, 0, 0, 1, 1),
(146, 'Haubert en essence de terre', 66, 0, 0, 0, 3, 1, 1),
(147, 'Tunique en acier de l\'aube', 18, 0, 8, 0, 0, 1, 1),
(148, 'Marteau en acier ébène', 15, 0, 2, 0, 0, 2, 1),
(149, 'Haubert en acier foudroyant', 7, 0, 0, 0, 4, 1, 1),
(150, 'Marteau enflammé', 14, 7, 0, 0, 0, 2, 1),
(151, 'Épée runique', 33, 0, 5, 0, 0, 2, 1),
(152, 'Marteau en cristal chantant', 95, 0, 0, 3, 0, 2, 1),
(153, 'Gilet en bois', 35, 0, 0, 0, 0, 1, 1),
(154, 'Marteau en gangracier', 63, 3, 0, 0, 0, 2, 1),
(155, 'Hache d\'armes', 41, 0, 3, 0, 0, 2, 1),
(156, 'Javelot', 77, 1, 0, 0, 0, 2, 1),
(157, 'Tunique en ambre', 11, 0, 0, 0, 7, 1, 1),
(158, 'Hache en essence arcanique', 98, 0, 0, 0, 0, 2, 1),
(159, 'Hache en pierre runique', 42, 0, 9, 0, 0, 2, 1),
(160, 'Plastron en essence de feu', 4, 0, 0, 0, 2, 1, 1),
(161, 'Tunique en corne', 50, 0, 0, 8, 0, 1, 1),
(162, 'Plastron en essence arcanique', 78, 0, 0, 0, 0, 1, 1),
(163, 'Gilet en pierre d\'âme', 34, 3, 0, 0, 0, 1, 1),
(164, 'Tunique en bois', 81, 0, 0, 5, 0, 1, 1),
(165, 'Cimeterre', 99, 0, 0, 3, 0, 2, 1),
(166, 'Marteau enflammé', 87, 0, 0, 4, 0, 2, 1),
(167, 'Hache légère', 51, 0, 0, 7, 0, 2, 1),
(168, 'Gilet en bois ancestral', 40, 0, 2, 0, 0, 1, 1),
(169, 'Haubert en cristal chantant', 2, 0, 0, 0, 7, 1, 1),
(170, 'Gilet en acier foudroyant', 60, 0, 9, 0, 0, 1, 1),
(171, 'Gilet en gangracier énergisé', 5, 0, 0, 0, 0, 1, 1),
(172, 'Tunique en cuir', 15, 1, 0, 0, 0, 1, 1),
(173, 'Hache en cuivre', 18, 0, 0, 1, 0, 2, 1),
(174, 'Haubert en essence de l\'eau', 25, 0, 0, 9, 0, 1, 1),
(175, 'Épée en peau de démon', 48, 6, 0, 0, 0, 2, 1),
(176, 'Gilet en os', 61, 0, 0, 0, 0, 1, 1),
(177, 'Marteau en essence de feu', 30, 0, 0, 0, 1, 2, 1),
(178, 'Arc composite', 9, 0, 0, 7, 0, 2, 1),
(179, 'Sceptre', 26, 5, 0, 0, 0, 2, 1),
(180, 'Plastron en os', 31, 0, 0, 1, 0, 1, 1),
(181, 'Marteau en acier foudroyant', 31, 0, 0, 0, 8, 2, 1),
(182, 'Tunique en essence de terre', 10, 0, 2, 0, 0, 1, 1),
(183, 'Épée en acier', 62, 0, 0, 0, 0, 2, 1),
(184, 'Gilet en os spirituel', 53, 0, 0, 0, 6, 1, 1),
(185, 'Gilet en essence de lumière', 26, 4, 0, 0, 0, 1, 1),
(186, 'Marteau à pointes', 57, 0, 0, 6, 0, 2, 1),
(187, 'Tunique en kyparite', 30, 0, 0, 0, 5, 1, 1),
(188, 'Épée en ivoire', 62, 5, 0, 0, 0, 2, 1),
(189, 'Gilet en kyparite', 71, 0, 0, 5, 0, 1, 1),
(190, 'Épée de vent', 52, 0, 0, 0, 1, 2, 1),
(191, 'Gilet en acier ébène', 40, 0, 0, 2, 0, 1, 1),
(192, 'Couteau de chasse', 30, 0, 0, 0, 0, 2, 1),
(193, 'Épée en acier', 86, 0, 0, 6, 0, 2, 1),
(194, 'Gilet en essence de feu', 27, 3, 0, 0, 0, 1, 1),
(195, 'Plastron en os', 8, 0, 2, 0, 0, 1, 1),
(196, 'Tunique en essence de feu', 41, 0, 0, 0, 3, 1, 1),
(197, 'Haubert en os', 20, 1, 0, 0, 0, 1, 1),
(198, 'Tunique en acier foudroyant', 27, 0, 5, 0, 0, 1, 1),
(199, 'Tunique en écailles', 61, 0, 0, 0, 4, 1, 1),
(200, 'Haubert en écailles', 79, 0, 1, 0, 0, 1, 1),
(201, 'Tunique en ambre', 15, 0, 0, 0, 0, 1, 1),
(202, 'Trident', 4, 0, 0, 3, 0, 2, 1),
(203, 'Marteau en bois ancestral', 77, 0, 0, 0, 2, 2, 1),
(204, 'Tunique en essence arcanique', 64, 0, 0, 0, 0, 1, 1),
(205, 'Marteau en plaques', 89, 0, 0, 0, 0, 2, 1),
(206, 'Mousquet', 98, 0, 0, 7, 0, 2, 1),
(207, 'Haubert en os spirituel', 12, 0, 0, 8, 0, 1, 1),
(208, 'Hache barbelée', 98, 0, 0, 0, 0, 2, 1),
(209, 'Plastron en corne', 11, 0, 0, 0, 0, 1, 1),
(210, 'Épée flamboyante', 44, 0, 0, 0, 6, 2, 1),
(211, 'Haubert en essence de l\'ombre', 35, 0, 6, 0, 0, 1, 1),
(212, 'Tunique en essence de glace', 82, 0, 0, 6, 0, 1, 1),
(213, 'Tunique en cuir', 67, 0, 0, 8, 0, 1, 1),
(214, 'Épée en bois', 76, 4, 0, 0, 0, 2, 1),
(215, 'Épée flamboyante', 70, 0, 0, 4, 0, 2, 1),
(216, 'Plastron en essence de feu', 76, 3, 0, 0, 0, 1, 1),
(217, 'Gilet en kyparite', 10, 0, 0, 0, 7, 1, 1),
(218, 'Plastron en bois ancestral', 43, 0, 0, 0, 3, 1, 1),
(219, 'Tunique en cristal chantant', 74, 0, 0, 4, 0, 1, 1),
(220, 'Baguette sacrée', 53, 0, 0, 0, 5, 2, 1),
(221, 'Robe en tissu', 57, 0, 0, 0, 1, 1, 1),
(222, 'Tunique en acier foudroyant', 33, 0, 2, 0, 0, 1, 1),
(223, 'Javelot', 98, 0, 4, 0, 0, 2, 1),
(224, 'Gilet en bois ancestral', 49, 0, 0, 0, 3, 1, 1),
(225, 'Plastron en cristal chantant', 47, 0, 6, 0, 0, 1, 1),
(226, 'Haubert en cristal chantant', 32, 0, 0, 8, 0, 1, 1),
(227, 'Plastron en gangracier énergisé', 4, 0, 0, 2, 0, 1, 1),
(228, 'Épée bâtarde', 49, 0, 7, 0, 0, 2, 1),
(229, 'Plastron en cristal chantant', 11, 8, 0, 0, 0, 1, 1),
(230, 'Gilet en écailles', 94, 0, 6, 0, 0, 1, 1),
(231, 'Gilet en bois', 7, 3, 0, 0, 0, 1, 1),
(232, 'Hache en trillium', 20, 0, 0, 0, 4, 2, 1),
(233, 'Épée en verre de silice', 34, 0, 0, 0, 3, 2, 1),
(234, 'Plastron en trillium', 34, 0, 0, 10, 0, 1, 1),
(235, 'Marteau en cristal chantant', 11, 4, 0, 0, 0, 2, 1),
(236, 'Tunique en bois ancestral', 1, 0, 0, 0, 0, 1, 1),
(237, 'Gilet en essence de l\'ombre', 88, 2, 0, 0, 0, 1, 1),
(238, 'Tunique en essence de l\'eau', 36, 0, 0, 0, 0, 1, 1),
(239, 'Plastron en bois', 57, 0, 0, 1, 0, 1, 1),
(240, 'Gilet en essence de l\'eau', 31, 0, 0, 0, 1, 1, 1),
(241, 'Gilet en ivoire', 96, 2, 0, 0, 0, 1, 1),
(242, 'Bâton à deux mains', 43, 3, 0, 0, 0, 2, 1),
(243, 'Pavois', 79, 0, 0, 0, 5, 2, 1),
(244, 'Hache de guerre', 13, 0, 0, 2, 0, 2, 1),
(245, 'Haubert en mailles', 35, 4, 0, 0, 0, 1, 1),
(246, 'Plastron en pierre d\'âme', 77, 4, 0, 0, 0, 1, 1),
(247, 'Masse à deux mains', 22, 8, 0, 0, 0, 2, 1),
(248, 'Tunique en acier de l\'aube', 3, 0, 0, 0, 0, 1, 1),
(249, 'Gilet en bois', 70, 0, 0, 0, 0, 1, 1),
(250, 'Marteau en coquillages', 89, 0, 1, 0, 0, 2, 1),
(251, 'Épée en plumes', 65, 0, 0, 0, 3, 2, 1),
(252, 'Plastron en bois', 95, 6, 0, 0, 0, 1, 1),
(253, 'Gilet en essence de feu', 77, 0, 0, 2, 0, 1, 1),
(254, 'Lance', 15, 0, 4, 0, 0, 2, 1),
(255, 'Hache d\'armes', 99, 0, 0, 0, 0, 2, 1),
(256, 'Bouclier', 13, 0, 6, 0, 0, 2, 1),
(257, 'Épée en adamantite', 76, 0, 5, 0, 0, 2, 1),
(258, 'Plastron en écailles', 11, 8, 0, 0, 0, 1, 1),
(259, 'Marteau en bois ancestral', 66, 0, 0, 0, 2, 2, 1),
(260, 'Marteau en cristal chantant', 93, 0, 0, 0, 0, 2, 1),
(261, 'Épée en essence de lumière', 61, 0, 0, 0, 0, 2, 1),
(262, 'Gilet en acier ébène', 40, 0, 1, 0, 0, 1, 1),
(263, 'Hache en griffes', 18, 2, 0, 0, 0, 2, 1),
(264, 'Marteau à pointes', 19, 0, 1, 0, 0, 2, 1),
(265, 'Javelot', 23, 0, 0, 0, 3, 2, 1),
(266, 'Gilet en acier foudroyant', 97, 0, 0, 0, 1, 1, 1),
(267, 'Plastron en gangrebois', 77, 5, 0, 0, 0, 1, 1),
(268, 'Plastron en pierre runique', 88, 0, 0, 0, 7, 1, 1),
(269, 'Guisarme', 37, 0, 9, 0, 0, 2, 1),
(270, 'Arc long', 34, 0, 0, 3, 0, 2, 1),
(271, 'Plastron en os spirituel', 99, 2, 0, 0, 0, 1, 1),
(272, 'Hache en gangrefer', 90, 0, 0, 0, 3, 2, 1),
(273, 'Hache d\'obsidienne', 78, 0, 0, 1, 0, 2, 1),
(274, 'Marteau léger', 29, 3, 0, 0, 0, 2, 1),
(275, 'Gilet en kyparite', 20, 0, 0, 0, 3, 1, 1),
(276, 'Tunique en bois', 37, 0, 0, 2, 0, 1, 1),
(277, 'Épée flamboyante', 67, 0, 0, 1, 0, 2, 1),
(278, 'Épée en essence de glace', 41, 1, 0, 0, 0, 2, 1),
(279, 'Hache en pierre d\'âme', 29, 2, 0, 0, 0, 2, 1),
(280, 'Épée en mithril', 40, 0, 7, 0, 0, 2, 1),
(281, 'Marteau en os de géant', 9, 0, 0, 0, 3, 2, 1),
(282, 'Gilet en acier de l\'aube', 74, 0, 8, 0, 0, 1, 1),
(283, 'Bouclier', 5, 0, 3, 0, 0, 2, 1),
(284, 'Gilet en pierre runique', 87, 0, 0, 0, 0, 1, 1),
(285, 'Plastron en corne', 43, 0, 0, 0, 2, 1, 1),
(286, 'Plastron en cristal chantant', 33, 0, 0, 0, 4, 1, 1),
(287, 'Trident', 73, 8, 0, 0, 0, 2, 1),
(288, 'Tunique en essence de l\'ombre', 18, 3, 0, 0, 0, 1, 1),
(289, 'Gilet en verre de silice', 54, 6, 0, 0, 0, 1, 1),
(290, 'Épée en pierre', 24, 0, 0, 0, 0, 2, 1),
(291, 'Gilet en écailles', 32, 0, 0, 0, 0, 1, 1),
(292, 'Gilet en tissu', 76, 0, 0, 0, 0, 1, 1),
(293, 'Marteau en corne', 29, 4, 0, 0, 0, 2, 1),
(294, 'Hache en cuivre', 96, 0, 0, 4, 0, 2, 1),
(295, 'Haubert en essence de nature', 9, 3, 0, 0, 0, 1, 1),
(296, 'Épée en ivoire', 29, 0, 0, 0, 0, 2, 1),
(297, 'Haubert en pierre d\'âme', 17, 2, 0, 0, 0, 1, 1),
(298, 'Tunique en cuir', 75, 0, 0, 0, 2, 1, 1),
(299, 'Gilet en kyparite', 35, 3, 0, 0, 0, 1, 1),
(300, 'Gilet en essence de nature', 49, 0, 5, 0, 0, 1, 1),
(301, 'Tunique en bois ancestral', 96, 0, 0, 0, 0, 1, 1),
(302, 'Dague', 16, 0, 0, 0, 3, 2, 1),
(303, 'Tunique en cuir', 45, 7, 0, 0, 0, 1, 1),
(304, 'Haubert en pierre d\'âme', 62, 0, 0, 0, 0, 1, 1),
(305, 'Plastron en acier ébène', 8, 5, 0, 0, 0, 1, 1),
(306, 'Hache en essence arcanique', 95, 2, 0, 0, 0, 2, 1),
(307, 'Plastron en essence de feu', 70, 0, 0, 0, 0, 1, 1),
(308, 'Plastron en gangrefer', 91, 10, 0, 0, 0, 1, 1),
(309, 'Épée à deux mains', 25, 0, 3, 0, 0, 2, 1),
(310, 'Hache en verre', 67, 0, 0, 0, 1, 2, 1),
(311, 'Gilet en essence de feu', 60, 0, 3, 0, 0, 1, 1),
(312, 'Épée courte', 69, 0, 0, 6, 0, 2, 1),
(313, 'Épée en essence de lumière', 99, 0, 0, 0, 0, 2, 1),
(314, 'Hache à deux mains', 88, 0, 0, 7, 0, 2, 1),
(315, 'Hache en cuir', 2, 0, 1, 0, 0, 2, 1),
(316, 'Bâton à deux mains', 49, 2, 0, 0, 0, 2, 1),
(317, 'Tunique en essence de l\'ombre', 69, 0, 0, 0, 6, 1, 1),
(318, 'Plastron en ambre', 24, 3, 0, 0, 0, 1, 1),
(319, 'Plastron en acier de l\'aube', 24, 0, 0, 0, 0, 1, 1),
(320, 'Hache en gangrefer', 15, 0, 0, 7, 0, 2, 1),
(321, 'Épée longue', 20, 0, 0, 2, 0, 2, 1),
(322, 'Hache de guerre', 52, 0, 0, 0, 7, 2, 1),
(323, 'Tunique en mailles', 41, 4, 0, 0, 0, 1, 1),
(324, 'Épée longue', 48, 5, 0, 0, 0, 2, 1),
(325, 'Tunique en ambre', 70, 0, 0, 0, 0, 1, 1),
(326, 'Gilet en trillium', 30, 0, 0, 0, 0, 1, 1),
(327, 'Tunique en essence de lumière', 5, 0, 0, 5, 0, 1, 1),
(328, 'Épée en acier de l\'aube', 11, 0, 0, 1, 0, 2, 1),
(329, 'Gilet en acier foudroyant', 15, 0, 0, 0, 3, 1, 1),
(330, 'Plastron en cuir', 17, 0, 0, 0, 0, 1, 1),
(331, 'Épée en adamantite', 82, 4, 0, 0, 0, 2, 1),
(332, 'Tunique en kyparite', 34, 0, 0, 0, 0, 1, 1),
(333, 'Fléau', 29, 0, 0, 0, 10, 2, 1),
(334, 'Marteau de cristal', 42, 1, 0, 0, 0, 2, 1),
(335, 'Haubert en essence de feu', 85, 0, 0, 5, 0, 1, 1),
(336, 'Marteau en acier foudroyant', 47, 0, 0, 0, 6, 2, 1),
(337, 'Épée en plumes', 91, 0, 7, 0, 0, 2, 1),
(338, 'Haubert en acier foudroyant', 22, 0, 0, 0, 0, 1, 1),
(339, 'Marteau à pointes', 40, 5, 0, 0, 0, 2, 1),
(340, 'Trident', 64, 0, 0, 0, 5, 2, 1),
(341, 'Plastron en acier foudroyant', 46, 1, 0, 0, 0, 1, 1),
(342, 'Tunique en essence de feu', 53, 0, 0, 3, 0, 1, 1),
(343, 'Guisarme', 58, 0, 0, 0, 0, 2, 1),
(344, 'Gilet en essence de lumière', 8, 0, 0, 5, 0, 1, 1),
(345, 'Plastron en os', 36, 1, 0, 0, 0, 1, 1),
(346, 'Tunique en trillium', 93, 0, 0, 0, 1, 1, 1),
(347, 'Hache en gangrefer', 60, 0, 0, 0, 1, 2, 1),
(348, 'Tunique en essence de feu', 45, 0, 0, 0, 0, 1, 1),
(349, 'Haubert en essence de nature', 16, 0, 3, 0, 0, 1, 1),
(350, 'Gilet en acier foudroyant', 45, 0, 8, 0, 0, 1, 1),
(351, 'Haubert en kyparite', 11, 3, 0, 0, 0, 1, 1),
(352, 'Gilet en gangrebois', 56, 6, 0, 0, 0, 1, 1),
(353, 'Masse à deux mains', 61, 0, 3, 0, 0, 2, 1),
(354, 'Tunique en essence arcanique', 99, 0, 0, 0, 0, 1, 1),
(355, 'Hache en pierre runique', 47, 0, 0, 0, 3, 2, 1),
(356, 'Marteau en corne', 99, 3, 0, 0, 0, 2, 1),
(357, 'Dague de lancer', 71, 0, 0, 0, 2, 2, 1),
(358, 'Tunique en tissu', 33, 5, 0, 0, 0, 1, 1),
(359, 'Marteau en essence de terre', 88, 0, 0, 9, 0, 2, 1),
(360, 'Plastron en écailles', 4, 3, 0, 0, 0, 1, 1),
(361, 'Arc court', 64, 0, 2, 0, 0, 2, 1),
(362, 'Haubert en corne', 48, 0, 0, 6, 0, 1, 1),
(363, 'Marteau en écailles de dragon', 52, 1, 0, 0, 0, 2, 1),
(364, 'Haubert en bois', 72, 0, 0, 0, 0, 1, 1),
(365, 'Baguette magique', 50, 0, 0, 0, 0, 2, 1),
(366, 'Hache en trillium', 22, 3, 0, 0, 0, 2, 1),
(367, 'Haubert en essence de glace', 66, 0, 0, 0, 5, 1, 1),
(368, 'Hache en corail', 54, 0, 0, 2, 0, 2, 1),
(369, 'Marteau de jet', 44, 0, 0, 0, 0, 2, 1),
(370, 'Lance', 17, 0, 3, 0, 0, 2, 1),
(371, 'Carabine', 5, 0, 0, 0, 0, 2, 1),
(372, 'Dague de lancer', 81, 0, 0, 0, 1, 2, 1),
(373, 'Hache en thorium', 53, 0, 0, 3, 0, 2, 1),
(374, 'Haubert en essence arcanique', 33, 0, 0, 0, 2, 1, 1),
(375, 'Plastron en essence de terre', 21, 0, 0, 0, 7, 1, 1),
(376, 'Gilet en acier ébène', 83, 0, 5, 0, 0, 1, 1),
(377, 'Robe en tissu', 76, 0, 0, 0, 0, 1, 1),
(378, 'Tunique en gangracier énergisé', 98, 0, 0, 1, 0, 1, 1),
(379, 'Hallebarde', 18, 0, 0, 0, 0, 2, 1),
(380, 'Plastron en gangrebois', 52, 6, 0, 0, 0, 1, 1),
(381, 'Épée en or', 73, 0, 4, 0, 0, 2, 1),
(382, 'Plastron en acier ébène', 25, 0, 8, 0, 0, 1, 1),
(383, 'Épée en bois', 8, 0, 3, 0, 0, 2, 1),
(384, 'Épée en adamantite', 74, 0, 0, 0, 0, 2, 1),
(385, 'Épée en peau de démon', 90, 0, 0, 0, 1, 2, 1),
(386, 'Gilet en essence de l\'ombre', 14, 0, 0, 1, 0, 1, 1),
(387, 'Marteau de guerre', 73, 0, 0, 0, 6, 2, 1),
(388, 'Marteau en titane', 27, 0, 0, 3, 0, 2, 1),
(389, 'Épée en peau de démon', 36, 0, 1, 0, 0, 2, 1),
(390, 'Plastron en cristal chantant', 10, 0, 0, 1, 0, 1, 1),
(391, 'Haubert en gangracier énergisé', 23, 0, 0, 0, 0, 1, 1),
(392, 'Hache en thorium', 46, 0, 0, 0, 1, 2, 1),
(393, 'Fléau', 28, 2, 0, 0, 0, 2, 1),
(394, 'Épée en bois', 73, 0, 0, 0, 3, 2, 1),
(395, 'Plastron en essence de l\'ombre', 93, 0, 1, 0, 0, 1, 1),
(396, 'Plastron en ambre', 50, 0, 0, 0, 0, 1, 1),
(397, 'Gilet en essence de feu', 88, 0, 0, 2, 0, 1, 1),
(398, 'Marteau en titane', 13, 0, 0, 8, 0, 2, 1),
(399, 'Masse', 53, 0, 0, 0, 0, 2, 1),
(400, 'Marteau léger', 82, 0, 0, 0, 4, 2, 1),
(401, 'Haubert en essence de feu', 2, 4, 0, 0, 0, 1, 1),
(402, 'Marteau en écailles', 11, 0, 7, 0, 0, 2, 1),
(403, 'Tunique en écailles', 49, 0, 4, 0, 0, 1, 1),
(404, 'Tunique en essence de feu', 29, 7, 0, 0, 0, 1, 1),
(405, 'Marteau en écailles de dragon', 19, 3, 0, 0, 0, 2, 1),
(406, 'Haubert en gangrefer', 40, 0, 0, 0, 2, 1, 1),
(407, 'Hache à deux mains', 88, 6, 0, 0, 0, 2, 1),
(408, 'Gilet en pierre d\'âme', 39, 0, 0, 0, 6, 1, 1),
(409, 'Plastron en pierre d\'âme', 87, 0, 1, 0, 0, 1, 1),
(410, 'Tunique en essence de l\'ombre', 84, 0, 0, 0, 5, 1, 1),
(411, 'Épée de glace', 85, 0, 0, 0, 5, 2, 1),
(412, 'Haubert en essence de feu', 57, 5, 0, 0, 0, 1, 1),
(413, 'Haubert en cristal chantant', 22, 0, 0, 0, 0, 1, 1),
(414, 'Gilet en essence de nature', 31, 0, 1, 0, 0, 1, 1),
(415, 'Haubert en bois ancestral', 39, 0, 5, 0, 0, 1, 1),
(416, 'Épée de jade', 89, 0, 0, 9, 0, 2, 1),
(417, 'Épée en kyparite', 55, 0, 0, 0, 0, 2, 1),
(418, 'Gilet en essence de l\'ombre', 25, 2, 0, 0, 0, 1, 1),
(419, 'Épée en ivoire', 26, 0, 0, 1, 0, 2, 1),
(420, 'Gilet en écailles', 31, 0, 4, 0, 0, 1, 1),
(421, 'Guisarme', 61, 0, 0, 6, 0, 2, 1),
(422, 'Plastron en essence de feu', 90, 0, 0, 0, 0, 1, 1),
(423, 'Baguette magique', 85, 2, 0, 0, 0, 2, 1),
(424, 'Épée bâtarde', 35, 0, 0, 0, 0, 2, 1),
(425, 'Haubert en pierre runique', 64, 0, 3, 0, 0, 1, 1),
(426, 'Hache barbelée', 97, 0, 0, 0, 0, 2, 1),
(427, 'Marteau en bois ancestral', 87, 0, 0, 0, 0, 2, 1),
(428, 'Épée en os spirituel', 39, 0, 0, 0, 0, 2, 1),
(429, 'Épée en acier de l\'aube', 6, 5, 0, 0, 0, 2, 1),
(430, 'Marteau à pointes', 44, 6, 0, 0, 0, 2, 1),
(431, 'Gilet en gangrefer', 34, 0, 0, 4, 0, 1, 1),
(432, 'Gilet en corne', 32, 0, 1, 0, 0, 1, 1),
(433, 'Gilet en gangracier énergisé', 54, 0, 0, 10, 0, 1, 1),
(434, 'Hache en thorium', 54, 0, 0, 0, 0, 2, 1),
(435, 'Plastron en os', 99, 0, 0, 0, 1, 1, 1),
(436, 'Fléau', 34, 0, 0, 0, 2, 2, 1),
(437, 'Épée en acier de l\'aube', 14, 0, 0, 0, 0, 2, 1),
(438, 'Cimeterre', 34, 0, 0, 0, 0, 2, 1),
(439, 'Tunique en gangracier énergisé', 37, 0, 0, 0, 0, 1, 1),
(440, 'Fléau', 18, 3, 0, 0, 0, 2, 1),
(441, 'Cuirasse en plaques', 42, 0, 0, 0, 1, 1, 1),
(442, 'Targe', 67, 0, 0, 0, 0, 2, 1),
(443, 'Épée en tissu', 17, 0, 0, 0, 0, 2, 1),
(444, 'Pourpoint en tissu', 70, 5, 0, 0, 0, 1, 1),
(445, 'Marteau en mailles', 41, 0, 0, 0, 0, 2, 1),
(446, 'Épée courte', 16, 0, 0, 0, 3, 2, 1),
(447, 'Épée bâtarde', 80, 0, 0, 0, 9, 2, 1),
(448, 'Épée en os spirituel', 97, 0, 0, 0, 0, 2, 1),
(449, 'Marteau en mailles', 46, 0, 0, 3, 0, 2, 1),
(450, 'Haubert en verre de silice', 65, 0, 0, 0, 0, 1, 1),
(451, 'Tunique en verre de silice', 95, 0, 0, 0, 0, 1, 1),
(452, 'Plastron en bois ancestral', 84, 0, 3, 0, 0, 1, 1),
(453, 'Épée de jade', 34, 0, 1, 0, 0, 2, 1),
(454, 'Marteau en cristal chantant', 22, 0, 0, 9, 0, 2, 1),
(455, 'Épée en or', 15, 0, 0, 0, 2, 2, 1),
(456, 'Glaive', 93, 0, 0, 0, 1, 2, 1),
(457, 'Marteau en corne', 75, 0, 0, 0, 2, 2, 1),
(458, 'Cimeterre', 39, 0, 0, 0, 8, 2, 1),
(459, 'Plastron en essence de l\'eau', 34, 0, 0, 0, 6, 1, 1),
(460, 'Épée en or', 75, 0, 0, 0, 7, 2, 1),
(461, 'Plastron en essence de l\'eau', 40, 0, 0, 0, 0, 1, 1),
(462, 'Haubert en essence de l\'ombre', 51, 0, 0, 1, 0, 1, 1),
(463, 'Hache de jet', 19, 0, 0, 0, 3, 2, 1),
(464, 'Couteau de chasse', 86, 0, 0, 0, 2, 2, 1),
(465, 'Tunique en essence de l\'eau', 51, 4, 0, 0, 0, 1, 1),
(466, 'Marteau en gangracier', 20, 0, 1, 0, 0, 2, 1),
(467, 'Guisarme', 95, 3, 0, 0, 0, 2, 1),
(468, 'Tunique en os', 27, 0, 6, 0, 0, 1, 1),
(469, 'Gilet en bois', 76, 5, 0, 0, 0, 1, 1),
(470, 'Marteau en mailles', 55, 0, 2, 0, 0, 2, 1),
(471, 'Épée en saronite', 4, 0, 0, 8, 0, 2, 1),
(472, 'Marteau de guerre', 25, 0, 0, 0, 0, 2, 1),
(473, 'Plastron en essence de nature', 26, 1, 0, 0, 0, 1, 1),
(474, 'Tunique en essence arcanique', 52, 0, 0, 0, 4, 1, 1),
(475, 'Plastron en os spirituel', 41, 0, 0, 5, 0, 1, 1),
(476, 'Haubert en essence de l\'ombre', 97, 7, 0, 0, 0, 1, 1),
(477, 'Épée en os spirituel', 42, 3, 0, 0, 0, 2, 1),
(478, 'Pistolet', 82, 0, 0, 0, 0, 2, 1),
(479, 'Tunique en essence de lumière', 46, 0, 0, 0, 0, 1, 1),
(480, 'Haubert en essence de glace', 13, 0, 0, 0, 8, 1, 1),
(481, 'Robe en tissu', 58, 1, 0, 0, 0, 1, 1),
(482, 'Plastron en cristal chantant', 84, 5, 0, 0, 0, 1, 1),
(483, 'Tunique en essence de l\'ombre', 73, 0, 3, 0, 0, 1, 1),
(484, 'Haubert en essence de terre', 68, 0, 0, 0, 0, 1, 1),
(485, 'Gilet en ambre', 67, 3, 0, 0, 0, 1, 1),
(486, 'Harnois en plaques', 19, 0, 0, 2, 0, 1, 1),
(487, 'Hache légère', 99, 0, 0, 0, 5, 2, 1),
(488, 'Haubert en acier foudroyant', 84, 0, 0, 0, 1, 1, 1),
(489, 'Épée en adamantite', 44, 0, 0, 0, 1, 2, 1),
(490, 'Tunique en os', 7, 2, 0, 0, 0, 1, 1),
(491, 'Épée en verre de silice', 77, 0, 2, 0, 0, 2, 1),
(492, 'Haubert en cristal chantant', 17, 0, 0, 0, 2, 1, 1),
(493, 'Tunique en trillium', 48, 0, 1, 0, 0, 1, 1),
(494, 'Pavois', 41, 2, 0, 0, 0, 2, 1),
(495, 'Plastron en corne', 46, 0, 0, 0, 7, 1, 1),
(496, 'Marteau en plaques', 94, 0, 0, 1, 0, 2, 1),
(497, 'Gilet en gangrebois', 44, 0, 0, 0, 4, 1, 1),
(498, 'Bâton de guerre', 9, 0, 2, 0, 0, 2, 1),
(499, 'Hache en cuir', 28, 0, 5, 0, 0, 2, 1),
(500, 'Tunique en verre de silice', 15, 0, 2, 0, 0, 1, 1),
(501, 'Marteau en coquillages', 15, 0, 2, 0, 0, 2, 1),
(502, 'Gilet en trillium', 3, 0, 1, 0, 0, 1, 1),
(503, 'Épée courte', 48, 0, 0, 1, 0, 2, 1),
(504, 'Marteau en corne', 79, 0, 0, 0, 1, 2, 1),
(505, 'Guisarme', 30, 0, 0, 1, 0, 2, 1),
(506, 'Lance', 55, 0, 0, 0, 8, 2, 1),
(507, 'Gilet en bois', 73, 0, 0, 0, 0, 1, 1),
(508, 'Épée de vent', 99, 2, 0, 0, 0, 2, 1),
(509, 'Hache de foudre', 21, 0, 0, 0, 0, 2, 1),
(510, 'Haubert en essence arcanique', 58, 0, 3, 0, 0, 1, 1),
(511, 'Épée de glace', 45, 0, 0, 1, 0, 2, 1),
(512, 'Plastron en pierre d\'âme', 90, 0, 0, 0, 0, 1, 1),
(513, 'Plastron en acier foudroyant', 88, 5, 0, 0, 0, 1, 1),
(514, 'Gilet en bois', 39, 0, 9, 0, 0, 1, 1),
(515, 'Marteau en acier foudroyant', 72, 0, 0, 0, 2, 2, 1),
(516, 'Haubert en acier foudroyant', 70, 0, 0, 2, 0, 1, 1),
(517, 'Tunique en cristal chantant', 66, 5, 0, 0, 0, 1, 1),
(518, 'Haubert en os', 76, 2, 0, 0, 0, 1, 1),
(519, 'Marteau en acier ébène', 20, 0, 7, 0, 0, 2, 1),
(520, 'Hache en cuivre', 24, 0, 0, 0, 0, 2, 1),
(521, 'Haubert en acier ébène', 97, 1, 0, 0, 0, 1, 1),
(522, 'Épée de jade', 98, 0, 0, 0, 0, 2, 1),
(523, 'Hache en essence de nature', 25, 10, 0, 0, 0, 2, 1),
(524, 'Bâton à deux mains', 9, 0, 0, 9, 0, 2, 1),
(525, 'Tunique en cuir', 28, 0, 0, 1, 0, 1, 1),
(526, 'Haubert en essence de l\'ombre', 48, 2, 0, 0, 0, 1, 1),
(527, 'Cuirasse en plaques', 15, 0, 0, 0, 0, 1, 1),
(528, 'Plastron en essence de lumière', 21, 0, 0, 0, 2, 1, 1),
(529, 'Épée en peau de démon', 88, 0, 3, 0, 0, 2, 1),
(530, 'Marteau de jet', 71, 0, 5, 0, 0, 2, 1),
(531, 'Baguette magique', 53, 0, 0, 0, 6, 2, 1),
(532, 'Gilet en bois ancestral', 58, 0, 0, 0, 0, 1, 1),
(533, 'Trident', 27, 0, 0, 0, 0, 2, 1),
(534, 'Marteau en bois ancestral', 33, 0, 0, 1, 0, 2, 1),
(535, 'Plastron en corne', 89, 0, 0, 0, 1, 1, 1),
(536, 'Épée en verre de silice', 75, 0, 0, 0, 6, 2, 1),
(537, 'Tunique en essence de lumière', 65, 3, 0, 0, 0, 1, 1),
(538, 'Épée en tissu', 82, 0, 0, 0, 1, 2, 1),
(539, 'Cuirasse en plaques', 26, 0, 7, 0, 0, 1, 1),
(540, 'Haubert en essence de nature', 55, 0, 0, 3, 0, 1, 1),
(541, 'Marteau en essence de terre', 60, 0, 0, 2, 0, 2, 1),
(542, 'Épée en pierre', 60, 0, 3, 0, 0, 2, 1),
(543, 'Épée en plumes', 88, 3, 0, 0, 0, 2, 1),
(544, 'Gilet en gangrebois', 97, 4, 0, 0, 0, 1, 1),
(545, 'Haubert en gangrefer', 98, 0, 0, 5, 0, 1, 1),
(546, 'Plastron en mailles', 51, 0, 0, 0, 5, 1, 1),
(547, 'Gilet en essence arcanique', 88, 0, 5, 0, 0, 1, 1),
(548, 'Trident', 42, 1, 0, 0, 0, 2, 1),
(549, 'Gilet en essence de nature', 21, 0, 0, 9, 0, 1, 1),
(550, 'Rapière', 59, 0, 0, 2, 0, 2, 1),
(551, 'Tunique en gangrebois', 67, 0, 0, 7, 0, 1, 1),
(552, 'Haubert en essence de feu', 5, 0, 0, 5, 0, 1, 1),
(553, 'Hallebarde', 21, 2, 0, 0, 0, 2, 1),
(554, 'Épée en or', 85, 6, 0, 0, 0, 2, 1),
(555, 'Hache en essence de nature', 6, 0, 0, 6, 0, 2, 1),
(556, 'Plastron en bois ancestral', 15, 0, 0, 0, 0, 1, 1),
(557, 'Plastron en essence de feu', 49, 0, 0, 0, 2, 1, 1),
(558, 'Hache de jet', 79, 0, 0, 0, 0, 2, 1),
(559, 'Épée en gangracier énergisé', 91, 0, 0, 0, 0, 2, 1),
(560, 'Hache barbelée', 19, 5, 0, 0, 0, 2, 1),
(561, 'Plastron en bois', 27, 0, 4, 0, 0, 1, 1),
(562, 'Épée longue', 23, 0, 0, 1, 0, 2, 1),
(563, 'Tunique en gangrefer', 74, 0, 0, 9, 0, 1, 1),
(564, 'Haubert en pierre runique', 92, 0, 0, 0, 0, 1, 1),
(565, 'Tunique en cristal chantant', 19, 0, 0, 1, 0, 1, 1),
(566, 'Hache en verre', 44, 0, 0, 2, 0, 2, 1),
(567, 'Tunique en essence de l\'eau', 31, 0, 1, 0, 0, 1, 1),
(568, 'Épée courte', 20, 0, 0, 0, 0, 2, 1),
(569, 'Marteau en cristal chantant', 48, 0, 4, 0, 0, 2, 1),
(570, 'Plastron en gangrebois', 100, 8, 0, 0, 0, 1, 1),
(571, 'Gilet en cristal chantant', 67, 0, 0, 5, 0, 1, 1),
(572, 'Hache en griffes', 53, 0, 0, 7, 0, 2, 1),
(573, 'Marteau en essence de l\'ombre', 11, 0, 0, 0, 5, 2, 1),
(574, 'Carabine', 40, 0, 3, 0, 0, 2, 1),
(575, 'Marteau à pointes', 85, 0, 0, 3, 0, 2, 1),
(576, 'Hache en cuivre', 71, 0, 0, 6, 0, 2, 1),
(577, 'Tunique en acier de l\'aube', 32, 0, 0, 0, 4, 1, 1),
(578, 'Marteau enflammé', 27, 7, 0, 0, 0, 2, 1),
(579, 'Cimeterre', 50, 0, 0, 0, 6, 2, 1),
(580, 'Hache de foudre', 52, 0, 0, 0, 0, 2, 1),
(581, 'Plastron en corne', 89, 0, 0, 6, 0, 1, 1),
(582, 'Pique', 81, 2, 0, 0, 0, 2, 1),
(583, 'Tunique en écailles', 3, 0, 0, 0, 3, 1, 1),
(584, 'Gilet en pierre runique', 90, 0, 0, 0, 1, 1, 1),
(585, 'Plastron en gangracier énergisé', 13, 0, 0, 0, 0, 1, 1),
(586, 'Plastron en essence arcanique', 5, 0, 0, 0, 0, 1, 1),
(587, 'Hache à croissant', 13, 0, 6, 0, 0, 2, 1),
(588, 'Marteau en mailles', 90, 0, 4, 0, 0, 2, 1),
(589, 'Plastron en ivoire', 97, 0, 2, 0, 0, 1, 1),
(590, 'Hache en essence de nature', 98, 1, 0, 0, 0, 2, 1),
(591, 'Arbalète lourde', 30, 4, 0, 0, 0, 2, 1),
(592, 'Masse à deux mains', 70, 0, 0, 1, 0, 2, 1),
(593, 'Plastron en ambre', 81, 1, 0, 0, 0, 1, 1),
(594, 'Plastron en acier foudroyant', 21, 0, 0, 3, 0, 1, 1),
(595, 'Gilet en essence de glace', 65, 0, 6, 0, 0, 1, 1),
(596, 'Glaive', 8, 0, 2, 0, 0, 2, 1),
(597, 'Gilet en verre de silice', 56, 0, 0, 0, 0, 1, 1),
(598, 'Tunique en acier foudroyant', 54, 0, 2, 0, 0, 1, 1),
(599, 'Faux', 31, 0, 0, 0, 0, 2, 1),
(600, 'Hache en gangrebois', 22, 0, 3, 0, 0, 2, 1),
(601, 'Pavois', 10, 11, 0, 4, 0, 2, 2),
(602, 'Marteau en essence de feu', 45, 12, 12, 0, 0, 2, 2),
(603, 'Tunique en acier ébène', 45, 0, 3, 0, 0, 1, 2),
(604, 'Tunique en ivoire', 15, 14, 0, 0, 0, 1, 2),
(605, 'Arc composite', 25, 18, 0, 0, 5, 2, 2),
(606, 'Hache en essence de nature', 21, 0, 15, 0, 0, 2, 2),
(607, 'Tunique en essence de l\'ombre', 15, 0, 0, 0, 10, 1, 2),
(608, 'Marteau en plaques', 33, 0, 11, 0, 5, 2, 2),
(609, 'Épée en acier', 21, 0, 0, 12, 13, 2, 2),
(610, 'Plastron en essence de l\'ombre', 35, 7, 0, 0, 0, 1, 2),
(611, 'Plastron en mailles', 23, 2, 0, 0, 0, 1, 2),
(612, 'Épée longue', 4, 3, 0, 0, 0, 2, 2),
(613, 'Gilet en essence de nature', 17, 0, 0, 12, 0, 1, 2),
(614, 'Marteau en gemmes', 12, 18, 0, 7, 0, 2, 2),
(615, 'Arc long', 29, 0, 0, 0, 12, 2, 2),
(616, 'Tunique en ivoire', 22, 0, 0, 2, 0, 1, 2),
(617, 'Haubert en essence de terre', 48, 16, 0, 0, 0, 1, 2),
(618, 'Marteau en essence de feu', 18, 0, 15, 0, 0, 2, 2),
(619, 'Marteau de cristal', 2, 0, 7, 0, 0, 2, 2),
(620, 'Marteau en gangracier', 24, 0, 11, 0, 0, 2, 2),
(621, 'Hache en essence arcanique', 24, 0, 8, 0, 0, 2, 2),
(622, 'Haubert en kyparite', 10, 0, 4, 0, 0, 1, 2),
(623, 'Marteau en écailles', 49, 0, 6, 0, 0, 2, 2),
(624, 'Gilet en os spirituel', 7, 0, 0, 0, 14, 1, 2),
(625, 'Robe en tissu', 24, 0, 0, 12, 0, 1, 2),
(626, 'Épée à deux mains', 1, 0, 0, 1, 0, 2, 2),
(627, 'Sceptre', 7, 0, 0, 0, 8, 2, 2),
(628, 'Dague de lancer', 11, 0, 4, 0, 0, 2, 2),
(629, 'Baguette magique', 17, 0, 0, 0, 0, 2, 2),
(630, 'Haubert en gangracier énergisé', 26, 0, 0, 4, 0, 1, 2),
(631, 'Gilet en pierre runique', 31, 0, 2, 15, 0, 1, 2),
(632, 'Haubert en essence de l\'ombre', 24, 5, 0, 14, 0, 1, 2),
(633, 'Marteau en élémentium', 11, 3, 0, 0, 0, 2, 2),
(634, 'Hache en pierre runique', 18, 17, 0, 0, 0, 2, 2),
(635, 'Arc long', 37, 0, 0, 0, 10, 2, 2),
(636, 'Hache en essence de l\'eau', 28, 0, 0, 11, 4, 2, 2),
(637, 'Tunique en acier foudroyant', 46, 0, 3, 14, 0, 1, 2),
(638, 'Hache légère', 42, 0, 4, 13, 0, 2, 2),
(639, 'Hache en essence arcanique', 49, 0, 0, 3, 0, 2, 2),
(640, 'Fléau', 36, 14, 3, 0, 0, 2, 2),
(641, 'Gilet en bois', 41, 0, 0, 0, 2, 1, 2),
(642, 'Gilet en corne', 48, 0, 0, 7, 0, 1, 2),
(643, 'Épée de jade', 1, 0, 0, 0, 0, 2, 2),
(644, 'Haubert en essence de lumière', 33, 11, 0, 4, 0, 1, 2),
(645, 'Gilet en acier foudroyant', 42, 0, 9, 0, 12, 1, 2),
(646, 'Marteau de jet', 1, 0, 11, 9, 0, 2, 2),
(647, 'Haubert en acier ébène', 17, 0, 0, 0, 11, 1, 2),
(648, 'Tunique en ambre', 26, 17, 0, 0, 0, 1, 2),
(649, 'Plastron en essence de terre', 49, 0, 0, 0, 19, 1, 2),
(650, 'Gilet en trillium', 50, 0, 10, 12, 0, 1, 2),
(651, 'Faux', 25, 18, 0, 10, 0, 2, 2),
(652, 'Hache en vrai-argent', 22, 0, 13, 0, 0, 2, 2),
(653, 'Gilet en kyparite', 11, 0, 0, 0, 13, 1, 2),
(654, 'Épée en peau de démon', 17, 18, 5, 0, 0, 2, 2),
(655, 'Gilet en corne', 20, 1, 0, 0, 0, 1, 2),
(656, 'Marteau en écailles', 46, 0, 16, 0, 0, 2, 2),
(657, 'Haubert en essence de lumière', 13, 5, 0, 12, 0, 1, 2),
(658, 'Plastron en os spirituel', 31, 11, 2, 0, 0, 1, 2),
(659, 'Marteau en cristal chantant', 8, 0, 0, 5, 16, 2, 2),
(660, 'Hache en griffes', 30, 2, 0, 13, 0, 2, 2),
(661, 'Gilet en ivoire', 46, 0, 9, 11, 0, 1, 2),
(662, 'Plastron en ambre', 1, 0, 5, 0, 0, 1, 2),
(663, 'Hache en gangrebois', 49, 0, 0, 8, 11, 2, 2),
(664, 'Gilet en acier ébène', 44, 0, 0, 11, 15, 1, 2),
(665, 'Bâton de guerre', 30, 16, 0, 11, 0, 2, 2),
(666, 'Épée longue', 44, 0, 0, 0, 13, 2, 2),
(667, 'Plastron en gangrebois', 30, 0, 10, 0, 0, 1, 2),
(668, 'Gilet en essence arcanique', 27, 0, 0, 11, 0, 1, 2),
(669, 'Bouclier', 48, 0, 12, 0, 5, 2, 2),
(670, 'Haubert en gangrefer', 48, 0, 0, 12, 0, 1, 2),
(671, 'Bâton de guerre', 10, 0, 0, 0, 11, 2, 2),
(672, 'Arbalète lourde', 44, 0, 1, 0, 0, 2, 2),
(673, 'Tunique en ambre', 18, 0, 0, 5, 15, 1, 2),
(674, 'Marteau en acier ébène', 21, 0, 0, 12, 4, 2, 2),
(675, 'Plastron en cuir', 20, 0, 0, 7, 13, 1, 2),
(676, 'Bâton à deux mains', 31, 0, 0, 0, 3, 2, 2),
(677, 'Plastron en pierre runique', 8, 0, 11, 9, 0, 1, 2),
(678, 'Marteau en coquillages', 33, 0, 14, 0, 0, 2, 2),
(679, 'Tunique en écailles', 9, 0, 0, 0, 4, 1, 2),
(680, 'Hache en vrai-argent', 44, 0, 14, 12, 0, 2, 2),
(681, 'Gilet en verre de silice', 6, 11, 0, 0, 0, 1, 2),
(682, 'Épée de glace', 11, 13, 0, 9, 0, 2, 2),
(683, 'Hache de jet', 6, 2, 0, 0, 0, 2, 2),
(684, 'Gilet en os', 50, 0, 0, 4, 0, 1, 2),
(685, 'Hache en essence arcanique', 41, 0, 8, 0, 0, 2, 2),
(686, 'Arbalète légère', 48, 14, 8, 0, 0, 2, 2),
(687, 'Plastron en acier ébène', 18, 8, 0, 18, 0, 1, 2),
(688, 'Hache en pierre runique', 22, 0, 0, 0, 16, 2, 2),
(689, 'Tunique en bois ancestral', 33, 9, 0, 0, 12, 1, 2),
(690, 'Cuirasse en plaques', 17, 4, 0, 0, 0, 1, 2),
(691, 'Harnois en plaques', 1, 11, 3, 0, 0, 1, 2),
(692, 'Marteau en os de géant', 44, 12, 0, 13, 0, 2, 2),
(693, 'Couteau de chasse', 43, 0, 0, 0, 2, 2, 2),
(694, 'Haubert en essence de nature', 2, 11, 0, 0, 0, 1, 2),
(695, 'Bâton de combat', 32, 0, 0, 10, 0, 2, 2),
(696, 'Épée de glace', 11, 0, 0, 0, 8, 2, 2),
(697, 'Haubert en mailles', 42, 14, 0, 0, 0, 1, 2),
(698, 'Marteau en gemmes', 19, 0, 0, 0, 10, 2, 2),
(699, 'Tunique en gangrefer', 20, 6, 0, 0, 0, 1, 2),
(700, 'Plastron en pierre d\'âme', 17, 0, 0, 0, 3, 1, 2),
(701, 'Haubert en bois', 31, 4, 0, 0, 0, 1, 2),
(702, 'Hache en essence de l\'eau', 22, 0, 0, 0, 10, 2, 2),
(703, 'Gilet en essence de feu', 3, 0, 16, 0, 4, 1, 2),
(704, 'Hache en corail', 48, 0, 19, 3, 0, 2, 2),
(705, 'Épée à deux mains', 21, 0, 12, 0, 0, 2, 2),
(706, 'Plastron en kyparite', 17, 0, 0, 0, 0, 1, 2),
(707, 'Épée en os spirituel', 7, 15, 0, 14, 0, 2, 2),
(708, 'Tunique en bois', 48, 2, 0, 0, 12, 1, 2),
(709, 'Tunique en gangrebois', 47, 12, 0, 8, 0, 1, 2),
(710, 'Bouclier', 48, 1, 13, 0, 0, 2, 2),
(711, 'Arbalète lourde', 18, 6, 0, 15, 0, 2, 2),
(712, 'Plastron en acier foudroyant', 10, 0, 14, 0, 9, 1, 2),
(713, 'Tunique en tissu', 8, 0, 14, 0, 14, 1, 2),
(714, 'Haubert en mailles', 38, 0, 9, 11, 0, 1, 2),
(715, 'Plastron en acier de l\'aube', 13, 0, 0, 0, 3, 1, 2),
(716, 'Tunique en bois', 44, 0, 0, 0, 9, 1, 2),
(717, 'Épée en kyparite', 40, 14, 0, 13, 0, 2, 2),
(718, 'Hache légère', 35, 0, 16, 0, 12, 2, 2),
(719, 'Hache en corail', 3, 0, 5, 12, 0, 2, 2),
(720, 'Bâton de guerre', 8, 0, 8, 14, 0, 2, 2),
(721, 'Marteau de jet', 33, 18, 4, 0, 0, 2, 2),
(722, 'Épée en ivoire', 50, 0, 11, 0, 0, 2, 2),
(723, 'Plastron en cristal chantant', 27, 0, 0, 0, 13, 1, 2),
(724, 'Gilet en gangracier énergisé', 9, 5, 0, 0, 18, 1, 2),
(725, 'Marteau enflammé', 43, 10, 0, 0, 12, 2, 2),
(726, 'Épée de jade', 25, 12, 0, 0, 14, 2, 2),
(727, 'Plastron en acier ébène', 26, 0, 0, 10, 11, 1, 2),
(728, 'Hache en corail', 23, 12, 0, 9, 0, 2, 2),
(729, 'Hache en pierre d\'âme', 19, 0, 0, 16, 5, 2, 2),
(730, 'Tunique en essence de feu', 7, 0, 0, 0, 3, 1, 2),
(731, 'Gilet en verre de silice', 25, 0, 11, 7, 0, 1, 2),
(732, 'Targe', 42, 11, 0, 0, 12, 2, 2),
(733, 'Épée en plumes', 13, 11, 0, 0, 5, 2, 2),
(734, 'Cuirasse en plaques', 15, 0, 0, 0, 0, 1, 2),
(735, 'Gilet en kyparite', 16, 0, 9, 0, 15, 1, 2),
(736, 'Plastron en écailles', 10, 18, 0, 3, 0, 1, 2),
(737, 'Hache en cuir', 38, 0, 17, 2, 0, 2, 2),
(738, 'Plastron en verre de silice', 4, 0, 0, 0, 15, 1, 2),
(739, 'Guisarme', 43, 16, 0, 0, 0, 2, 2),
(740, 'Pique', 21, 0, 14, 0, 3, 2, 2),
(741, 'Haubert en gangrefer', 4, 0, 0, 2, 0, 1, 2),
(742, 'Cimeterre', 39, 0, 0, 0, 4, 2, 2),
(743, 'Pavois', 12, 11, 0, 0, 0, 2, 2),
(744, 'Tunique en tissu', 10, 0, 0, 7, 0, 1, 2),
(745, 'Haubert en acier de l\'aube', 23, 0, 0, 7, 15, 1, 2),
(746, 'Marteau en acier foudroyant', 27, 14, 0, 0, 0, 2, 2),
(747, 'Gilet en tissu', 2, 0, 0, 4, 0, 1, 2),
(748, 'Tunique en mailles', 13, 4, 0, 0, 0, 1, 2),
(749, 'Hache en essence de nature', 36, 0, 0, 1, 16, 2, 2),
(750, 'Gilet en essence de terre', 9, 0, 15, 0, 0, 1, 2),
(751, 'Dague', 8, 0, 0, 0, 1, 2, 2),
(752, 'Épée en plumes', 45, 0, 0, 0, 2, 2, 2),
(753, 'Épée en verre de silice', 36, 11, 0, 0, 0, 2, 2),
(754, 'Tunique en écailles', 38, 1, 0, 0, 15, 1, 2),
(755, 'Carabine', 37, 0, 0, 0, 3, 2, 2),
(756, 'Arc composite', 33, 0, 0, 17, 0, 2, 2),
(757, 'Marteau de pierre', 32, 0, 11, 0, 0, 2, 2),
(758, 'Épée courte', 2, 0, 0, 11, 0, 2, 2),
(759, 'Épée de vent', 28, 0, 0, 13, 0, 2, 2),
(760, 'Plastron en gangrebois', 1, 0, 0, 1, 0, 1, 2),
(761, 'Marteau en gemmes', 31, 9, 0, 0, 0, 2, 2),
(762, 'Baguette sacrée', 2, 11, 0, 14, 0, 2, 2),
(763, 'Marteau en coquillages', 21, 17, 0, 0, 0, 2, 2),
(764, 'Marteau en plaques', 15, 0, 0, 0, 16, 2, 2),
(765, 'Tunique en kyparite', 17, 0, 0, 14, 11, 1, 2),
(766, 'Haubert en ivoire', 29, 0, 12, 0, 0, 1, 2),
(767, 'Tunique en écailles', 31, 0, 0, 17, 0, 1, 2),
(768, 'Tunique en kyparite', 7, 0, 12, 3, 0, 1, 2),
(769, 'Plastron en kyparite', 45, 12, 0, 0, 11, 1, 2),
(770, 'Gilet en mailles', 30, 11, 7, 0, 0, 1, 2),
(771, 'Haubert en essence de l\'ombre', 35, 14, 1, 0, 0, 1, 2),
(772, 'Hache en cobalt', 13, 0, 13, 0, 7, 2, 2),
(773, 'Marteau de cristal', 15, 0, 0, 0, 11, 2, 2),
(774, 'Hache en gangrefer', 27, 15, 0, 0, 5, 2, 2),
(775, 'Plastron en écailles', 16, 0, 9, 0, 14, 1, 2),
(776, 'Marteau en élémentium', 7, 0, 0, 14, 0, 2, 2),
(777, 'Hache en pierre d\'âme', 9, 0, 0, 12, 4, 2, 2),
(778, 'Hache en cuivre', 9, 12, 0, 0, 10, 2, 2),
(779, 'Haubert en acier de l\'aube', 10, 0, 0, 14, 3, 1, 2),
(780, 'Plastron en essence de lumière', 18, 0, 0, 11, 0, 1, 2),
(781, 'Gilet en acier ébène', 36, 0, 1, 15, 0, 1, 2),
(782, 'Gilet en trillium', 29, 0, 0, 0, 13, 1, 2),
(783, 'Marteau en cristal chantant', 15, 0, 0, 0, 6, 2, 2),
(784, 'Épée en bois', 25, 0, 8, 0, 0, 2, 2),
(785, 'Plastron en essence de nature', 45, 0, 12, 1, 0, 1, 2),
(786, 'Plastron en gangrebois', 3, 0, 0, 0, 14, 1, 2),
(787, 'Tunique en bois ancestral', 32, 1, 0, 0, 19, 1, 2),
(788, 'Hache barbelée', 28, 0, 6, 0, 12, 2, 2),
(789, 'Plastron en gangrefer', 14, 0, 4, 0, 0, 1, 2),
(790, 'Épée en plumes', 19, 13, 0, 20, 0, 2, 2),
(791, 'Hache en gangrebois', 39, 0, 0, 5, 0, 2, 2),
(792, 'Pistolet', 46, 15, 0, 0, 0, 2, 2),
(793, 'Glaive', 2, 0, 0, 0, 19, 2, 2),
(794, 'Épée de jade', 13, 1, 0, 0, 13, 2, 2),
(795, 'Hache en essence de nature', 33, 0, 0, 8, 17, 2, 2),
(796, 'Arbalète légère', 8, 0, 0, 0, 13, 2, 2),
(797, 'Épée en kyparite', 44, 0, 0, 1, 11, 2, 2),
(798, 'Plastron en essence de nature', 9, 0, 0, 11, 0, 1, 2),
(799, 'Épée longue', 41, 2, 0, 0, 14, 2, 2),
(800, 'Hache en pierre d\'âme', 18, 0, 0, 12, 7, 2, 2),
(801, 'Cimeterre', 5, 0, 0, 14, 10, 2, 3),
(802, 'Marteau de pierre', 12, 0, 29, 0, 20, 2, 3),
(803, 'Plastron en gangrefer', 9, 0, 4, 0, 0, 1, 3),
(804, 'Bâton', 12, 6, 25, 20, 0, 2, 3),
(805, 'Tunique en tissu', 4, 8, 0, 0, 23, 1, 3),
(806, 'Marteau en os de géant', 20, 9, 23, 0, 10, 2, 3),
(807, 'Plastron en os spirituel', 15, 0, 2, 15, 0, 1, 3),
(808, 'Hache en gangrefer', 6, 0, 4, 4, 0, 2, 3),
(809, 'Épée en bois', 14, 0, 21, 0, 17, 2, 3),
(810, 'Plastron en corne', 13, 0, 0, 5, 4, 1, 3),
(811, 'Plastron en gangrefer', 13, 0, 9, 25, 0, 1, 3),
(812, 'Hache en essence arcanique', 16, 8, 0, 0, 24, 2, 3),
(813, 'Tunique en ivoire', 11, 0, 10, 8, 0, 1, 3),
(814, 'Haubert en bois', 20, 7, 8, 28, 0, 1, 3),
(815, 'Épée flamboyante', 18, 2, 0, 0, 29, 2, 3),
(816, 'Marteau en bronze', 17, 0, 0, 14, 0, 2, 3),
(817, 'Gilet en ambre', 14, 0, 7, 25, 0, 1, 3),
(818, 'Épée en verre de silice', 4, 1, 0, 22, 6, 2, 3),
(819, 'Épée en saronite', 12, 9, 0, 0, 0, 2, 3),
(820, 'Haubert en pierre d\'âme', 4, 11, 0, 0, 0, 1, 3),
(821, 'Hache en cobalt', 3, 8, 0, 4, 0, 2, 3),
(822, 'Gilet en pierre runique', 13, 0, 0, 3, 7, 1, 3),
(823, 'Plastron en trillium', 14, 4, 0, 0, 0, 1, 3),
(824, 'Hache en trillium', 1, 0, 15, 0, 2, 2, 3),
(825, 'Tunique en acier ébène', 12, 0, 0, 12, 0, 1, 3),
(826, 'Épée en acier de l\'aube', 19, 0, 0, 4, 0, 2, 3),
(827, 'Gilet en essence de lumière', 11, 0, 15, 0, 23, 1, 3),
(828, 'Hache en griffes', 2, 0, 0, 12, 0, 2, 3),
(829, 'Épée en acier de l\'aube', 17, 0, 3, 0, 5, 2, 3),
(830, 'Épée en or', 1, 0, 0, 23, 9, 2, 3),
(831, 'Marteau en essence de terre', 12, 0, 0, 0, 21, 2, 3),
(832, 'Haubert en écailles', 14, 28, 0, 0, 0, 1, 3),
(833, 'Gilet en gangracier énergisé', 6, 0, 0, 21, 13, 1, 3),
(834, 'Plastron en plaques', 3, 14, 0, 0, 0, 1, 3),
(835, 'Haubert en ivoire', 14, 3, 8, 23, 0, 1, 3),
(836, 'Gilet en gangrebois', 18, 5, 0, 7, 0, 1, 3),
(837, 'Épée runique', 1, 0, 28, 0, 19, 2, 3),
(838, 'Faux', 15, 5, 0, 0, 7, 2, 3),
(839, 'Marteau de cristal', 13, 3, 7, 0, 0, 2, 3),
(840, 'Tunique en acier de l\'aube', 9, 2, 23, 5, 0, 1, 3),
(841, 'Hache en thorium', 1, 0, 0, 6, 0, 2, 3),
(842, 'Épée en plumes', 17, 22, 0, 0, 12, 2, 3),
(843, 'Marteau en acier foudroyant', 4, 0, 5, 22, 0, 2, 3),
(844, 'Plastron en essence de glace', 13, 22, 0, 2, 1, 1, 3),
(845, 'Haubert en essence de lumière', 16, 6, 0, 0, 0, 1, 3),
(846, 'Marteau en plaques', 14, 3, 0, 7, 0, 2, 3),
(847, 'Dague de lancer', 9, 2, 0, 21, 25, 2, 3),
(848, 'Épée en acier de l\'aube', 7, 10, 0, 10, 0, 2, 3),
(849, 'Plastron en mailles', 19, 11, 26, 0, 0, 1, 3),
(850, 'Plastron en gangracier énergisé', 20, 1, 28, 0, 0, 1, 3),
(851, 'Faux', 11, 0, 0, 0, 2, 2, 3),
(852, 'Gilet en mailles', 4, 0, 8, 8, 0, 1, 3),
(853, 'Haubert en essence de l\'ombre', 4, 6, 0, 21, 0, 1, 3),
(854, 'Hache de lancer', 1, 10, 22, 4, 0, 2, 3),
(855, 'Baguette magique', 4, 27, 3, 5, 0, 2, 3),
(856, 'Tunique en gangrebois', 1, 17, 0, 0, 21, 1, 3),
(857, 'Plastron en essence de terre', 16, 6, 0, 0, 0, 1, 3),
(858, 'Épée en kyparite', 8, 15, 0, 0, 10, 2, 3),
(859, 'Épée à deux mains', 7, 0, 2, 0, 0, 2, 3),
(860, 'Hache de lancer', 9, 0, 0, 21, 28, 2, 3),
(861, 'Baguette magique', 17, 0, 9, 0, 1, 2, 3),
(862, 'Marteau en plaques', 3, 0, 7, 0, 3, 2, 3),
(863, 'Targe', 3, 7, 22, 13, 0, 2, 3),
(864, 'Baguette magique', 10, 6, 26, 0, 0, 2, 3),
(865, 'Hache d\'armes', 3, 0, 0, 0, 22, 2, 3),
(866, 'Plastron en pierre d\'âme', 17, 0, 11, 26, 7, 1, 3),
(867, 'Plastron en ambre', 18, 10, 0, 0, 0, 1, 3),
(868, 'Plastron en trillium', 17, 0, 0, 2, 7, 1, 3),
(869, 'Plastron en acier foudroyant', 9, 5, 0, 24, 8, 1, 3),
(870, 'Haubert en acier ébène', 16, 12, 25, 0, 0, 1, 3),
(871, 'Hache en essence de l\'eau', 11, 0, 18, 23, 0, 2, 3),
(872, 'Marteau en cristal chantant', 14, 0, 0, 25, 0, 2, 3),
(873, 'Arbalète lourde', 13, 2, 0, 28, 0, 2, 3),
(874, 'Hache en thorium', 15, 0, 0, 3, 10, 2, 3),
(875, 'Plastron en essence de feu', 19, 22, 0, 10, 0, 1, 3),
(876, 'Haubert en bois', 14, 0, 0, 19, 0, 1, 3),
(877, 'Hache en gangrefer', 2, 23, 0, 1, 1, 2, 3),
(878, 'Plastron en pierre runique', 7, 0, 11, 0, 4, 1, 3),
(879, 'Gilet en pierre d\'âme', 8, 0, 21, 0, 2, 1, 3),
(880, 'Marteau en titane', 14, 0, 0, 17, 21, 2, 3),
(881, 'Hache en verre', 19, 6, 2, 0, 0, 2, 3),
(882, 'Marteau en bronze', 20, 0, 16, 21, 0, 2, 3),
(883, 'Plastron en os', 4, 7, 0, 0, 0, 1, 3),
(884, 'Gilet en essence de feu', 11, 22, 0, 5, 11, 1, 3),
(885, 'Hache barbelée', 9, 0, 10, 0, 7, 2, 3),
(886, 'Gilet en essence de lumière', 3, 0, 9, 28, 0, 1, 3),
(887, 'Gilet en essence de l\'eau', 9, 0, 10, 0, 0, 1, 3),
(888, 'Tunique en acier foudroyant', 10, 24, 0, 0, 0, 1, 3),
(889, 'Haubert en essence de l\'ombre', 18, 20, 0, 24, 0, 1, 3),
(890, 'Marteau en titane', 19, 0, 25, 9, 0, 2, 3),
(891, 'Marteau en élémentium', 7, 5, 0, 0, 0, 2, 3),
(892, 'Haubert en ivoire', 10, 1, 25, 0, 4, 1, 3),
(893, 'Épée en peau de démon', 16, 0, 0, 0, 4, 2, 3),
(894, 'Épée en saronite', 8, 0, 8, 0, 4, 2, 3),
(895, 'Épée flamboyante', 14, 5, 0, 0, 0, 2, 3),
(896, 'Pique', 17, 12, 1, 25, 0, 2, 3),
(897, 'Hache de jet', 15, 2, 0, 0, 4, 2, 3),
(898, 'Marteau en écailles', 11, 0, 8, 0, 0, 2, 3),
(899, 'Marteau en os de géant', 15, 0, 2, 0, 2, 2, 3),
(900, 'Épée de glace', 7, 12, 0, 16, 0, 2, 3),
(901, 'Tunique en essence de terre', 3, 0, 0, 0, 23, 1, 5),
(902, 'Haubert en ivoire', 7, 0, 0, 41, 0, 1, 5),
(903, 'Tunique en essence de lumière', 10, 0, 0, 45, 0, 1, 5),
(904, 'Plastron en cuir', 6, 0, 36, 0, 65, 1, 5),
(905, 'Lance', 3, 0, 45, 45, 52, 2, 5),
(906, 'Haubert en essence de l\'eau', 10, 0, 30, 81, 44, 1, 5),
(907, 'Gilet en acier foudroyant', 7, 0, 0, 0, 41, 1, 5),
(908, 'Épée longue', 2, 0, 84, 0, 43, 2, 5),
(909, 'Hache en gangrefer', 5, 49, 39, 0, 58, 2, 5),
(910, 'Tunique en ambre', 10, 21, 69, 43, 31, 1, 5),
(911, 'Épée en essence de lumière', 8, 0, 63, 23, 44, 2, 5),
(912, 'Marteau en essence de terre', 1, 0, 0, 65, 41, 2, 5),
(913, 'Épée en kyparite', 2, 43, 34, 0, 0, 2, 5),
(914, 'Gilet en cuir', 8, 28, 0, 0, 49, 1, 5),
(915, 'Gilet en essence de glace', 6, 0, 45, 0, 67, 1, 5),
(916, 'Hache en thorium', 8, 0, 0, 41, 0, 2, 5),
(917, 'Dague de lancer', 1, 55, 0, 45, 47, 2, 5),
(918, 'Hache de jet', 5, 22, 44, 54, 42, 2, 5),
(919, 'Haubert en essence de lumière', 8, 49, 0, 45, 0, 1, 5),
(920, 'Marteau de pierre', 7, 42, 0, 0, 42, 2, 5),
(921, 'Tunique en cuir', 2, 45, 0, 41, 0, 1, 5),
(922, 'Cimeterre', 5, 0, 45, 33, 0, 2, 5),
(923, 'Plastron en kyparite', 5, 35, 79, 0, 39, 1, 5),
(924, 'Tunique en ambre', 7, 0, 39, 23, 46, 1, 5),
(925, 'Hache en gangrebois', 10, 48, 0, 0, 24, 2, 5),
(926, 'Haubert en essence de feu', 6, 44, 0, 65, 0, 1, 5),
(927, 'Gilet en gangrebois', 8, 57, 33, 41, 0, 1, 5),
(928, 'Hache légère', 8, 0, 0, 34, 47, 2, 5),
(929, 'Bouclier', 5, 41, 40, 0, 0, 2, 5),
(930, 'Gilet en ambre', 10, 0, 22, 0, 43, 1, 5),
(931, 'Marteau en élémentium', 3, 0, 46, 67, 32, 2, 5),
(932, 'Gilet en kyparite', 6, 0, 31, 36, 0, 1, 5),
(933, 'Gilet en cristal chantant', 8, 38, 47, 0, 41, 1, 5),
(934, 'Marteau en bronze', 2, 0, 41, 0, 28, 2, 5),
(935, 'Plastron en cuir', 4, 0, 33, 79, 48, 1, 5),
(936, 'Hache en os', 8, 42, 0, 32, 0, 2, 5),
(937, 'Haubert en cuir', 4, 48, 0, 88, 0, 1, 5),
(938, 'Cuirasse en plaques', 8, 41, 70, 32, 0, 1, 5),
(939, 'Tunique en pierre runique', 5, 41, 42, 60, 0, 1, 5),
(940, 'Épée en verre de silice', 3, 41, 35, 54, 31, 2, 5),
(941, 'Carabine', 2, 32, 0, 43, 43, 2, 5),
(942, 'Haubert en acier foudroyant', 6, 42, 24, 43, 0, 1, 5),
(943, 'Guisarme', 7, 42, 95, 0, 0, 2, 5),
(944, 'Épée en kyparite', 4, 0, 67, 25, 41, 2, 5),
(945, 'Faux', 7, 48, 41, 0, 0, 2, 5),
(946, 'Tunique en mailles', 2, 44, 0, 45, 89, 1, 5),
(947, 'Gilet en essence de lumière', 6, 41, 55, 48, 31, 1, 5),
(948, 'Tunique en verre de silice', 1, 88, 0, 0, 43, 1, 5),
(949, 'Plastron en trillium', 7, 61, 48, 44, 37, 1, 5),
(950, 'Marteau enflammé', 8, 70, 25, 0, 46, 2, 5);

-- --------------------------------------------------------

--
-- Table structure for table `itemcategory`
--

DROP TABLE IF EXISTS `itemcategory`;
CREATE TABLE IF NOT EXISTS `itemcategory` (
  `itemCategory_id` int(11) NOT NULL AUTO_INCREMENT,
  `label` varchar(45) DEFAULT NULL,
  PRIMARY KEY (`itemCategory_id`)
) ENGINE=InnoDB AUTO_INCREMENT=4 DEFAULT CHARSET=utf8mb4;

--
-- Dumping data for table `itemcategory`
--

INSERT INTO `itemcategory` (`itemCategory_id`, `label`) VALUES
(1, 'Weapon'),
(2, 'Armor'),
(3, 'Jewel');

-- --------------------------------------------------------

--
-- Table structure for table `itemquality`
--

DROP TABLE IF EXISTS `itemquality`;
CREATE TABLE IF NOT EXISTS `itemquality` (
  `itemQuality_id` int(11) NOT NULL AUTO_INCREMENT,
  `label` varchar(45) DEFAULT NULL,
  PRIMARY KEY (`itemQuality_id`)
) ENGINE=InnoDB AUTO_INCREMENT=7 DEFAULT CHARSET=utf8mb4;

--
-- Dumping data for table `itemquality`
--

INSERT INTO `itemquality` (`itemQuality_id`, `label`) VALUES
(1, 'Uncommon'),
(2, 'Rare'),
(3, 'Epic'),
(4, 'Legendary'),
(5, 'Artifact'),
(6, 'Mythic');

-- --------------------------------------------------------

--
-- Table structure for table `mob`
--

DROP TABLE IF EXISTS `mob`;
CREATE TABLE IF NOT EXISTS `mob` (
  `mob_id` int(11) NOT NULL AUTO_INCREMENT,
  `name` varchar(45) DEFAULT NULL,
  `health` int(11) DEFAULT NULL,
  `rage` int(11) DEFAULT NULL,
  `mana` int(11) DEFAULT NULL,
  `isElite` tinyint(4) DEFAULT NULL,
  PRIMARY KEY (`mob_id`)
) ENGINE=InnoDB AUTO_INCREMENT=201 DEFAULT CHARSET=utf8mb4;

--
-- Dumping data for table `mob`
--

INSERT INTO `mob` (`mob_id`, `name`, `health`, `rage`, `mana`, `isElite`) VALUES
(1, 'Morlu Caster', 10, 68, 81, 0),
(2, 'Stranglethorn Tiger', 82, 24, 68, 0),
(3, 'Skeleton', 22, 56, 40, 1),
(4, 'Lacuni Warrior', 39, 44, 27, 0),
(5, 'Gurubashi Bat Rider', 15, 21, 92, 1),
(6, 'Black Drake', 97, 40, 51, 1),
(7, 'Lacuni Huntress', 66, 51, 68, 0),
(8, 'Fallen Overseer', 34, 48, 81, 1),
(9, 'Black Drake', 33, 15, 10, 0),
(10, 'Elder Shadowmaw Panther', 98, 64, 96, 1),
(11, 'Ghoul', 48, 75, 13, 1),
(12, 'Zombie', 39, 53, 24, 0),
(13, 'Dark Berserker', 51, 93, 70, 0),
(14, 'Moon Clan Shaman', 65, 80, 65, 0),
(15, 'Scarlet Missionary', 34, 93, 86, 1),
(16, 'Scarlet Missionary', 41, 89, 30, 1),
(17, 'Scarlet Missionary', 54, 75, 62, 1),
(18, 'Terror Demon', 81, 75, 78, 0),
(19, 'Executioner', 79, 23, 26, 0),
(20, 'Riverpaw Brute', 32, 92, 78, 1),
(21, 'Zombie', 64, 39, 47, 0),
(22, 'Boulderfist Enforcer', 90, 47, 34, 0),
(23, 'Rakanoth', 49, 33, 96, 1),
(24, 'Flesh Shaman', 42, 11, 54, 1),
(25, 'Dust Imp', 25, 5, 76, 1),
(26, 'Defias Bandit', 72, 56, 81, 1),
(27, 'Ghoul', 92, 51, 88, 0),
(28, 'Terror Demon', 77, 67, 8, 0),
(29, 'Ragnaros', 4, 79, 3, 0),
(30, 'Izual', 86, 2, 47, 0),
(31, 'Ragnaros', 42, 28, 44, 1),
(32, 'Rockworm', 38, 84, 72, 0),
(33, 'Leoric', 94, 1, 41, 1),
(34, 'Cydaea', 81, 38, 70, 1),
(35, 'Izual', 49, 97, 45, 0),
(36, 'Elder Shadowmaw Panther', 16, 6, 22, 0),
(37, 'Fallen Overseer', 54, 53, 7, 0),
(38, 'Dreadmaw Crocolisk', 98, 46, 24, 0),
(39, 'Sand Wasp', 26, 9, 80, 0),
(40, 'Urzael', 56, 66, 83, 1),
(41, 'Moon Clan Shaman', 21, 81, 4, 0),
(42, 'Spine Lasher', 3, 96, 46, 1),
(43, 'Executioner', 87, 22, 54, 0),
(44, 'Naga Explorer', 7, 82, 40, 1),
(45, 'Siegebreaker Assault Beast', 93, 6, 16, 1),
(46, 'Ancient Core Hound', 90, 70, 16, 0),
(47, 'Sand Wasp', 11, 1, 84, 0),
(48, 'Morlu Caster', 58, 41, 44, 0),
(49, 'Molten Destroyer', 30, 77, 51, 1),
(50, 'Zanzil Zombie', 50, 16, 96, 0),
(51, 'Dreadmaw Crocolisk', 31, 73, 26, 0),
(52, 'Succubus', 70, 22, 60, 0),
(53, 'Black Drake', 89, 16, 78, 0),
(54, 'Goblin', 34, 73, 73, 1),
(55, 'Lacuni Warrior', 87, 60, 51, 0),
(56, 'Lava Annihilator', 92, 86, 42, 0),
(57, 'Scarlet Warrior', 33, 39, 70, 1),
(58, 'Dark Berserker', 67, 88, 46, 0),
(59, 'Onyxia', 7, 6, 95, 0),
(60, 'Blazing Ghoul', 98, 18, 35, 0),
(61, 'Murloc', 39, 52, 94, 0),
(62, 'The Butcher', 27, 53, 15, 1),
(63, 'Brute', 98, 64, 34, 1),
(64, 'Ghom', 55, 71, 85, 1),
(65, 'Boulderfist Enforcer', 60, 3, 30, 1),
(66, 'Ragnaros', 91, 4, 94, 0),
(67, 'Ghom', 29, 7, 84, 1),
(68, 'Plague Carrier', 9, 30, 94, 1),
(69, 'Boulderfist Enforcer', 14, 32, 6, 0),
(70, 'Scarlet Warrior', 3, 41, 81, 0),
(71, 'Diablo', 17, 46, 67, 1),
(72, 'Skeleton', 56, 27, 50, 1),
(73, 'Ghom', 23, 99, 58, 1),
(74, 'Elder Shadowmaw Panther', 20, 7, 66, 0),
(75, 'Onyxia', 73, 63, 52, 1),
(76, 'Siegebreaker Assault Beast', 79, 21, 13, 0),
(77, 'Berserker Slave', 78, 34, 40, 1),
(78, 'Murloc', 70, 46, 63, 0),
(79, 'Executioner', 94, 71, 59, 1),
(80, 'Black Drake', 86, 59, 99, 1),
(81, 'Boulderfist Enforcer', 86, 17, 52, 0),
(82, 'Sand Wasp', 92, 95, 37, 0),
(83, 'Ghoul', 81, 84, 96, 0),
(84, 'Ghoul', 46, 99, 36, 0),
(85, 'Cydaea', 90, 18, 72, 0),
(86, 'Murloc', 76, 39, 32, 1),
(87, 'Blood Clan Warrior', 96, 73, 67, 0),
(88, 'Naga Explorer', 84, 61, 92, 0),
(89, 'Bloodscalp Mystic', 10, 59, 43, 0),
(90, 'Boulderfist Ogre', 9, 33, 42, 0),
(91, 'Lacuni Warrior', 11, 43, 3, 1),
(92, 'Scavenger', 30, 2, 30, 1),
(93, 'Harvest Golem', 92, 50, 65, 1),
(94, 'Leoric', 81, 92, 56, 0),
(95, 'Young Stranglethorn Tiger', 53, 46, 92, 1),
(96, 'Rockworm', 90, 95, 30, 1),
(97, 'Hogger', 79, 23, 53, 0),
(98, 'Izual', 3, 82, 22, 0),
(99, 'Leoric', 57, 1, 83, 1),
(100, 'Moon Clan Shaman', 48, 6, 36, 0),
(101, 'Savage Beast', 48, 9, 83, 0),
(102, 'Skeleton', 49, 50, 38, 0),
(103, 'Fallen Overseer', 54, 49, 82, 1),
(104, 'Ragnaros', 41, 73, 12, 0),
(105, 'Diablo', 6, 95, 12, 1),
(106, 'Boulderfist Enforcer', 60, 31, 88, 0),
(107, 'Skeletal Ranger', 30, 44, 40, 0),
(108, 'Azmodan', 34, 76, 82, 0),
(109, 'Flesh Shaman', 28, 90, 53, 1),
(110, 'Sand Wasp', 28, 33, 26, 1),
(111, 'Ghost', 87, 8, 75, 0),
(112, 'Dust Imp', 63, 19, 87, 1),
(113, 'Blazing Ghoul', 33, 46, 70, 0),
(114, 'Savage Beast', 3, 49, 53, 0),
(115, 'Harvest Golem', 2, 99, 81, 1),
(116, 'Snapjaw Crocolisk', 38, 24, 26, 0),
(117, 'Firelord', 47, 41, 57, 0),
(118, 'Stranglethorn Tiger', 83, 1, 63, 0),
(119, 'Naga Explorer', 87, 43, 38, 1),
(120, 'Urzael', 59, 28, 92, 1),
(121, 'Flesh Shaman', 66, 28, 63, 1),
(122, 'Gnoll', 6, 36, 11, 0),
(123, 'Flame Imp', 5, 50, 67, 1),
(124, 'Ancient Core Hound', 28, 74, 69, 1),
(125, 'Leoric', 73, 67, 48, 0),
(126, 'Defias Bandit', 48, 22, 66, 0),
(127, 'Succubus', 10, 97, 84, 1),
(128, 'Elder Shadowmaw Panther', 74, 18, 68, 1),
(129, 'Hell Witch', 93, 45, 26, 0),
(130, 'Riverpaw Brute', 19, 58, 14, 0),
(131, 'Firelord', 7, 6, 33, 1),
(132, 'Lacuni Warrior', 46, 14, 31, 0),
(133, 'Izual', 5, 80, 37, 1),
(134, 'Flame Imp', 51, 14, 35, 1),
(135, 'Scavenger', 14, 18, 53, 0),
(136, 'Gnoll', 34, 94, 7, 1),
(137, 'Firelord', 74, 46, 42, 0),
(138, 'Plague Carrier', 6, 90, 96, 0),
(139, 'Sand Wasp', 5, 50, 7, 1),
(140, 'Lacuni Warrior', 2, 23, 99, 0),
(141, 'Onyxia', 45, 92, 15, 0),
(142, 'Flesh Shaman', 86, 8, 74, 1),
(143, 'Urzael', 35, 72, 72, 0),
(144, 'Naga Explorer', 9, 62, 44, 0),
(145, 'Lacuni Warrior', 15, 87, 50, 1),
(146, 'Oppressor', 54, 35, 1, 1),
(147, 'Spine Lasher', 87, 94, 52, 0),
(148, 'Flesh Shaman', 74, 76, 73, 0),
(149, 'Morlu Caster', 56, 7, 50, 1),
(150, 'Belial', 17, 77, 82, 0),
(151, 'Skeleton', 68, 75, 71, 0),
(152, 'Blazing Ghoul', 70, 58, 31, 0),
(153, 'Firelord', 94, 18, 54, 1),
(154, 'Onyxia', 64, 79, 34, 0),
(155, 'Lava Annihilator', 21, 57, 31, 1),
(156, 'Snapjaw Crocolisk', 37, 5, 53, 1),
(157, 'Brute', 63, 44, 54, 0),
(158, 'Ragnaros', 40, 70, 76, 0),
(159, 'Diablo', 57, 3, 37, 1),
(160, 'Hell Witch', 67, 72, 43, 1),
(161, 'Zombie', 52, 79, 6, 0),
(162, 'Diablo', 98, 95, 21, 0),
(163, 'Boneslag the Berserker', 41, 35, 14, 1),
(164, 'Ghoul', 90, 32, 76, 0),
(165, 'Goblin', 54, 5, 77, 0),
(166, 'Black Drake', 73, 80, 34, 1),
(167, 'Dust Imp', 19, 96, 81, 1),
(168, 'Flame Imp', 32, 59, 37, 1),
(169, 'Snapjaw Crocolisk', 81, 12, 64, 0),
(170, 'Gnoll', 15, 68, 40, 1),
(171, 'Succubus', 48, 33, 28, 0),
(172, 'Izual', 44, 82, 60, 0),
(173, 'Flame Imp', 11, 45, 70, 0),
(174, 'Flesh Shaman', 70, 21, 7, 0),
(175, 'Terror Demon', 38, 65, 1, 1),
(176, 'Izual', 96, 26, 94, 0),
(177, 'Scarlet Warrior', 67, 35, 84, 0),
(178, 'Dust Imp', 22, 97, 70, 1),
(179, 'Goblin', 93, 72, 50, 0),
(180, 'Azmodan', 61, 9, 80, 1),
(181, 'Harvest Golem', 47, 54, 36, 1),
(182, 'Blood Clan Warrior', 3, 84, 76, 1),
(183, 'Lava Annihilator', 25, 50, 85, 1),
(184, 'Boulderfist Enforcer', 5, 61, 45, 0),
(185, 'Executioner', 44, 12, 2, 0),
(186, 'Ancient Core Hound', 66, 64, 56, 1),
(187, 'Dark Berserker', 4, 3, 9, 1),
(188, 'Hogger', 73, 96, 86, 1),
(189, 'Firelord', 77, 60, 54, 0),
(190, 'Flesh Shaman', 56, 51, 65, 1),
(191, 'Elder Shadowmaw Panther', 35, 8, 59, 1),
(192, 'Boneslag the Berserker', 32, 96, 37, 0),
(193, 'Skeleton', 54, 34, 65, 1),
(194, 'Urzael', 54, 67, 51, 1),
(195, 'Izual', 25, 53, 46, 0),
(196, 'Gnoll', 7, 30, 95, 1),
(197, 'Skeleton', 83, 6, 62, 1),
(198, 'Black Drake', 13, 87, 54, 1),
(199, 'Oppressor', 9, 35, 49, 1),
(200, 'Ghom', 84, 53, 62, 1);

-- --------------------------------------------------------

--
-- Table structure for table `party`
--

DROP TABLE IF EXISTS `party`;
CREATE TABLE IF NOT EXISTS `party` (
  `party_id` int(11) NOT NULL AUTO_INCREMENT,
  `leader` int(11) DEFAULT NULL,
  PRIMARY KEY (`party_id`),
  KEY `FK_PARTY_LEADER_idx` (`leader`)
) ENGINE=InnoDB AUTO_INCREMENT=11 DEFAULT CHARSET=utf8mb4;

--
-- Dumping data for table `party`
--

INSERT INTO `party` (`party_id`, `leader`) VALUES
(10, 12),
(5, 19),
(6, 28),
(2, 35),
(8, 36),
(7, 37),
(4, 50),
(1, 76),
(3, 91),
(9, 119);

-- --------------------------------------------------------

--
-- Table structure for table `player`
--

DROP TABLE IF EXISTS `player`;
CREATE TABLE IF NOT EXISTS `player` (
  `player_id` int(11) NOT NULL AUTO_INCREMENT,
  `name` varchar(45) DEFAULT NULL,
  `health` int(11) DEFAULT NULL,
  `mana` int(11) DEFAULT NULL,
  `rage` int(11) DEFAULT NULL,
  `class` varchar(10) NOT NULL,
  `guild_id` int(11) DEFAULT NULL,
  `party_id` int(11) DEFAULT NULL,
  PRIMARY KEY (`player_id`),
  KEY `FK_GUILDID_idx` (`guild_id`),
  KEY `FK_PARTYID_idx` (`party_id`)
) ENGINE=InnoDB AUTO_INCREMENT=135 DEFAULT CHARSET=utf8mb4;

--
-- Dumping data for table `player`
--

INSERT INTO `player` (`player_id`, `name`, `health`, `mana`, `rage`, `class`, `guild_id`, `party_id`) VALUES
(1, 'Sylvanas', 3, 94, 71, 'Warrior', NULL, NULL),
(2, 'Nestea', 83, 80, 62, 'Mage', NULL, NULL),
(3, 'Nobbel87', 89, 79, 72, 'Rogue', 19, NULL),
(4, 'Harstem', 86, 28, 28, 'Warlock', NULL, NULL),
(5, 'Trap', 47, 16, 83, 'Mage', 14, NULL),
(6, 'HuK', 27, 74, 23, 'Warrior', 5, NULL),
(7, 'RagnaroK', 31, 16, 70, 'Warrior', NULL, NULL),
(8, 'Reynor', 16, 42, 45, 'Mage', NULL, NULL),
(9, 'Rain', 57, 47, 94, 'Warlock', 40, NULL),
(10, 'Methodjosh', 98, 95, 68, 'Warrior', 23, NULL),
(11, 'MethodRoger', 48, 59, 59, 'Mage', NULL, NULL),
(12, 'Nestea', 21, 32, 70, 'Rogue', 48, 10),
(13, 'Bomber', 96, 36, 0, 'Mage', NULL, NULL),
(14, 'Stork', 42, 100, 66, 'Mage', 24, NULL),
(15, 'PartinG', 88, 15, 33, 'Mage', NULL, NULL),
(16, 'Zest', 97, 74, 14, 'Mage', NULL, NULL),
(17, 'Nobbel87', 9, 31, 72, 'Mage', NULL, NULL),
(18, 'Towelliee', 91, 52, 70, 'Warrior', NULL, NULL),
(19, 'Esfand', 83, 63, 86, 'Warrior', 10, 5),
(20, 'Nestea', 68, 16, 53, 'Mage', 22, NULL),
(21, 'Zunniyaki', 92, 4, 63, 'Warlock', 42, NULL),
(22, 'Nixxiom', 80, 11, 85, 'Warrior', 10, NULL),
(23, 'Chanimals', 42, 19, 93, 'Rogue', NULL, NULL),
(24, 'Pikabooirl', 49, 35, 57, 'Warrior', NULL, NULL),
(25, 'Bisu', 50, 29, 13, 'Warrior', NULL, NULL),
(26, 'Has', 3, 32, 1, 'Rogue', NULL, NULL),
(27, 'MMA', 16, 14, 27, 'Mage', NULL, NULL),
(28, 'Xaryu', 22, 100, 31, 'Warrior', NULL, 6),
(29, 'Snute', 69, 98, 87, 'Rogue', 26, NULL),
(30, 'uThermal', 94, 73, 44, 'Mage', NULL, NULL),
(31, 'Flash', 94, 40, 69, 'Warlock', NULL, NULL),
(32, 'Maru', 7, 62, 55, 'Rogue', 12, NULL),
(33, 'Jaedong', 77, 100, 75, 'Warrior', 40, NULL),
(34, 'uThermal', 52, 11, 29, 'Warrior', 39, NULL),
(35, 'Methodjosh', 34, 23, 78, 'Rogue', 4, 2),
(36, 'Polt', 58, 15, 19, 'Warlock', 42, 8),
(37, 'Athene', 40, 20, 9, 'Mage', 43, 7),
(38, 'Waztv', 83, 94, 73, 'Warlock', 16, NULL),
(39, 'Hellraiser', 7, 40, 78, 'Rogue', 15, NULL),
(40, 'ShoWTimE', 60, 86, 66, 'Warlock', 48, 3),
(41, 'Dear', 100, 90, 50, 'Warlock', 13, 10),
(42, 'Bomber', 47, 30, 44, 'Mage', NULL, NULL),
(43, 'herO', 96, 5, 33, 'Warlock', 14, NULL),
(44, 'SpeCial', 52, 74, 64, 'Rogue', 42, NULL),
(45, 'Stats', 36, 14, 36, 'Warlock', 15, NULL),
(46, 'Reynor', 95, 14, 95, 'Mage', 3, NULL),
(47, 'Jaedong', 80, 4, 19, 'Mage', 16, NULL),
(48, 'IdrA', 8, 16, 45, 'Warrior', 49, NULL),
(49, 'Nixxiom', 64, 95, 31, 'Mage', 16, NULL),
(50, 'Asmongold', 23, 0, 94, 'Rogue', NULL, 4),
(51, 'Preach', 37, 24, 75, 'Mage', NULL, NULL),
(52, 'Perfecto', 13, 96, 68, 'Warrior', NULL, 7),
(53, 'Bomber', 49, 88, 82, 'Mage', 23, NULL),
(54, 'Mvp', 15, 60, 35, 'Rogue', 33, NULL),
(55, 'Sodapoppin', 54, 35, 83, 'Mage', NULL, NULL),
(56, 'Chanimals', 62, 88, 30, 'Rogue', NULL, 2),
(57, 'Lambo', 95, 81, 83, 'Warlock', 40, NULL),
(58, 'Meesa', 99, 81, 31, 'Warrior', 21, 7),
(59, 'Stephano', 65, 30, 82, 'Rogue', 28, NULL),
(60, 'Clem', 97, 5, 6, 'Mage', 47, NULL),
(61, 'Bisu', 45, 69, 13, 'Rogue', 44, NULL),
(62, 'Ziqoftw', 59, 77, 42, 'Warlock', NULL, NULL),
(63, 'Trap', 49, 60, 27, 'Warrior', 19, NULL),
(64, 'TipsOut', 79, 97, 84, 'Warrior', 2, NULL),
(65, 'Zunniyaki', 63, 94, 100, 'Rogue', 37, NULL),
(66, 'Bisu', 59, 47, 74, 'Warlock', NULL, NULL),
(67, 'Snutztv', 84, 24, 84, 'Rogue', 19, NULL),
(68, 'Solar', 93, 76, 54, 'Warlock', NULL, NULL),
(69, 'Thrall', 94, 85, 72, 'Warlock', NULL, NULL),
(70, 'Hotted89', 50, 45, 44, 'Rogue', NULL, NULL),
(71, 'Dear', 89, 23, 11, 'Warrior', NULL, NULL),
(72, 'Sodapoppin', 44, 67, 44, 'Rogue', NULL, NULL),
(73, 'Zunniyaki', 80, 65, 8, 'Warlock', 15, NULL),
(74, 'MaNa', 56, 86, 5, 'Warlock', 42, NULL),
(75, 'StaySafe', 82, 86, 100, 'Warlock', NULL, NULL),
(76, 'Polt', 1, 52, 4, 'Mage', 1, 1),
(77, 'MC', 79, 56, 91, 'Rogue', 46, 7),
(78, 'HuK', 50, 100, 29, 'Mage', NULL, NULL),
(79, 'IdrA', 42, 76, 63, 'Rogue', 33, NULL),
(80, 'Thrall', 5, 22, 88, 'Rogue', 18, NULL),
(81, 'Sco', 99, 97, 14, 'Warlock', NULL, NULL),
(82, 'SortOf', 39, 58, 3, 'Mage', NULL, NULL),
(83, 'Shroud', 94, 6, 91, 'Warrior', NULL, NULL),
(84, 'HeRoMaRinE', 43, 91, 68, 'Warlock', NULL, NULL),
(85, 'Bly', 25, 70, 17, 'Warlock', NULL, 10),
(86, 'Kungen', 15, 1, 88, 'Warrior', 33, 2),
(87, 'Drjayfisto', 99, 60, 36, 'Warrior', 21, 2),
(88, 'MMA', 68, 88, 69, 'Warlock', 19, NULL),
(89, 'MaNa', 27, 59, 5, 'Warrior', 35, NULL),
(90, 'Ragnaros', 68, 47, 40, 'Warlock', 35, 8),
(91, 'Has', 38, 41, 85, 'Rogue', NULL, 3),
(92, 'Rogue', 86, 27, 37, 'Rogue', 28, NULL),
(93, 'Stats', 7, 85, 15, 'Warlock', NULL, NULL),
(94, 'Asmongold', 19, 65, 77, 'Mage', NULL, NULL),
(95, 'TLO', 90, 12, 3, 'Warrior', NULL, NULL),
(96, 'Dark', 93, 46, 99, 'Rogue', 40, NULL),
(97, 'HeRoMaRinE', 56, 38, 75, 'Rogue', 26, NULL),
(98, 'Stats', 53, 88, 47, 'Mage', NULL, 8),
(99, 'PartinG', 20, 71, 33, 'Warrior', 6, NULL),
(100, 'HuK', 41, 11, 92, 'Warlock', NULL, NULL),
(101, 'MethodDarrie', 31, 56, 89, 'Warlock', NULL, NULL),
(102, 'Serral', 90, 63, 9, 'Warlock', 24, 7),
(103, 'StaySafe', 57, 18, 73, 'Warlock', NULL, 8),
(104, 'MaNa', 59, 44, 87, 'Warrior', 19, NULL),
(105, 'MMA', 64, 53, 83, 'Mage', 13, NULL),
(106, 'MadSeasonShow', 58, 17, 99, 'Warlock', 17, NULL),
(107, 'Nerchio', 49, 16, 75, 'Rogue', NULL, NULL),
(108, 'Raiku', 75, 64, 33, 'Warlock', NULL, NULL),
(109, 'Dark', 41, 39, 95, 'Warlock', 11, NULL),
(110, 'Pilav', 65, 42, 95, 'Warrior', 27, NULL),
(111, 'Bajheera', 25, 55, 92, 'Warlock', 8, NULL),
(112, 'Samiam', 10, 19, 92, 'Warlock', 15, NULL),
(113, 'Serral', 39, 93, 51, 'Mage', NULL, NULL),
(114, 'Meesa', 11, 98, 56, 'Warlock', NULL, 7),
(115, 'Bisu', 78, 23, 86, 'Mage', NULL, 3),
(116, 'TLO', 10, 11, 28, 'Warlock', 44, NULL),
(117, 'Hellraiser', 11, 6, 18, 'Warlock', NULL, NULL),
(118, 'Swifty', 87, 6, 33, 'Mage', NULL, NULL),
(119, 'Polt', 65, 81, 94, 'Warlock', NULL, 9),
(120, 'Jaina', 72, 84, 72, 'Warrior', NULL, NULL),
(121, 'Lambo', 33, 4, 64, 'Rogue', 1, NULL),
(122, 'HuK', 77, 81, 67, 'Warlock', NULL, NULL),
(123, 'Bajheera', 11, 61, 40, 'Rogue', NULL, NULL),
(124, 'MethodRoger', 14, 7, 94, 'Rogue', 4, NULL),
(125, 'Maru', 31, 70, 81, 'Rogue', 40, NULL),
(126, 'Towelliee', 46, 78, 59, 'Rogue', 10, 2),
(127, 'Jaedong', 29, 19, 30, 'Warlock', NULL, NULL),
(128, 'Pikabooirl', 27, 20, 70, 'Mage', 44, NULL),
(129, 'DRG', 74, 99, 29, 'Warlock', 9, NULL),
(130, 'NaNiwa', 64, 42, 61, 'Warrior', NULL, 7),
(131, 'Asmongold', 32, 13, 63, 'Mage', NULL, 8),
(132, 'Polt', 36, 9, 4, 'Warlock', 49, NULL),
(133, 'Snute', 26, 53, 79, 'Rogue', 15, NULL),
(134, 'Jellybeans', 29, 10, 14, 'Rogue', 31, NULL);

-- --------------------------------------------------------

--
-- Table structure for table `tableloot`
--

DROP TABLE IF EXISTS `tableloot`;
CREATE TABLE IF NOT EXISTS `tableloot` (
  `tableloot_id` int(11) NOT NULL,
  `mob_id` int(11) DEFAULT NULL,
  `item_id` int(11) DEFAULT NULL,
  PRIMARY KEY (`tableloot_id`),
  KEY `FK_MOBID_idx` (`mob_id`),
  KEY `FK_ITEMID_idx` (`item_id`),
  KEY `FK_MOB_ID_idx` (`mob_id`),
  KEY `FK_ITEM_ID_idx` (`item_id`)
) ENGINE=InnoDB DEFAULT CHARSET=utf8mb4;

--
-- Dumping data for table `tableloot`
--

INSERT INTO `tableloot` (`tableloot_id`, `mob_id`, `item_id`) VALUES
(1, 63, 930),
(2, 161, 735),
(3, 187, 604),
(4, 63, 61),
(5, 154, 723),
(6, 76, 145),
(7, 156, 406),
(8, 150, 596),
(9, 7, 156),
(10, 1, 139),
(11, 12, 599),
(12, 164, 434),
(13, 167, 889),
(14, 153, 193),
(15, 26, 699),
(16, 115, 804),
(17, 90, 732),
(18, 81, 854),
(19, 111, 591),
(20, 141, 3),
(21, 60, 409),
(22, 118, 378),
(23, 94, 136),
(24, 118, 754),
(25, 9, 619),
(26, 188, 269),
(27, 58, 189),
(28, 171, 162),
(29, 13, 937),
(30, 184, 523),
(31, 188, 33),
(32, 160, 626),
(33, 64, 42),
(34, 105, 572),
(35, 186, 858),
(36, 157, 329),
(37, 62, 188),
(38, 169, 159),
(39, 174, 193),
(40, 134, 271),
(41, 46, 937),
(42, 83, 353),
(43, 127, 686),
(44, 109, 408),
(45, 162, 156),
(46, 197, 915),
(47, 152, 428),
(48, 189, 881),
(49, 58, 827),
(50, 124, 33),
(51, 77, 939),
(52, 42, 895),
(53, 147, 9),
(54, 186, 568),
(55, 149, 297),
(56, 102, 653),
(57, 160, 949),
(58, 32, 903),
(59, 40, 827),
(60, 96, 714),
(61, 150, 340),
(62, 177, 609),
(63, 7, 294),
(64, 23, 454),
(65, 10, 4),
(66, 153, 493),
(67, 21, 130),
(68, 140, 545),
(69, 77, 491),
(70, 179, 68),
(71, 18, 608),
(72, 78, 236),
(73, 13, 518),
(74, 50, 599),
(75, 24, 159),
(76, 18, 306),
(77, 27, 760),
(78, 44, 666),
(79, 98, 286),
(80, 84, 353),
(81, 132, 741),
(82, 188, 605),
(83, 102, 816),
(84, 51, 605),
(85, 160, 873),
(86, 94, 119),
(87, 33, 480),
(88, 184, 284),
(89, 69, 309),
(90, 50, 621),
(91, 68, 747),
(92, 107, 193),
(93, 62, 921),
(94, 196, 304),
(95, 46, 493),
(96, 119, 502),
(97, 90, 205),
(98, 142, 907),
(99, 182, 866),
(100, 60, 827),
(101, 95, 513),
(102, 156, 417),
(103, 160, 507),
(104, 15, 626),
(105, 63, 376),
(106, 58, 319),
(107, 113, 21),
(108, 98, 382),
(109, 191, 527),
(110, 5, 182),
(111, 163, 583),
(112, 16, 198),
(113, 113, 774),
(114, 188, 472),
(115, 91, 296),
(116, 151, 185),
(117, 165, 489),
(118, 148, 332),
(119, 153, 606),
(120, 31, 78),
(121, 65, 809),
(122, 50, 522),
(123, 8, 141),
(124, 185, 678),
(125, 196, 743),
(126, 48, 375),
(127, 19, 39),
(128, 153, 544),
(129, 36, 787),
(130, 50, 375),
(131, 129, 819),
(132, 61, 378),
(133, 46, 279),
(134, 26, 34),
(135, 167, 769),
(136, 160, 529),
(137, 15, 346),
(138, 163, 209),
(139, 158, 789),
(140, 191, 923),
(141, 195, 745),
(142, 112, 846),
(143, 129, 896),
(144, 86, 517),
(145, 45, 461),
(146, 94, 637),
(147, 86, 644),
(148, 4, 136),
(149, 177, 336),
(150, 52, 444),
(151, 110, 645),
(152, 126, 165),
(153, 52, 704),
(154, 100, 297),
(155, 141, 768),
(156, 57, 863),
(157, 41, 346),
(158, 130, 673),
(159, 52, 124),
(160, 110, 702),
(161, 55, 410),
(162, 131, 27),
(163, 6, 271),
(164, 47, 490),
(165, 48, 177),
(166, 1, 515),
(167, 65, 386),
(168, 3, 175),
(169, 4, 99),
(170, 45, 181),
(171, 115, 712),
(172, 118, 806),
(173, 197, 686),
(174, 95, 46),
(175, 130, 32),
(176, 53, 718),
(177, 48, 663),
(178, 126, 872),
(179, 67, 619),
(180, 75, 622),
(181, 191, 301),
(182, 181, 696),
(183, 70, 124),
(184, 172, 44),
(185, 91, 335),
(186, 105, 324),
(187, 67, 671),
(188, 185, 255),
(189, 72, 321),
(190, 136, 902),
(191, 122, 401),
(192, 140, 6),
(193, 41, 877),
(194, 112, 855),
(195, 56, 115),
(196, 136, 752),
(197, 158, 927),
(198, 172, 419),
(199, 168, 288),
(200, 153, 447),
(201, 120, 144),
(202, 96, 695),
(203, 1, 22),
(204, 134, 250),
(205, 193, 87),
(206, 69, 147),
(207, 136, 24),
(208, 172, 868),
(209, 114, 877),
(210, 141, 554),
(211, 54, 845),
(212, 193, 487),
(213, 40, 855),
(214, 19, 74),
(215, 135, 578),
(216, 162, 324),
(217, 7, 640),
(218, 81, 413),
(219, 98, 444),
(220, 152, 639),
(221, 196, 482),
(222, 112, 666),
(223, 166, 382),
(224, 107, 92),
(225, 38, 777),
(226, 147, 412),
(227, 189, 747),
(228, 58, 622),
(229, 111, 916),
(230, 57, 195),
(231, 82, 660),
(232, 71, 302),
(233, 5, 11),
(234, 30, 178),
(235, 139, 918),
(236, 169, 400),
(237, 169, 662),
(238, 47, 141),
(239, 23, 714),
(240, 164, 457),
(241, 146, 340),
(242, 140, 891),
(243, 84, 754),
(244, 126, 184),
(245, 15, 287),
(246, 95, 573),
(247, 118, 447),
(248, 22, 604),
(249, 41, 756),
(250, 67, 98),
(251, 5, 375),
(252, 142, 839),
(253, 10, 120),
(254, 31, 688),
(255, 184, 669),
(256, 87, 648),
(257, 197, 62),
(258, 6, 867),
(259, 54, 126),
(260, 73, 208),
(261, 10, 107),
(262, 10, 782),
(263, 144, 142),
(264, 42, 433),
(265, 147, 673),
(266, 3, 132),
(267, 153, 168),
(268, 141, 26),
(269, 119, 147),
(270, 94, 619),
(271, 172, 277),
(272, 178, 448),
(273, 77, 284),
(274, 150, 605),
(275, 86, 211),
(276, 89, 47),
(277, 182, 813),
(278, 154, 576),
(279, 146, 116),
(280, 56, 909),
(281, 66, 327),
(282, 116, 160),
(283, 79, 355),
(284, 14, 318),
(285, 69, 773),
(286, 7, 128),
(287, 87, 790),
(288, 77, 323),
(289, 18, 715),
(290, 72, 846),
(291, 16, 580),
(292, 104, 101),
(293, 190, 81),
(294, 196, 756),
(295, 131, 568),
(296, 66, 20),
(297, 24, 278),
(298, 72, 369),
(299, 144, 279),
(300, 144, 3),
(301, 135, 199),
(302, 175, 588),
(303, 94, 30),
(304, 50, 379),
(305, 116, 917),
(306, 70, 164),
(307, 84, 950),
(308, 166, 177),
(309, 44, 593),
(310, 155, 349),
(311, 138, 460),
(312, 170, 593),
(313, 8, 392),
(314, 104, 332),
(315, 124, 538),
(316, 85, 266),
(317, 122, 595),
(318, 96, 353),
(319, 1, 396),
(320, 39, 111),
(321, 177, 268),
(322, 148, 588),
(323, 86, 747),
(324, 1, 612),
(325, 121, 906),
(326, 67, 770),
(327, 186, 490),
(328, 183, 932),
(329, 163, 428),
(330, 105, 466),
(331, 182, 327),
(332, 156, 551),
(333, 67, 803),
(334, 160, 572),
(335, 170, 161),
(336, 93, 147),
(337, 194, 555),
(338, 95, 925),
(339, 30, 649),
(340, 108, 456),
(341, 82, 776),
(342, 119, 60),
(343, 15, 909),
(344, 143, 293),
(345, 27, 832),
(346, 67, 327),
(347, 60, 783),
(348, 42, 529),
(349, 7, 901),
(350, 102, 265),
(351, 144, 779),
(352, 32, 727),
(353, 122, 324),
(354, 93, 801),
(355, 29, 127),
(356, 127, 837),
(357, 83, 915),
(358, 38, 615),
(359, 142, 262),
(360, 133, 468),
(361, 63, 36),
(362, 123, 679),
(363, 59, 925),
(364, 55, 25),
(365, 34, 426),
(366, 127, 684),
(367, 173, 606),
(368, 127, 263),
(369, 2, 86),
(370, 47, 97),
(371, 92, 665),
(372, 46, 466),
(373, 133, 840),
(374, 45, 539),
(375, 14, 528),
(376, 18, 247),
(377, 30, 321),
(378, 61, 439),
(379, 157, 103),
(380, 134, 483),
(381, 156, 527),
(382, 135, 766),
(383, 2, 226),
(384, 143, 206),
(385, 177, 112),
(386, 103, 766),
(387, 152, 397),
(388, 187, 489),
(389, 164, 531),
(390, 102, 488),
(391, 168, 55),
(392, 141, 175),
(393, 155, 72),
(394, 120, 219),
(395, 66, 332),
(396, 156, 857),
(397, 120, 649),
(398, 199, 39),
(399, 47, 754),
(400, 112, 454),
(401, 35, 331),
(402, 23, 890),
(403, 190, 722),
(404, 6, 374),
(405, 166, 742),
(406, 115, 393),
(407, 149, 194),
(408, 12, 611),
(409, 144, 679),
(410, 57, 518),
(411, 154, 70),
(412, 159, 93),
(413, 112, 435),
(414, 188, 213),
(415, 47, 301),
(416, 127, 850),
(417, 70, 356),
(418, 100, 816),
(419, 126, 541),
(420, 164, 241),
(421, 190, 517),
(422, 11, 539),
(423, 200, 562),
(424, 46, 17),
(425, 166, 692),
(426, 65, 716),
(427, 71, 573),
(428, 14, 754),
(429, 137, 236),
(430, 15, 27),
(431, 97, 471),
(432, 139, 45),
(433, 173, 305),
(434, 186, 84),
(435, 128, 843),
(436, 20, 223),
(437, 48, 405),
(438, 97, 519),
(439, 194, 362),
(440, 124, 365),
(441, 157, 909),
(442, 63, 21),
(443, 19, 473),
(444, 141, 502),
(445, 156, 17),
(446, 34, 882),
(447, 25, 714),
(448, 28, 890),
(449, 113, 550),
(450, 155, 837),
(451, 136, 221),
(452, 97, 545),
(453, 129, 540),
(454, 145, 268),
(455, 42, 662),
(456, 38, 340),
(457, 68, 669),
(458, 51, 710),
(459, 106, 255),
(460, 71, 923),
(461, 16, 939),
(462, 20, 524),
(463, 59, 43),
(464, 63, 641),
(465, 68, 576),
(466, 139, 375),
(467, 8, 665),
(468, 176, 576),
(469, 50, 69),
(470, 112, 189),
(471, 153, 270),
(472, 117, 262),
(473, 166, 534),
(474, 171, 5),
(475, 68, 939),
(476, 49, 218),
(477, 147, 688),
(478, 109, 474),
(479, 152, 421),
(480, 127, 385),
(481, 128, 433),
(482, 171, 116),
(483, 102, 839),
(484, 162, 50),
(485, 144, 415),
(486, 70, 266),
(487, 95, 16),
(488, 170, 879),
(489, 164, 667),
(490, 57, 523),
(491, 159, 12),
(492, 97, 738),
(493, 188, 536),
(494, 125, 716),
(495, 65, 432),
(496, 121, 930),
(497, 134, 390),
(498, 94, 512),
(499, 108, 523),
(500, 4, 888),
(501, 3, 68),
(502, 114, 532),
(503, 3, 711),
(504, 57, 173),
(505, 132, 175),
(506, 170, 942),
(507, 95, 170),
(508, 26, 661),
(509, 47, 167),
(510, 117, 159),
(511, 55, 414),
(512, 61, 326),
(513, 147, 639),
(514, 49, 802),
(515, 59, 165),
(516, 34, 712),
(517, 133, 380),
(518, 160, 9),
(519, 13, 722),
(520, 128, 670),
(521, 17, 930),
(522, 72, 148),
(523, 195, 56),
(524, 65, 675),
(525, 66, 761),
(526, 182, 474),
(527, 22, 942),
(528, 32, 274),
(529, 97, 518),
(530, 106, 253),
(531, 194, 30),
(532, 179, 822),
(533, 70, 153),
(534, 51, 943),
(535, 68, 127),
(536, 52, 12),
(537, 22, 353),
(538, 183, 544),
(539, 67, 582),
(540, 130, 706),
(541, 112, 708),
(542, 106, 923),
(543, 137, 870),
(544, 60, 539),
(545, 113, 914),
(546, 192, 596),
(547, 119, 832),
(548, 118, 530),
(549, 116, 614),
(550, 105, 671),
(551, 81, 89),
(552, 116, 449),
(553, 28, 186),
(554, 71, 500),
(555, 43, 735),
(556, 126, 331),
(557, 195, 861),
(558, 133, 691),
(559, 2, 161),
(560, 177, 852),
(561, 173, 203),
(562, 106, 768),
(563, 137, 82),
(564, 179, 945),
(565, 174, 633),
(566, 71, 531),
(567, 127, 428),
(568, 177, 221),
(569, 77, 662),
(570, 35, 347),
(571, 180, 339),
(572, 145, 835),
(573, 145, 896),
(574, 43, 255),
(575, 7, 889),
(576, 135, 586),
(577, 91, 169),
(578, 141, 415),
(579, 188, 253),
(580, 86, 856),
(581, 13, 183),
(582, 64, 624),
(583, 133, 26),
(584, 12, 510),
(585, 39, 349),
(586, 4, 335),
(587, 18, 500),
(588, 2, 85),
(589, 55, 234),
(590, 28, 531),
(591, 135, 161),
(592, 134, 815),
(593, 147, 72),
(594, 67, 382),
(595, 188, 139),
(596, 180, 131),
(597, 75, 53),
(598, 195, 553),
(599, 192, 882),
(600, 176, 403),
(601, 140, 797),
(602, 69, 255),
(603, 21, 782),
(604, 86, 525),
(605, 187, 947),
(606, 107, 291),
(607, 156, 356),
(608, 157, 60),
(609, 62, 341),
(610, 38, 173),
(611, 157, 854),
(612, 114, 182),
(613, 46, 410),
(614, 189, 28),
(615, 112, 375),
(616, 13, 209),
(617, 80, 551),
(618, 117, 190),
(619, 174, 473),
(620, 52, 265),
(621, 180, 343),
(622, 114, 726),
(623, 122, 531),
(624, 10, 921),
(625, 96, 847),
(626, 68, 945),
(627, 114, 601),
(628, 108, 439),
(629, 173, 121),
(630, 10, 692),
(631, 59, 387),
(632, 180, 180),
(633, 162, 765),
(634, 84, 823),
(635, 89, 89),
(636, 132, 817),
(637, 158, 634),
(638, 29, 29),
(639, 25, 697),
(640, 108, 479),
(641, 15, 422),
(642, 54, 86),
(643, 72, 801),
(644, 18, 64),
(645, 75, 139),
(646, 164, 515),
(647, 173, 937),
(648, 168, 693),
(649, 31, 53),
(650, 116, 210),
(651, 129, 623),
(652, 86, 344),
(653, 198, 82),
(654, 45, 189),
(655, 133, 583),
(656, 97, 430),
(657, 29, 183),
(658, 80, 503),
(659, 92, 846),
(660, 64, 501),
(661, 89, 17),
(662, 195, 932),
(663, 5, 659),
(664, 149, 484),
(665, 184, 331),
(666, 187, 785),
(667, 88, 597),
(668, 184, 527),
(669, 69, 845),
(670, 77, 399),
(671, 45, 840),
(672, 15, 936),
(673, 191, 343),
(674, 104, 95),
(675, 168, 18),
(676, 58, 754),
(677, 60, 881),
(678, 66, 341),
(679, 15, 676),
(680, 180, 676),
(681, 40, 55),
(682, 183, 931),
(683, 51, 31),
(684, 122, 299),
(685, 18, 455),
(686, 82, 419),
(687, 90, 66),
(688, 64, 362),
(689, 196, 447),
(690, 78, 296),
(691, 115, 748),
(692, 38, 670),
(693, 87, 744),
(694, 90, 680),
(695, 86, 548),
(696, 55, 876),
(697, 192, 491),
(698, 183, 494),
(699, 2, 524),
(700, 45, 738),
(701, 70, 272),
(702, 187, 49),
(703, 144, 261),
(704, 193, 947),
(705, 49, 440),
(706, 39, 86),
(707, 158, 931),
(708, 60, 225),
(709, 52, 674),
(710, 37, 102),
(711, 42, 157),
(712, 158, 448),
(713, 150, 816),
(714, 166, 247),
(715, 104, 151),
(716, 2, 508),
(717, 53, 144),
(718, 129, 248),
(719, 19, 509),
(720, 120, 42),
(721, 176, 263),
(722, 147, 198),
(723, 56, 91),
(724, 130, 158),
(725, 52, 859),
(726, 139, 151),
(727, 38, 486),
(728, 99, 420),
(729, 151, 843),
(730, 188, 74),
(731, 187, 93),
(732, 36, 475),
(733, 31, 875),
(734, 172, 441),
(735, 144, 6),
(736, 95, 195),
(737, 200, 394),
(738, 123, 386),
(739, 58, 715),
(740, 64, 198),
(741, 7, 201),
(742, 181, 878),
(743, 137, 150),
(744, 15, 607),
(745, 63, 903),
(746, 121, 540),
(747, 18, 576),
(748, 132, 796),
(749, 139, 595),
(750, 51, 295),
(751, 169, 156),
(752, 138, 360),
(753, 2, 422),
(754, 162, 367),
(755, 145, 644),
(756, 14, 50),
(757, 110, 461),
(758, 195, 584),
(759, 17, 340),
(760, 197, 53),
(761, 174, 521),
(762, 41, 292),
(763, 15, 844),
(764, 5, 738),
(765, 170, 455),
(766, 21, 734),
(767, 14, 466),
(768, 175, 660),
(769, 17, 672),
(770, 152, 510),
(771, 113, 707),
(772, 47, 866),
(773, 46, 820),
(774, 134, 204),
(775, 13, 285),
(776, 7, 371),
(777, 188, 89),
(778, 147, 514),
(779, 97, 106),
(780, 11, 312),
(781, 153, 697),
(782, 167, 364),
(783, 176, 256),
(784, 125, 663),
(785, 183, 473),
(786, 144, 343),
(787, 17, 634),
(788, 139, 760),
(789, 69, 27),
(790, 178, 838),
(791, 91, 203),
(792, 171, 9),
(793, 123, 630),
(794, 151, 302),
(795, 30, 943),
(796, 149, 578),
(797, 54, 730),
(798, 50, 941),
(799, 94, 277),
(800, 63, 177),
(801, 148, 298),
(802, 176, 596),
(803, 71, 569),
(804, 146, 368),
(805, 47, 707),
(806, 135, 674),
(807, 145, 922),
(808, 68, 40),
(809, 119, 630),
(810, 196, 478),
(811, 30, 557),
(812, 67, 800),
(813, 74, 937),
(814, 51, 865),
(815, 42, 295),
(816, 194, 75),
(817, 18, 462),
(818, 31, 759),
(819, 158, 731),
(820, 32, 731),
(821, 126, 866),
(822, 45, 359),
(823, 44, 359),
(824, 53, 279),
(825, 49, 307),
(826, 88, 393),
(827, 166, 407),
(828, 79, 377),
(829, 47, 743),
(830, 129, 421),
(831, 89, 866),
(832, 173, 905),
(833, 140, 125),
(834, 30, 367),
(835, 105, 408),
(836, 53, 278),
(837, 125, 388),
(838, 130, 934),
(839, 82, 795),
(840, 167, 568),
(841, 112, 251),
(842, 99, 756),
(843, 34, 327),
(844, 149, 577),
(845, 199, 724),
(846, 125, 640),
(847, 178, 519),
(848, 77, 652),
(849, 100, 578),
(850, 61, 165),
(851, 94, 537),
(852, 96, 287),
(853, 53, 463),
(854, 66, 9),
(855, 136, 216),
(856, 167, 552),
(857, 141, 193),
(858, 163, 208),
(859, 7, 578),
(860, 78, 181),
(861, 105, 657),
(862, 44, 311),
(863, 25, 40),
(864, 41, 620),
(865, 40, 303),
(866, 157, 913),
(867, 44, 228),
(868, 156, 544),
(869, 69, 190),
(870, 150, 531),
(871, 146, 138),
(872, 171, 47),
(873, 189, 457),
(874, 166, 592),
(875, 183, 547),
(876, 126, 908),
(877, 178, 168),
(878, 33, 372),
(879, 22, 630),
(880, 158, 143),
(881, 102, 877),
(882, 118, 475),
(883, 158, 359),
(884, 27, 63),
(885, 172, 906),
(886, 88, 844),
(887, 136, 170),
(888, 140, 792),
(889, 45, 155),
(890, 4, 592),
(891, 107, 801),
(892, 78, 146),
(893, 153, 303),
(894, 158, 774),
(895, 81, 941),
(896, 187, 45),
(897, 42, 289),
(898, 19, 384),
(899, 72, 571),
(900, 83, 865),
(901, 89, 575),
(902, 130, 90),
(903, 82, 12),
(904, 134, 878),
(905, 57, 796),
(906, 70, 810),
(907, 21, 572),
(908, 4, 380),
(909, 44, 507),
(910, 101, 598),
(911, 164, 923),
(912, 78, 94),
(913, 143, 263),
(914, 174, 503),
(915, 139, 881),
(916, 129, 942),
(917, 157, 926),
(918, 122, 306),
(919, 117, 410),
(920, 40, 546),
(921, 135, 528),
(922, 149, 925),
(923, 151, 156),
(924, 109, 240),
(925, 162, 226),
(926, 14, 217),
(927, 135, 426),
(928, 80, 499),
(929, 5, 235),
(930, 75, 611),
(931, 130, 280),
(932, 129, 864),
(933, 148, 549),
(934, 184, 933),
(935, 77, 219),
(936, 115, 765),
(937, 184, 925),
(938, 54, 722),
(939, 171, 435),
(940, 142, 101),
(941, 92, 948),
(942, 115, 515),
(943, 64, 106),
(944, 103, 933),
(945, 38, 309),
(946, 53, 166),
(947, 172, 54),
(948, 107, 673),
(949, 131, 699),
(950, 29, 62),
(951, 45, 878),
(952, 70, 169),
(953, 155, 128),
(954, 23, 453),
(955, 87, 133),
(956, 136, 217),
(957, 47, 480),
(958, 72, 874),
(959, 172, 269),
(960, 3, 538),
(961, 56, 342),
(962, 139, 918),
(963, 97, 803),
(964, 130, 104),
(965, 45, 701),
(966, 43, 234),
(967, 187, 186),
(968, 157, 943),
(969, 196, 111),
(970, 52, 467),
(971, 129, 657),
(972, 72, 741),
(973, 193, 751),
(974, 57, 907),
(975, 71, 676),
(976, 190, 810),
(977, 181, 435),
(978, 92, 743),
(979, 149, 864),
(980, 85, 661),
(981, 62, 770),
(982, 190, 764),
(983, 6, 164),
(984, 118, 577),
(985, 11, 739),
(986, 75, 55),
(987, 68, 754),
(988, 174, 594),
(989, 166, 174),
(990, 79, 52),
(991, 192, 871),
(992, 48, 386),
(993, 183, 936),
(994, 163, 41),
(995, 85, 188),
(996, 155, 160),
(997, 141, 415),
(998, 150, 634),
(999, 90, 337),
(1000, 113, 107),
(1001, 54, 286),
(1002, 68, 621),
(1003, 9, 415),
(1004, 152, 749),
(1005, 166, 173),
(1006, 12, 314),
(1007, 87, 582),
(1008, 11, 449),
(1009, 133, 237),
(1010, 79, 819),
(1011, 154, 418),
(1012, 106, 368),
(1013, 178, 260),
(1014, 49, 735),
(1015, 193, 414),
(1016, 162, 621),
(1017, 52, 187),
(1018, 45, 227),
(1019, 194, 274),
(1020, 190, 179),
(1021, 130, 934),
(1022, 90, 322),
(1023, 48, 669),
(1024, 145, 359),
(1025, 162, 728),
(1026, 83, 836),
(1027, 45, 688),
(1028, 87, 709),
(1029, 24, 816),
(1030, 14, 626),
(1031, 152, 409),
(1032, 182, 568),
(1033, 164, 601),
(1034, 83, 5),
(1035, 159, 291),
(1036, 191, 455),
(1037, 41, 459),
(1038, 84, 151),
(1039, 176, 695),
(1040, 30, 371),
(1041, 139, 30),
(1042, 44, 845),
(1043, 66, 232),
(1044, 188, 673),
(1045, 135, 600),
(1046, 133, 199),
(1047, 13, 381),
(1048, 70, 626),
(1049, 178, 888),
(1050, 139, 705),
(1051, 188, 176),
(1052, 165, 643),
(1053, 104, 260),
(1054, 164, 144),
(1055, 113, 3),
(1056, 136, 29),
(1057, 184, 352),
(1058, 22, 107),
(1059, 10, 555),
(1060, 33, 771),
(1061, 2, 24),
(1062, 82, 823),
(1063, 102, 432),
(1064, 58, 555),
(1065, 60, 332),
(1066, 42, 477),
(1067, 194, 176),
(1068, 200, 107),
(1069, 59, 287),
(1070, 22, 488),
(1071, 16, 850),
(1072, 156, 811),
(1073, 54, 93),
(1074, 81, 274),
(1075, 196, 342),
(1076, 153, 186),
(1077, 19, 238),
(1078, 127, 734),
(1079, 98, 761),
(1080, 142, 436),
(1081, 34, 692),
(1082, 144, 905),
(1083, 52, 55),
(1084, 13, 99),
(1085, 167, 57),
(1086, 146, 296),
(1087, 124, 220),
(1088, 161, 890),
(1089, 72, 317),
(1090, 136, 715),
(1091, 22, 75),
(1092, 90, 392),
(1093, 70, 204),
(1094, 28, 421),
(1095, 134, 67),
(1096, 127, 36),
(1097, 8, 562),
(1098, 198, 867),
(1099, 11, 834),
(1100, 87, 890),
(1101, 17, 227),
(1102, 163, 941),
(1103, 100, 760),
(1104, 64, 591),
(1105, 40, 13),
(1106, 134, 492),
(1107, 199, 829),
(1108, 11, 737),
(1109, 72, 849),
(1110, 158, 359),
(1111, 55, 447),
(1112, 105, 793),
(1113, 36, 416),
(1114, 97, 769),
(1115, 144, 19),
(1116, 58, 22),
(1117, 175, 8),
(1118, 24, 725),
(1119, 4, 379),
(1120, 6, 878),
(1121, 56, 220),
(1122, 54, 913),
(1123, 57, 69),
(1124, 160, 926),
(1125, 58, 15),
(1126, 164, 73),
(1127, 51, 732),
(1128, 105, 704),
(1129, 159, 783),
(1130, 158, 306),
(1131, 192, 640),
(1132, 48, 725),
(1133, 9, 933),
(1134, 124, 676),
(1135, 162, 906),
(1136, 149, 272),
(1137, 2, 333),
(1138, 170, 142),
(1139, 157, 467),
(1140, 133, 563),
(1141, 130, 428),
(1142, 83, 857),
(1143, 11, 755),
(1144, 109, 678),
(1145, 139, 794),
(1146, 95, 99),
(1147, 26, 607),
(1148, 113, 936),
(1149, 163, 349),
(1150, 56, 852),
(1151, 78, 561),
(1152, 18, 403),
(1153, 90, 710),
(1154, 41, 874),
(1155, 152, 115),
(1156, 179, 217),
(1157, 22, 444),
(1158, 65, 547),
(1159, 196, 549),
(1160, 117, 188),
(1161, 39, 303),
(1162, 18, 80),
(1163, 65, 244),
(1164, 32, 186),
(1165, 185, 179),
(1166, 13, 924),
(1167, 184, 879),
(1168, 7, 663),
(1169, 198, 850),
(1170, 61, 93),
(1171, 69, 467),
(1172, 188, 806),
(1173, 4, 770),
(1174, 43, 213),
(1175, 73, 551),
(1176, 31, 939),
(1177, 32, 901),
(1178, 137, 618),
(1179, 77, 6),
(1180, 92, 836),
(1181, 137, 676),
(1182, 8, 344),
(1183, 86, 373),
(1184, 61, 258),
(1185, 56, 910),
(1186, 109, 728),
(1187, 140, 924),
(1188, 147, 391),
(1189, 99, 863),
(1190, 165, 445),
(1191, 62, 760),
(1192, 172, 339),
(1193, 181, 604),
(1194, 46, 383),
(1195, 192, 909),
(1196, 2, 340),
(1197, 103, 666),
(1198, 92, 433),
(1199, 124, 929),
(1200, 51, 441),
(1201, 144, 124),
(1202, 58, 505),
(1203, 147, 279),
(1204, 109, 882),
(1205, 195, 858),
(1206, 178, 600),
(1207, 124, 232),
(1208, 66, 637),
(1209, 136, 948),
(1210, 46, 884),
(1211, 59, 271),
(1212, 113, 239),
(1213, 86, 432),
(1214, 9, 651),
(1215, 132, 161),
(1216, 1, 774),
(1217, 53, 604),
(1218, 84, 850),
(1219, 121, 448),
(1220, 145, 856),
(1221, 55, 742),
(1222, 117, 683),
(1223, 20, 790),
(1224, 188, 341),
(1225, 173, 640),
(1226, 122, 784),
(1227, 116, 158),
(1228, 143, 423),
(1229, 28, 910),
(1230, 188, 950),
(1231, 12, 391),
(1232, 179, 663),
(1233, 164, 737),
(1234, 194, 393),
(1235, 66, 870),
(1236, 97, 326),
(1237, 198, 666),
(1238, 152, 254),
(1239, 189, 742),
(1240, 61, 302),
(1241, 115, 639),
(1242, 31, 496),
(1243, 145, 341),
(1244, 12, 440),
(1245, 116, 818),
(1246, 122, 497),
(1247, 31, 8),
(1248, 102, 211),
(1249, 148, 151),
(1250, 81, 479),
(1251, 191, 914),
(1252, 143, 844),
(1253, 51, 772),
(1254, 182, 568),
(1255, 92, 38),
(1256, 107, 780),
(1257, 145, 860),
(1258, 66, 200),
(1259, 17, 835),
(1260, 10, 272),
(1261, 119, 493),
(1262, 7, 268),
(1263, 85, 827),
(1264, 191, 674),
(1265, 105, 274),
(1266, 131, 380),
(1267, 27, 278),
(1268, 184, 900),
(1269, 80, 672),
(1270, 55, 881),
(1271, 67, 565),
(1272, 178, 393),
(1273, 50, 14),
(1274, 178, 179),
(1275, 29, 527),
(1276, 131, 39),
(1277, 7, 795),
(1278, 127, 850),
(1279, 135, 481),
(1280, 185, 708),
(1281, 149, 350),
(1282, 22, 886),
(1283, 165, 489),
(1284, 59, 630),
(1285, 141, 852),
(1286, 101, 245),
(1287, 138, 418),
(1288, 17, 627),
(1289, 178, 107),
(1290, 81, 431),
(1291, 196, 532),
(1292, 110, 67),
(1293, 86, 123),
(1294, 137, 486),
(1295, 50, 560),
(1296, 11, 179),
(1297, 43, 949),
(1298, 75, 208),
(1299, 40, 929),
(1300, 195, 770),
(1301, 175, 785),
(1302, 159, 211),
(1303, 122, 86),
(1304, 194, 127),
(1305, 140, 75),
(1306, 163, 752),
(1307, 67, 441),
(1308, 198, 736),
(1309, 53, 181),
(1310, 71, 339),
(1311, 104, 74),
(1312, 189, 94),
(1313, 85, 826),
(1314, 168, 649),
(1315, 27, 313),
(1316, 161, 926),
(1317, 127, 823),
(1318, 176, 44),
(1319, 9, 271),
(1320, 190, 903),
(1321, 56, 81),
(1322, 138, 72),
(1323, 118, 466),
(1324, 86, 571),
(1325, 116, 87),
(1326, 195, 923),
(1327, 63, 602),
(1328, 147, 448),
(1329, 162, 520),
(1330, 51, 533),
(1331, 111, 53),
(1332, 39, 829),
(1333, 166, 317),
(1334, 181, 583),
(1335, 127, 157),
(1336, 141, 422),
(1337, 34, 50),
(1338, 165, 595),
(1339, 63, 131),
(1340, 174, 847),
(1341, 54, 758),
(1342, 173, 304),
(1343, 45, 893),
(1344, 90, 431),
(1345, 20, 224),
(1346, 193, 569),
(1347, 184, 673),
(1348, 139, 687),
(1349, 168, 211),
(1350, 103, 894),
(1351, 75, 306),
(1352, 36, 560),
(1353, 39, 661),
(1354, 136, 42),
(1355, 190, 471),
(1356, 200, 659),
(1357, 81, 225),
(1358, 18, 133),
(1359, 97, 658),
(1360, 167, 348),
(1361, 173, 331),
(1362, 168, 256),
(1363, 158, 766),
(1364, 60, 871),
(1365, 77, 287),
(1366, 150, 832),
(1367, 16, 372),
(1368, 3, 34),
(1369, 71, 156),
(1370, 8, 681),
(1371, 119, 74),
(1372, 20, 356),
(1373, 115, 224),
(1374, 145, 514),
(1375, 78, 158),
(1376, 51, 277),
(1377, 138, 924),
(1378, 178, 356),
(1379, 163, 912),
(1380, 21, 438),
(1381, 174, 167),
(1382, 34, 330),
(1383, 109, 803),
(1384, 91, 248),
(1385, 134, 272),
(1386, 196, 562),
(1387, 54, 845),
(1388, 130, 341),
(1389, 174, 848),
(1390, 28, 379),
(1391, 73, 148),
(1392, 26, 243),
(1393, 88, 607),
(1394, 83, 777),
(1395, 47, 464),
(1396, 103, 522),
(1397, 144, 845),
(1398, 144, 248),
(1399, 158, 629),
(1400, 81, 176),
(1401, 199, 653),
(1402, 102, 505),
(1403, 95, 223),
(1404, 130, 666),
(1405, 43, 338),
(1406, 87, 394),
(1407, 172, 845),
(1408, 106, 343),
(1409, 176, 806),
(1410, 62, 452),
(1411, 103, 734),
(1412, 189, 876),
(1413, 16, 341),
(1414, 81, 359),
(1415, 55, 544),
(1416, 82, 580),
(1417, 98, 948),
(1418, 144, 218),
(1419, 7, 712),
(1420, 13, 772),
(1421, 143, 908),
(1422, 44, 948),
(1423, 150, 412),
(1424, 125, 169),
(1425, 117, 712),
(1426, 175, 510),
(1427, 105, 147),
(1428, 142, 611),
(1429, 143, 905),
(1430, 162, 786),
(1431, 105, 904),
(1432, 72, 9),
(1433, 47, 409),
(1434, 63, 794),
(1435, 183, 438),
(1436, 19, 722),
(1437, 169, 137),
(1438, 196, 1),
(1439, 9, 319),
(1440, 24, 452),
(1441, 186, 33),
(1442, 178, 203),
(1443, 27, 384),
(1444, 97, 889),
(1445, 138, 102),
(1446, 68, 410),
(1447, 1, 242),
(1448, 146, 207),
(1449, 6, 709),
(1450, 51, 801),
(1451, 5, 331),
(1452, 42, 891),
(1453, 185, 645),
(1454, 154, 775),
(1455, 23, 299),
(1456, 55, 598),
(1457, 115, 633),
(1458, 191, 195),
(1459, 134, 728),
(1460, 144, 699),
(1461, 3, 417),
(1462, 133, 752),
(1463, 25, 401),
(1464, 106, 588),
(1465, 77, 515),
(1466, 65, 140),
(1467, 163, 795),
(1468, 33, 28),
(1469, 160, 564),
(1470, 58, 548),
(1471, 163, 681),
(1472, 136, 335),
(1473, 120, 72),
(1474, 152, 441),
(1475, 150, 455),
(1476, 39, 209),
(1477, 99, 71),
(1478, 76, 683),
(1479, 152, 602),
(1480, 141, 554),
(1481, 175, 878),
(1482, 93, 410),
(1483, 130, 911),
(1484, 45, 257),
(1485, 61, 313),
(1486, 154, 462),
(1487, 175, 625),
(1488, 103, 335),
(1489, 94, 887),
(1490, 115, 300),
(1491, 159, 730),
(1492, 68, 192),
(1493, 133, 813),
(1494, 14, 280),
(1495, 199, 776),
(1496, 130, 868),
(1497, 38, 327),
(1498, 187, 728),
(1499, 15, 139),
(1500, 45, 557),
(1501, 74, 352),
(1502, 126, 898),
(1503, 2, 173),
(1504, 60, 744),
(1505, 164, 498),
(1506, 90, 586),
(1507, 121, 365),
(1508, 81, 770),
(1509, 27, 23),
(1510, 74, 618),
(1511, 114, 867),
(1512, 64, 546),
(1513, 167, 118),
(1514, 50, 294),
(1515, 93, 476),
(1516, 149, 376),
(1517, 172, 179),
(1518, 31, 448),
(1519, 146, 873),
(1520, 63, 609),
(1521, 65, 719),
(1522, 28, 486),
(1523, 128, 677),
(1524, 95, 252),
(1525, 82, 242),
(1526, 25, 393),
(1527, 71, 1),
(1528, 38, 791),
(1529, 146, 468),
(1530, 74, 58),
(1531, 199, 713),
(1532, 162, 349),
(1533, 90, 783),
(1534, 31, 282),
(1535, 67, 481),
(1536, 168, 846),
(1537, 141, 166),
(1538, 149, 446),
(1539, 7, 739),
(1540, 34, 932),
(1541, 99, 562),
(1542, 74, 854),
(1543, 27, 724),
(1544, 82, 107),
(1545, 76, 756),
(1546, 115, 380),
(1547, 188, 709),
(1548, 128, 689),
(1549, 78, 439),
(1550, 41, 277),
(1551, 161, 281),
(1552, 141, 463),
(1553, 179, 922),
(1554, 74, 569),
(1555, 166, 641),
(1556, 149, 474),
(1557, 114, 589),
(1558, 60, 572),
(1559, 27, 654),
(1560, 187, 550),
(1561, 173, 857),
(1562, 135, 375),
(1563, 198, 410),
(1564, 62, 34),
(1565, 182, 851),
(1566, 138, 688),
(1567, 10, 108),
(1568, 152, 808),
(1569, 69, 227),
(1570, 138, 262),
(1571, 150, 580),
(1572, 89, 572),
(1573, 117, 280),
(1574, 145, 33),
(1575, 189, 108),
(1576, 34, 49),
(1577, 136, 790),
(1578, 20, 505),
(1579, 32, 271),
(1580, 165, 727),
(1581, 6, 658),
(1582, 106, 718),
(1583, 178, 217),
(1584, 16, 227),
(1585, 16, 136),
(1586, 103, 813),
(1587, 65, 105),
(1588, 61, 480),
(1589, 38, 807),
(1590, 160, 368),
(1591, 12, 533),
(1592, 8, 67),
(1593, 126, 232),
(1594, 176, 202),
(1595, 22, 313),
(1596, 197, 408),
(1597, 173, 204),
(1598, 112, 250),
(1599, 107, 602),
(1600, 91, 223),
(1601, 179, 450),
(1602, 52, 473),
(1603, 156, 162),
(1604, 139, 513),
(1605, 148, 108),
(1606, 111, 137),
(1607, 89, 339),
(1608, 112, 221),
(1609, 35, 698),
(1610, 111, 21),
(1611, 10, 727),
(1612, 101, 733),
(1613, 19, 98),
(1614, 181, 570),
(1615, 195, 689),
(1616, 142, 653),
(1617, 119, 343),
(1618, 136, 747),
(1619, 42, 674),
(1620, 38, 929),
(1621, 32, 183),
(1622, 117, 233),
(1623, 143, 479),
(1624, 79, 439),
(1625, 52, 70),
(1626, 104, 255),
(1627, 73, 622),
(1628, 141, 62),
(1629, 43, 233),
(1630, 80, 875),
(1631, 194, 449),
(1632, 171, 666),
(1633, 85, 757),
(1634, 111, 813),
(1635, 98, 247),
(1636, 64, 577),
(1637, 144, 898),
(1638, 185, 15),
(1639, 74, 112),
(1640, 113, 605),
(1641, 65, 664),
(1642, 26, 580),
(1643, 58, 46),
(1644, 153, 582),
(1645, 2, 445),
(1646, 46, 253),
(1647, 121, 858),
(1648, 139, 42),
(1649, 126, 390),
(1650, 163, 128),
(1651, 122, 733),
(1652, 31, 396),
(1653, 84, 461),
(1654, 43, 332),
(1655, 127, 82),
(1656, 131, 244),
(1657, 123, 823),
(1658, 23, 105),
(1659, 170, 130),
(1660, 144, 663),
(1661, 45, 65),
(1662, 85, 200),
(1663, 133, 801),
(1664, 123, 509),
(1665, 84, 140),
(1666, 172, 912),
(1667, 195, 199),
(1668, 189, 132),
(1669, 32, 536),
(1670, 72, 19),
(1671, 96, 560),
(1672, 28, 373),
(1673, 130, 446),
(1674, 139, 521),
(1675, 96, 594),
(1676, 194, 301),
(1677, 194, 581),
(1678, 50, 737),
(1679, 15, 165),
(1680, 49, 434),
(1681, 20, 770),
(1682, 111, 919),
(1683, 32, 374),
(1684, 166, 825),
(1685, 61, 873),
(1686, 177, 84),
(1687, 88, 142),
(1688, 47, 147),
(1689, 197, 807),
(1690, 133, 816),
(1691, 95, 320),
(1692, 193, 910),
(1693, 76, 693),
(1694, 22, 636),
(1695, 118, 405),
(1696, 34, 496),
(1697, 38, 29),
(1698, 3, 354),
(1699, 76, 696),
(1700, 91, 522),
(1701, 197, 25),
(1702, 29, 688),
(1703, 185, 840),
(1704, 56, 25),
(1705, 188, 206),
(1706, 155, 873),
(1707, 77, 27),
(1708, 113, 750),
(1709, 11, 776),
(1710, 11, 411),
(1711, 119, 866),
(1712, 122, 864),
(1713, 97, 360),
(1714, 188, 292),
(1715, 143, 658),
(1716, 62, 567),
(1717, 161, 638),
(1718, 11, 82),
(1719, 94, 883),
(1720, 145, 464),
(1721, 134, 201),
(1722, 53, 468),
(1723, 32, 392),
(1724, 57, 278),
(1725, 88, 860),
(1726, 91, 353),
(1727, 75, 530),
(1728, 187, 324),
(1729, 73, 605),
(1730, 167, 25),
(1731, 129, 919),
(1732, 179, 262),
(1733, 13, 374),
(1734, 82, 516),
(1735, 124, 693),
(1736, 97, 157),
(1737, 78, 311),
(1738, 136, 436),
(1739, 62, 277),
(1740, 175, 216),
(1741, 163, 796),
(1742, 158, 704),
(1743, 196, 695),
(1744, 123, 708),
(1745, 137, 93),
(1746, 117, 169),
(1747, 161, 826),
(1748, 46, 488),
(1749, 181, 917),
(1750, 22, 63),
(1751, 28, 361),
(1752, 189, 700),
(1753, 125, 285),
(1754, 16, 673),
(1755, 122, 889),
(1756, 113, 265),
(1757, 148, 35),
(1758, 5, 339),
(1759, 2, 281),
(1760, 87, 363),
(1761, 145, 264),
(1762, 172, 660),
(1763, 6, 607),
(1764, 191, 382),
(1765, 190, 656),
(1766, 157, 506),
(1767, 95, 70),
(1768, 24, 588),
(1769, 161, 49),
(1770, 75, 474),
(1771, 102, 160),
(1772, 85, 219),
(1773, 177, 408),
(1774, 54, 893),
(1775, 176, 422),
(1776, 2, 375),
(1777, 75, 657),
(1778, 171, 148),
(1779, 149, 110),
(1780, 176, 673),
(1781, 191, 488),
(1782, 102, 234),
(1783, 141, 483),
(1784, 19, 45),
(1785, 145, 478),
(1786, 148, 21),
(1787, 13, 639),
(1788, 52, 159),
(1789, 199, 695),
(1790, 105, 877),
(1791, 156, 19),
(1792, 63, 539),
(1793, 152, 724),
(1794, 128, 374),
(1795, 116, 476),
(1796, 186, 588),
(1797, 98, 671),
(1798, 139, 735),
(1799, 92, 553),
(1800, 141, 674),
(1801, 113, 385),
(1802, 112, 542),
(1803, 145, 126),
(1804, 164, 642),
(1805, 67, 306),
(1806, 119, 372),
(1807, 158, 15),
(1808, 186, 516),
(1809, 78, 197),
(1810, 161, 778),
(1811, 80, 476),
(1812, 6, 792),
(1813, 113, 149),
(1814, 49, 582),
(1815, 16, 872),
(1816, 145, 813),
(1817, 108, 395),
(1818, 18, 849),
(1819, 93, 186),
(1820, 6, 944),
(1821, 149, 651),
(1822, 173, 367),
(1823, 10, 57),
(1824, 112, 627),
(1825, 39, 152),
(1826, 86, 188),
(1827, 125, 425),
(1828, 108, 244),
(1829, 87, 852),
(1830, 147, 692),
(1831, 54, 775),
(1832, 200, 435),
(1833, 191, 320),
(1834, 70, 946),
(1835, 54, 121),
(1836, 47, 691),
(1837, 13, 614),
(1838, 12, 37),
(1839, 5, 851),
(1840, 64, 495),
(1841, 148, 807),
(1842, 168, 811),
(1843, 86, 636),
(1844, 126, 232),
(1845, 199, 947),
(1846, 186, 477),
(1847, 45, 480),
(1848, 59, 443),
(1849, 29, 869),
(1850, 132, 735),
(1851, 34, 685),
(1852, 49, 387),
(1853, 184, 489),
(1854, 55, 589),
(1855, 43, 810),
(1856, 149, 117),
(1857, 139, 214),
(1858, 24, 803),
(1859, 45, 111),
(1860, 93, 426),
(1861, 189, 831),
(1862, 162, 148),
(1863, 32, 253),
(1864, 93, 761),
(1865, 60, 584),
(1866, 105, 760),
(1867, 176, 196),
(1868, 43, 626),
(1869, 127, 441),
(1870, 118, 736),
(1871, 190, 32),
(1872, 178, 612),
(1873, 192, 2),
(1874, 14, 838),
(1875, 46, 415),
(1876, 119, 439),
(1877, 47, 475),
(1878, 103, 82),
(1879, 120, 692),
(1880, 19, 838),
(1881, 76, 714),
(1882, 100, 9),
(1883, 137, 32),
(1884, 106, 483),
(1885, 117, 647),
(1886, 67, 838),
(1887, 77, 513),
(1888, 186, 898),
(1889, 78, 362),
(1890, 146, 708),
(1891, 138, 905),
(1892, 198, 204),
(1893, 7, 406),
(1894, 198, 750),
(1895, 24, 14),
(1896, 134, 645),
(1897, 147, 333),
(1898, 22, 652),
(1899, 99, 517),
(1900, 163, 429),
(1901, 168, 423),
(1902, 42, 126),
(1903, 131, 92),
(1904, 191, 498),
(1905, 66, 616),
(1906, 18, 75),
(1907, 55, 560),
(1908, 44, 478),
(1909, 77, 793),
(1910, 20, 479),
(1911, 16, 59),
(1912, 9, 307),
(1913, 92, 789),
(1914, 133, 552),
(1915, 171, 566),
(1916, 164, 889),
(1917, 187, 775),
(1918, 9, 821),
(1919, 21, 530),
(1920, 109, 929),
(1921, 44, 923),
(1922, 165, 306),
(1923, 121, 743),
(1924, 125, 299),
(1925, 46, 935),
(1926, 188, 161),
(1927, 118, 374),
(1928, 133, 795),
(1929, 145, 908),
(1930, 147, 626),
(1931, 197, 835),
(1932, 82, 512),
(1933, 56, 59),
(1934, 52, 808),
(1935, 102, 637),
(1936, 46, 208),
(1937, 122, 683),
(1938, 134, 482),
(1939, 160, 601),
(1940, 125, 47),
(1941, 142, 779),
(1942, 70, 580),
(1943, 140, 708),
(1944, 75, 698),
(1945, 20, 521),
(1946, 51, 706),
(1947, 84, 439),
(1948, 34, 608),
(1949, 33, 876),
(1950, 182, 533),
(1951, 47, 347),
(1952, 195, 520),
(1953, 32, 405),
(1954, 51, 925),
(1955, 40, 652),
(1956, 142, 655),
(1957, 105, 747),
(1958, 76, 427),
(1959, 157, 269),
(1960, 15, 694),
(1961, 49, 778),
(1962, 112, 541),
(1963, 81, 699),
(1964, 26, 164),
(1965, 121, 897),
(1966, 97, 443),
(1967, 108, 80),
(1968, 121, 632),
(1969, 31, 335),
(1970, 32, 887),
(1971, 57, 155),
(1972, 6, 789),
(1973, 177, 613),
(1974, 69, 103),
(1975, 62, 455),
(1976, 163, 631),
(1977, 91, 438),
(1978, 136, 877),
(1979, 182, 742),
(1980, 107, 821),
(1981, 157, 154),
(1982, 149, 279),
(1983, 141, 389),
(1984, 97, 58),
(1985, 118, 308),
(1986, 139, 267),
(1987, 103, 87),
(1988, 25, 596),
(1989, 132, 425),
(1990, 51, 411),
(1991, 43, 453),
(1992, 118, 942),
(1993, 13, 828),
(1994, 173, 641),
(1995, 199, 711),
(1996, 47, 943),
(1997, 119, 678),
(1998, 200, 703),
(1999, 169, 718),
(2000, 104, 314);

--
-- Constraints for dumped tables
--

--
-- Constraints for table `inventory`
--
ALTER TABLE `inventory`
  ADD CONSTRAINT `FK_ITEMID` FOREIGN KEY (`item_id`) REFERENCES `item` (`item_id`) ON DELETE NO ACTION ON UPDATE NO ACTION,
  ADD CONSTRAINT `FK_PLAYERID` FOREIGN KEY (`character_id`) REFERENCES `player` (`player_id`) ON DELETE NO ACTION ON UPDATE NO ACTION;

--
-- Constraints for table `item`
--
ALTER TABLE `item`
  ADD CONSTRAINT `FK_CATID` FOREIGN KEY (`itemCategory_id`) REFERENCES `itemcategory` (`itemCategory_id`) ON DELETE NO ACTION ON UPDATE NO ACTION,
  ADD CONSTRAINT `FK_QUALITY` FOREIGN KEY (`itemQuality_id`) REFERENCES `itemquality` (`itemQuality_id`) ON DELETE NO ACTION ON UPDATE NO ACTION;

--
-- Constraints for table `party`
--
ALTER TABLE `party`
  ADD CONSTRAINT `FK_PARTY_LEADER` FOREIGN KEY (`leader`) REFERENCES `player` (`player_id`) ON DELETE NO ACTION ON UPDATE NO ACTION;

--
-- Constraints for table `player`
--
ALTER TABLE `player`
  ADD CONSTRAINT `FK_GUILDID` FOREIGN KEY (`guild_id`) REFERENCES `guild` (`guild_id`) ON DELETE SET NULL ON UPDATE NO ACTION,
  ADD CONSTRAINT `FK_PARTYID` FOREIGN KEY (`party_id`) REFERENCES `party` (`party_id`) ON DELETE SET NULL ON UPDATE NO ACTION;

--
-- Constraints for table `tableloot`
--
ALTER TABLE `tableloot`
  ADD CONSTRAINT `FK_ITEM_ID` FOREIGN KEY (`item_id`) REFERENCES `item` (`item_id`) ON DELETE NO ACTION ON UPDATE NO ACTION,
  ADD CONSTRAINT `FK_MOB_ID` FOREIGN KEY (`mob_id`) REFERENCES `mob` (`mob_id`) ON DELETE NO ACTION ON UPDATE NO ACTION;
COMMIT;

/*!40101 SET CHARACTER_SET_CLIENT=@OLD_CHARACTER_SET_CLIENT */;
/*!40101 SET CHARACTER_SET_RESULTS=@OLD_CHARACTER_SET_RESULTS */;
/*!40101 SET COLLATION_CONNECTION=@OLD_COLLATION_CONNECTION */;
