-- phpMyAdmin SQL Dump
-- version 5.2.0
-- https://www.phpmyadmin.net/
--
-- Host: 127.0.0.1:3307
-- Generation Time: May 26, 2023 at 05:45 AM
-- Server version: 10.6.5-MariaDB
-- PHP Version: 8.2.0

SET SQL_MODE = "NO_AUTO_VALUE_ON_ZERO";
START TRANSACTION;
SET time_zone = "+00:00";


/*!40101 SET @OLD_CHARACTER_SET_CLIENT=@@CHARACTER_SET_CLIENT */;
/*!40101 SET @OLD_CHARACTER_SET_RESULTS=@@CHARACTER_SET_RESULTS */;
/*!40101 SET @OLD_COLLATION_CONNECTION=@@COLLATION_CONNECTION */;
/*!40101 SET NAMES utf8mb4 */;

--
-- Database: `gettested`
--

-- --------------------------------------------------------

--
-- Table structure for table `countries`
--

DROP TABLE IF EXISTS `countries`;
CREATE TABLE IF NOT EXISTS `countries` (
  `country_id` int(11) NOT NULL AUTO_INCREMENT,
  `label` varchar(255) NOT NULL,
  `countryNationality` varchar(255) NOT NULL,
  `countryLanguage` varchar(255) NOT NULL,
  `code` varchar(255) NOT NULL,
  PRIMARY KEY (`country_id`)
) ENGINE=InnoDB AUTO_INCREMENT=250 DEFAULT CHARSET=utf8mb4;

--
-- Dumping data for table `countries`
--

INSERT INTO `countries` (`country_id`, `label`, `countryNationality`, `countryLanguage`, `code`) VALUES
(1, 'Afghanistan', 'Afghan', 'Afghan', 'AF'),
(2, 'Åland Islands', 'Åland Island', 'Åland Island', 'AX'),
(3, 'Albania', 'Albanian', 'Albanian', 'AL'),
(4, 'Algeria', 'Algerian', 'Algerian', 'DZ'),
(5, 'American Samoa', 'American Samoan', 'American Samoan', 'AS'),
(6, 'Andorra', 'Andorran', 'Andorran', 'AD'),
(7, 'Angola', 'Angolan', 'Angolan', 'AO'),
(8, 'Anguilla', 'Anguillan', 'Anguillan', 'AI'),
(9, 'Antarctica', 'Antarctic', 'Antarctic', 'AQ'),
(10, 'Antigua and Barbuda', 'Antiguan or Barbudan', 'Antiguan or Barbudan', 'AG'),
(11, 'Argentina', 'Argentine', 'Argentine', 'AR'),
(12, 'Armenia', 'Armenian', 'Armenian', 'AM'),
(13, 'Aruba', 'Aruban', 'Aruban', 'AW'),
(14, 'Australia', 'Australian', 'Australian', 'AU'),
(15, 'Austria', 'Austrian', 'Austrian', 'AT'),
(16, 'Azerbaijan', 'Azerbaijani, Azeri', 'Azerbaijani, Azeri', 'AZ'),
(17, 'Bahamas', 'Bahamian', 'Bahamian', 'BS'),
(18, 'Bahrain', 'Bahraini', 'Bahraini', 'BH'),
(19, 'Bangladesh', 'Bangladeshi', 'Bangladeshi', 'BD'),
(20, 'Barbados', 'Barbadian', 'Barbadian', 'BB'),
(21, 'Belarus', 'Belarusian', 'Belarusian', 'BY'),
(22, 'Belgium', 'Belgian', 'Belgian', 'BE'),
(23, 'Belize', 'Belizean', 'Belizean', 'BZ'),
(24, 'Benin', 'Beninese, Beninois', 'Beninese, Beninois', 'BJ'),
(25, 'Bermuda', 'Bermudian, Bermudan', 'Bermudian, Bermudan', 'BM'),
(26, 'Bhutan', 'Bhutanese', 'Bhutanese', 'BT'),
(27, 'Bolivia (Plurinational State of)', 'Bolivian', 'Bolivian', 'BO'),
(28, 'Bonaire, Sint Eustatius and Saba', 'Bonaire', 'Bonaire', 'BQ'),
(29, 'Bosnia and Herzegovina', 'Bosnian or Herzegovinian', 'Bosnian or Herzegovinian', 'BA'),
(30, 'Botswana', 'Motswana, Botswanan', 'Motswana, Botswanan', 'BW'),
(31, 'Bouvet Island', 'Bouvet Island', 'Bouvet Island', 'BV'),
(32, 'Brazil', 'Brazilian', 'Brazilian', 'BR'),
(33, 'British Indian Ocean Territory', 'BIOT', 'BIOT', 'IO'),
(34, 'Brunei Darussalam', 'Bruneian', 'Bruneian', 'BN'),
(35, 'Bulgaria', 'Bulgarian', 'Bulgarian', 'BG'),
(36, 'Burkina Faso', 'Burkinabé', 'Burkinabé', 'BF'),
(37, 'Burundi', 'Burundian', 'Burundian', 'BI'),
(38, 'Cabo Verde', 'Cabo Verdean', 'Cabo Verdean', 'CV'),
(39, 'Cambodia', 'Cambodian', 'Cambodian', 'KH'),
(40, 'Cameroon', 'Cameroonian', 'Cameroonian', 'CM'),
(41, 'Canada', 'Canadian', 'Canadian', 'CA'),
(42, 'Cayman Islands', 'Caymanian', 'Caymanian', 'KY'),
(43, 'Central African Republic', 'Central African', 'Central African', 'CF'),
(44, 'Chad', 'Chadian', 'Chadian', 'TD'),
(45, 'Chile', 'Chilean', 'Chilean', 'CL'),
(46, 'China', 'Chinese', 'Chinese', 'CN'),
(47, 'Christmas Island', 'Christmas Island', 'Christmas Island', 'CX'),
(48, 'Cocos (Keeling) Islands', 'Cocos Island', 'Cocos Island', 'CC'),
(49, 'Colombia', 'Colombian', 'Colombian', 'CO'),
(50, 'Comoros', 'Comoran, Comorian', 'Comoran, Comorian', 'KM'),
(51, 'Congo (Republic of the)', 'Congolese', 'Congolese', 'CG'),
(52, 'Congo (Democratic Republic of the)', 'Congolese', 'Congolese', 'CD'),
(53, 'Cook Islands', 'Cook Island', 'Cook Island', 'CK'),
(54, 'Costa Rica', 'Costa Rican', 'Costa Rican', 'CR'),
(55, 'Côte d\'Ivoire', 'Ivorian', 'Ivorian', 'CI'),
(56, 'Croatia', 'Croatian', 'Croatian', 'HR'),
(57, 'Cuba', 'Cuban', 'Cuban', 'CU'),
(58, 'Curaçao', 'Curaçaoan', 'Curaçaoan', 'CW'),
(59, 'Cyprus', 'Cypriot', 'Cypriot', 'CY'),
(60, 'Czech Republic', 'Czech', 'Czech', 'CZ'),
(61, 'Denmark', 'Danish', 'Danish', 'DK'),
(62, 'Djibouti', 'Djiboutian', 'Djiboutian', 'DJ'),
(63, 'Dominica', 'Dominican', 'Dominican', 'DM'),
(64, 'Dominican Republic', 'Dominican', 'Dominican', 'DO'),
(65, 'Ecuador', 'Ecuadorian', 'Ecuadorian', 'EC'),
(66, 'Egypt', 'Egyptian', 'Egyptian', 'EG'),
(67, 'El Salvador', 'Salvadoran', 'Salvadoran', 'SV'),
(68, 'Equatorial Guinea', 'Equatorial Guinean, Equatoguinean', 'Equatorial Guinean, Equatoguinean', 'GQ'),
(69, 'Eritrea', 'Eritrean', 'Eritrean', 'ER'),
(70, 'Estonia', 'Estonian', 'Estonian', 'EE'),
(71, 'Ethiopia', 'Ethiopian', 'Ethiopian', 'ET'),
(72, 'Falkland Islands (Malvinas)', 'Falkland Island', 'Falkland Island', 'FK'),
(73, 'Faroe Islands', 'Faroese', 'Faroese', 'FO'),
(74, 'Fiji', 'Fijian', 'Fijian', 'FJ'),
(75, 'Finland', 'Finnish', 'Finnish', 'FI'),
(76, 'France', 'French', 'French', 'FR'),
(77, 'French Guiana', 'French Guianese', 'French Guianese', 'GF'),
(78, 'French Polynesia', 'French Polynesian', 'French Polynesian', 'PF'),
(79, 'French Southern Territories', 'French Southern Territories', 'French Southern Territories', 'TF'),
(80, 'Gabon', 'Gabonese', 'Gabonese', 'GA'),
(81, 'Gambia', 'Gambian', 'Gambian', 'GM'),
(82, 'Georgia', 'Georgian', 'Georgian', 'GE'),
(83, 'Germany', 'German', 'German', 'DE'),
(84, 'Ghana', 'Ghanaian', 'Ghanaian', 'GH'),
(85, 'Gibraltar', 'Gibraltar', 'Gibraltar', 'GI'),
(86, 'Greece', 'Greek, Hellenic', 'Greek, Hellenic', 'GR'),
(87, 'Greenland', 'Greenlandic', 'Greenlandic', 'GL'),
(88, 'Grenada', 'Grenadian', 'Grenadian', 'GD'),
(89, 'Guadeloupe', 'Guadeloupe', 'Guadeloupe', 'GP'),
(90, 'Guam', 'Guamanian, Guambat', 'Guamanian, Guambat', 'GU'),
(91, 'Guatemala', 'Guatemalan', 'Guatemalan', 'GT'),
(92, 'Guernsey', 'Channel Island', 'Channel Island', 'GG'),
(93, 'Guinea', 'Guinean', 'Guinean', 'GN'),
(94, 'Guinea-Bissau', 'Bissau-Guinean', 'Bissau-Guinean', 'GW'),
(95, 'Guyana', 'Guyanese', 'Guyanese', 'GY'),
(96, 'Haiti', 'Haitian', 'Haitian', 'HT'),
(97, 'Heard Island and McDonald Islands', 'Heard Island or McDonald Islands', 'Heard Island or McDonald Islands', 'HM'),
(98, 'Vatican City State', 'Vatican', 'Vatican', 'VA'),
(99, 'Honduras', 'Honduran', 'Honduran', 'HN'),
(100, 'Hong Kong', 'Hong Kong, Hong Kongese', 'Hong Kong, Hong Kongese', 'HK'),
(101, 'Hungary', 'Hungarian, Magyar', 'Hungarian, Magyar', 'HU'),
(102, 'Iceland', 'Icelandic', 'Icelandic', 'IS'),
(103, 'India', 'Indian', 'Indian', 'IN'),
(104, 'Indonesia', 'Indonesian', 'Indonesian', 'ID'),
(105, 'Iran', 'Iranian, Persian', 'Iranian, Persian', 'IR'),
(106, 'Iraq', 'Iraqi', 'Iraqi', 'IQ'),
(107, 'Ireland', 'Irish', 'Irish', 'IE'),
(108, 'Isle of Man', 'Manx', 'Manx', 'IM'),
(109, 'Israel', 'Israeli', 'Israeli', 'IL'),
(110, 'Italy', 'Italian', 'Italian', 'IT'),
(111, 'Jamaica', 'Jamaican', 'Jamaican', 'JM'),
(112, 'Japan', 'Japanese', 'Japanese', 'JP'),
(113, 'Jersey', 'Channel Island', 'Channel Island', 'JE'),
(114, 'Jordan', 'Jordanian', 'Jordanian', 'JO'),
(115, 'Kazakhstan', 'Kazakhstani, Kazakh', 'Kazakhstani, Kazakh', 'KZ'),
(116, 'Kenya', 'Kenyan', 'Kenyan', 'KE'),
(117, 'Kiribati', 'I-Kiribati', 'I-Kiribati', 'KI'),
(118, 'Korea (Democratic People\'s Republic of)', 'North Korean', 'North Korean', 'KP'),
(119, 'Korea (Republic of)', 'South Korean', 'South Korean', 'KR'),
(120, 'Kuwait', 'Kuwaiti', 'Kuwaiti', 'KW'),
(121, 'Kyrgyzstan', 'Kyrgyzstani, Kyrgyz, Kirgiz, Kirghiz', 'Kyrgyzstani, Kyrgyz, Kirgiz, Kirghiz', 'KG'),
(122, 'Lao People\'s Democratic Republic', 'Lao, Laotian', 'Lao, Laotian', 'LA'),
(123, 'Latvia', 'Latvian', 'Latvian', 'LV'),
(124, 'Lebanon', 'Lebanese', 'Lebanese', 'LB'),
(125, 'Lesotho', 'Basotho', 'Basotho', 'LS'),
(126, 'Liberia', 'Liberian', 'Liberian', 'LR'),
(127, 'Libya', 'Libyan', 'Libyan', 'LY'),
(128, 'Liechtenstein', 'Liechtenstein', 'Liechtenstein', 'LI'),
(129, 'Lithuania', 'Lithuanian', 'Lithuanian', 'LT'),
(130, 'Luxembourg', 'Luxembourg, Luxembourgish', 'Luxembourg, Luxembourgish', 'LU'),
(131, 'Macao', 'Macanese, Chinese', 'Macanese, Chinese', 'MO'),
(132, 'Macedonia (the former Yugoslav Republic of)', 'Macedonian', 'Macedonian', 'MK'),
(133, 'Madagascar', 'Malagasy', 'Malagasy', 'MG'),
(134, 'Malawi', 'Malawian', 'Malawian', 'MW'),
(135, 'Malaysia', 'Malaysian', 'Malaysian', 'MY'),
(136, 'Maldives', 'Maldivian', 'Maldivian', 'MV'),
(137, 'Mali', 'Malian, Malinese', 'Malian, Malinese', 'ML'),
(138, 'Malta', 'Maltese', 'Maltese', 'MT'),
(139, 'Marshall Islands', 'Marshallese', 'Marshallese', 'MH'),
(140, 'Martinique', 'Martiniquais, Martinican', 'Martiniquais, Martinican', 'MQ'),
(141, 'Mauritania', 'Mauritanian', 'Mauritanian', 'MR'),
(142, 'Mauritius', 'Mauritian', 'Mauritian', 'MU'),
(143, 'Mayotte', 'Mahoran', 'Mahoran', 'YT'),
(144, 'Mexico', 'Mexican', 'Mexican', 'MX'),
(145, 'Micronesia (Federated States of)', 'Micronesian', 'Micronesian', 'FM'),
(146, 'Moldova (Republic of)', 'Moldovan', 'Moldovan', 'MD'),
(147, 'Monaco', 'Monégasque, Monacan', 'Monégasque, Monacan', 'MC'),
(148, 'Mongolia', 'Mongolian', 'Mongolian', 'MN'),
(149, 'Montenegro', 'Montenegrin', 'Montenegrin', 'ME'),
(150, 'Montserrat', 'Montserratian', 'Montserratian', 'MS'),
(151, 'Morocco', 'Moroccan', 'Moroccan', 'MA'),
(152, 'Mozambique', 'Mozambican', 'Mozambican', 'MZ'),
(153, 'Myanmar', 'Burmese', 'Burmese', 'MM'),
(154, 'Namibia', 'Namibian', 'Namibian', 'NA'),
(155, 'Nauru', 'Nauruan', 'Nauruan', 'NR'),
(156, 'Nepal', 'Nepali, Nepalese', 'Nepali, Nepalese', 'NP'),
(157, 'Netherlands', 'Dutch, Netherlandic', 'Dutch, Netherlandic', 'NL'),
(158, 'New Caledonia', 'New Caledonian', 'New Caledonian', 'NC'),
(159, 'New Zealand', 'New Zealand, NZ', 'New Zealand, NZ', 'NZ'),
(160, 'Nicaragua', 'Nicaraguan', 'Nicaraguan', 'NI'),
(161, 'Niger', 'Nigerien', 'Nigerien', 'NE'),
(162, 'Nigeria', 'Nigerian', 'Nigerian', 'NG'),
(163, 'Niue', 'Niuean', 'Niuean', 'NU'),
(164, 'Norfolk Island', 'Norfolk Island', 'Norfolk Island', 'NF'),
(165, 'Northern Mariana Islands', 'Northern Marianan', 'Northern Marianan', 'MP'),
(166, 'Norway', 'Norwegian', 'Norwegian', 'NO'),
(167, 'Oman', 'Omani', 'Omani', 'OM'),
(168, 'Pakistan', 'Pakistani', 'Pakistani', 'PK'),
(169, 'Palau', 'Palauan', 'Palauan', 'PW'),
(170, 'Palestine, State of', 'Palestinian', 'Palestinian', 'PS'),
(171, 'Panama', 'Panamanian', 'Panamanian', 'PA'),
(172, 'Papua New Guinea', 'Papua New Guinean, Papuan', 'Papua New Guinean, Papuan', 'PG'),
(173, 'Paraguay', 'Paraguayan', 'Paraguayan', 'PY'),
(174, 'Peru', 'Peruvian', 'Peruvian', 'PE'),
(175, 'Philippines', 'Philippine, Filipino', 'Philippine, Filipino', 'PH'),
(176, 'Pitcairn', 'Pitcairn Island', 'Pitcairn Island', 'PN'),
(177, 'Poland', 'Polish', 'Polish', 'PL'),
(178, 'Portugal', 'Portuguese', 'Portuguese', 'PT'),
(179, 'Puerto Rico', 'Puerto Rican', 'Puerto Rican', 'PR'),
(180, 'Qatar', 'Qatari', 'Qatari', 'QA'),
(181, 'Réunion', 'Réunionese, Réunionnais', 'Réunionese, Réunionnais', 'RE'),
(182, 'Romania', 'Romanian', 'Romanian', 'RO'),
(183, 'Russian Federation', 'Russian', 'Russian', 'RU'),
(184, 'Rwanda', 'Rwandan', 'Rwandan', 'RW'),
(185, 'Saint Barthélemy', 'Barthélemois', 'Barthélemois', 'BL'),
(186, 'Saint Helena, Ascension and Tristan da Cunha', 'Saint Helenian', 'Saint Helenian', 'SH'),
(187, 'Saint Kitts and Nevis', 'Kittitian or Nevisian', 'Kittitian or Nevisian', 'KN'),
(188, 'Saint Lucia', 'Saint Lucian', 'Saint Lucian', 'LC'),
(189, 'Saint Martin (French part)', 'Saint-Martinoise', 'Saint-Martinoise', 'MF'),
(190, 'Saint Pierre and Miquelon', 'Saint-Pierrais or Miquelonnais', 'Saint-Pierrais or Miquelonnais', 'PM'),
(191, 'Saint Vincent and the Grenadines', 'Saint Vincentian, Vincentian', 'Saint Vincentian, Vincentian', 'VC'),
(192, 'Samoa', 'Samoan', 'Samoan', 'WS'),
(193, 'San Marino', 'Sammarinese', 'Sammarinese', 'SM'),
(194, 'Sao Tome and Principe', 'São Toméan', 'São Toméan', 'ST'),
(195, 'Saudi Arabia', 'Saudi, Saudi Arabian', 'Saudi, Saudi Arabian', 'SA'),
(196, 'Senegal', 'Senegalese', 'Senegalese', 'SN'),
(197, 'Serbia', 'Serbian', 'Serbian', 'RS'),
(198, 'Seychelles', 'Seychellois', 'Seychellois', 'SC'),
(199, 'Sierra Leone', 'Sierra Leonean', 'Sierra Leonean', 'SL'),
(200, 'Singapore', 'Singaporean', 'Singaporean', 'SG'),
(201, 'Sint Maarten (Dutch part)', 'Sint Maarten', 'Sint Maarten', 'SX'),
(202, 'Slovakia', 'Slovak', 'Slovak', 'SK'),
(203, 'Slovenia', 'Slovenian, Slovene', 'Slovenian, Slovene', 'SI'),
(204, 'Solomon Islands', 'Solomon Island', 'Solomon Island', 'SB'),
(205, 'Somalia', 'Somali, Somalian', 'Somali, Somalian', 'SO'),
(206, 'South Africa', 'South African', 'South African', 'ZA'),
(207, 'South Georgia and the South Sandwich Islands', 'South Georgia or South Sandwich Islands', 'South Georgia or South Sandwich Islands', 'GS'),
(208, 'South Sudan', 'South Sudanese', 'South Sudanese', 'SS'),
(209, 'Spain', 'Spanish', 'Spanish', 'ES'),
(210, 'Sri Lanka', 'Sri Lankan', 'Sri Lankan', 'LK'),
(211, 'Sudan', 'Sudanese', 'Sudanese', 'SD'),
(212, 'Suriname', 'Surinamese', 'Surinamese', 'SR'),
(213, 'Svalbard and Jan Mayen', 'Svalbard', 'Svalbard', 'SJ'),
(214, 'Swaziland', 'Swazi', 'Swazi', 'SZ'),
(215, 'Sweden', 'Swedish', 'Swedish', 'SE'),
(216, 'Switzerland', 'Swiss', 'Swiss', 'CH'),
(217, 'Syrian Arab Republic', 'Syrian', 'Syrian', 'SY'),
(218, 'Taiwan, Province of China', 'Chinese, Taiwanese', 'Chinese, Taiwanese', 'TW'),
(219, 'Tajikistan', 'Tajikistani', 'Tajikistani', 'TJ'),
(220, 'Tanzania, United Republic of', 'Tanzanian', 'Tanzanian', 'TZ'),
(221, 'Thailand', 'Thai', 'Thai', 'TH'),
(222, 'Timor-Leste', 'Timorese', 'Timorese', 'TL'),
(223, 'Togo', 'Togolese', 'Togolese', 'TG'),
(224, 'Tokelau', 'Tokelauan', 'Tokelauan', 'TK'),
(225, 'Tonga', 'Tongan', 'Tongan', 'TO'),
(226, 'Trinidad and Tobago', 'Trinidadian or Tobagonian', 'Trinidadian or Tobagonian', 'TT'),
(227, 'Tunisia', 'Tunisian', 'Tunisian', 'TN'),
(228, 'Turkey', 'Turkish', 'Turkish', 'TR'),
(229, 'Turkmenistan', 'Turkmen', 'Turkmen', 'TM'),
(230, 'Turks and Caicos Islands', 'Turks and Caicos Island', 'Turks and Caicos Island', 'TC'),
(231, 'Tuvalu', 'Tuvaluan', 'Tuvaluan', 'TV'),
(232, 'Uganda', 'Ugandan', 'Ugandan', 'UG'),
(233, 'Ukraine', 'Ukrainian', 'Ukrainian', 'UA'),
(234, 'United Arab Emirates', 'Emirati, Emirian, Emiri', 'Emirati, Emirian, Emiri', 'AE'),
(235, 'United Kingdom of Great Britain and Northern Ireland', 'British, UK', 'British, UK', 'GB'),
(236, 'United States Minor Outlying Islands', 'American', 'American', 'UM'),
(237, 'United States of America', 'American', 'American', 'US'),
(238, 'Uruguay', 'Uruguayan', 'Uruguayan', 'UY'),
(239, 'Uzbekistan', 'Uzbekistani, Uzbek', 'Uzbekistani, Uzbek', 'UZ'),
(240, 'Vanuatu', 'Ni-Vanuatu, Vanuatuan', 'Ni-Vanuatu, Vanuatuan', 'VU'),
(241, 'Venezuela (Bolivarian Republic of)', 'Venezuelan', 'Venezuelan', 'VE'),
(242, 'Vietnam', 'Vietnamese', 'Vietnamese', 'VN'),
(243, 'Virgin Islands (British)', 'British Virgin Island', 'British Virgin Island', 'VG'),
(244, 'Virgin Islands (U.S.)', 'U.S. Virgin Island', 'U.S. Virgin Island', 'VI'),
(245, 'Wallis and Futuna', 'Wallis and Futuna, Wallisian or Futunan', 'Wallis and Futuna, Wallisian or Futunan', 'WF'),
(246, 'Western Sahara', 'Sahrawi, Sahrawian, Sahraouian', 'Sahrawi, Sahrawian, Sahraouian', 'EH'),
(247, 'Yemen', 'Yemeni', 'Yemeni', 'YE'),
(248, 'Zambia', 'Zambian', 'Zambian', 'ZM'),
(249, 'Zimbabwe', 'Zimbabwean', 'Zimbabwean', 'ZW');

-- --------------------------------------------------------

--
-- Table structure for table `csv_items`
--

DROP TABLE IF EXISTS `csv_items`;
CREATE TABLE IF NOT EXISTS `csv_items` (
  `csvItem_id` int(11) NOT NULL AUTO_INCREMENT,
  `field` varchar(255) NOT NULL,
  `label` varchar(255) DEFAULT NULL,
  `inLine` tinyint(1) DEFAULT NULL,
  `test_id` int(11) NOT NULL,
  PRIMARY KEY (`csvItem_id`),
  KEY `test_id` (`test_id`)
) ENGINE=InnoDB AUTO_INCREMENT=3 DEFAULT CHARSET=utf8mb4;

--
-- Dumping data for table `csv_items`
--

INSERT INTO `csv_items` (`csvItem_id`, `field`, `label`, `inLine`, `test_id`) VALUES
(1, 'User_firstname;User_lastname;User_phone;Exam_label;sessionHasExam_adressExam;sessionUserOption_isCandidate;Examinator_firstname;Examinator_lastname', 'Prénom;Nom;Téléphone;Epreuve;AdressEpreuve;EstCandidat;PrénomExaminateur;NomExaminateur', 0, 3),
(2, 'User_firstname;User_city;Exam_label', 'Prénom;City;Epreuve', 1, 4);

-- --------------------------------------------------------

--
-- Table structure for table `documents`
--

DROP TABLE IF EXISTS `documents`;
CREATE TABLE IF NOT EXISTS `documents` (
  `document_id` int(11) NOT NULL AUTO_INCREMENT,
  `institut_id` int(11) DEFAULT NULL,
  `filename` varchar(255) NOT NULL,
  `filepath` varchar(255) NOT NULL,
  `doctype` int(11) NOT NULL,
  `comments` varchar(255) DEFAULT NULL,
  `createdAt` datetime NOT NULL,
  `updatedAt` datetime NOT NULL,
  PRIMARY KEY (`document_id`),
  KEY `institut_id` (`institut_id`)
) ENGINE=InnoDB DEFAULT CHARSET=utf8mb4;

-- --------------------------------------------------------

--
-- Table structure for table `empowerment_tests`
--

DROP TABLE IF EXISTS `empowerment_tests`;
CREATE TABLE IF NOT EXISTS `empowerment_tests` (
  `empowermentTest_id` int(11) NOT NULL AUTO_INCREMENT,
  `user_id` int(11) NOT NULL,
  `institut_id` int(11) NOT NULL,
  `test_id` int(11) NOT NULL,
  `code` varchar(255) DEFAULT NULL,
  PRIMARY KEY (`empowermentTest_id`),
  UNIQUE KEY `compositeKey` (`test_id`,`user_id`,`institut_id`),
  KEY `user_id` (`user_id`),
  KEY `institut_id` (`institut_id`)
) ENGINE=InnoDB AUTO_INCREMENT=376 DEFAULT CHARSET=utf8mb4;

--
-- Dumping data for table `empowerment_tests`
--

INSERT INTO `empowerment_tests` (`empowermentTest_id`, `user_id`, `institut_id`, `test_id`, `code`) VALUES
(1, 6, 1, 5, 'C318NP'),
(2, 11, 1, 4, 'DLTH58'),
(3, 21, 1, 3, 'HBQH6S'),
(4, 25, 1, 5, '4URE06'),
(5, 26, 1, 2, 'UPMWSC'),
(6, 29, 1, 4, 'UJSD4N'),
(7, 30, 1, 5, 'QYK8IE'),
(8, 32, 1, 2, 'DQUZT7'),
(9, 37, 1, 4, '55B0BT'),
(10, 38, 1, 1, '36IS2P'),
(11, 39, 1, 5, 'LLEO90'),
(12, 42, 1, 5, 'J2347A'),
(13, 44, 1, 1, 'XE6OZZ'),
(14, 45, 1, 4, '7CG2B1'),
(15, 47, 1, 4, '7GGAG5'),
(16, 50, 1, 4, '3BZCUZ'),
(17, 52, 1, 2, 'BMQ0JP'),
(18, 53, 1, 1, 'NACQVE'),
(19, 54, 1, 4, 'ULM6GF'),
(20, 59, 1, 2, '8281ME'),
(21, 62, 1, 2, 'WLJAZJ'),
(22, 64, 1, 2, 'ES30QU'),
(23, 66, 1, 3, 'CF5JWH'),
(24, 70, 1, 3, 'UPY4FI'),
(25, 74, 1, 4, 'RUTF7H'),
(26, 78, 1, 1, 'D2GYYW'),
(27, 79, 1, 4, 'MCTLX1'),
(28, 82, 1, 1, 'HJRX9Z'),
(29, 87, 1, 1, '7XM9Q5'),
(30, 88, 1, 1, 'U5SY3T'),
(31, 89, 1, 4, 'YZTQDR'),
(32, 90, 1, 2, 'EXJS29'),
(33, 92, 1, 2, 'DZT309'),
(34, 97, 1, 3, 'WEAJMA'),
(35, 98, 1, 5, '6CAPBZ'),
(36, 102, 1, 5, 'G2XSSN'),
(37, 103, 1, 3, 'Y4E2F5'),
(38, 104, 1, 2, 'TXZRPG'),
(39, 107, 1, 2, 'KJCHMF'),
(40, 110, 1, 4, '745R46'),
(41, 111, 1, 1, 'M7PW62'),
(42, 113, 1, 5, 'G73I8G'),
(43, 118, 1, 1, 'K81Z3I'),
(44, 122, 1, 5, 'OCY12R'),
(45, 124, 1, 5, 'QO2WYI'),
(46, 128, 1, 5, 'S00JG5'),
(47, 129, 1, 5, 'ZX6ZAG'),
(48, 132, 1, 5, 'PWUU4Z'),
(49, 133, 1, 4, 'MBA6DG'),
(50, 136, 1, 5, '6SR29Y'),
(51, 137, 1, 4, 'IC5GZF'),
(52, 140, 1, 3, 'P35N37'),
(53, 141, 1, 1, 'IJKMR7'),
(54, 142, 1, 3, 'UG0HD7'),
(55, 145, 1, 3, 'U1GF0L'),
(56, 153, 1, 4, '3SSBWE'),
(57, 155, 1, 2, 'ZSKVVC'),
(58, 156, 1, 3, 'QFECHJ'),
(59, 157, 1, 3, 'AXABVC'),
(60, 160, 1, 2, 'JAGCRB'),
(61, 162, 1, 3, 'IYTWXQ'),
(62, 166, 1, 1, '3OLQEF'),
(63, 167, 1, 1, 'UGHEN5'),
(64, 168, 1, 2, 'ZSCQQE'),
(65, 170, 1, 4, 'T3HZ11'),
(66, 172, 1, 1, 'IJJRAI'),
(67, 174, 1, 5, 'DS7BUS'),
(68, 175, 1, 2, 'FI4Q8U'),
(69, 178, 1, 1, '763D5N'),
(70, 181, 1, 2, 'J6Q4U2'),
(71, 182, 1, 5, 'MXB6KN'),
(72, 202, 1, 4, 'DSQ0YS'),
(73, 203, 1, 1, '388EKT'),
(74, 213, 1, 1, 'Z207VD'),
(75, 218, 1, 4, 'GSOXAI'),
(76, 220, 1, 2, 'J87CZ4'),
(77, 221, 1, 1, 'CCC9NX'),
(78, 225, 1, 4, 'T7WXQD'),
(79, 229, 1, 5, 'CA1U63'),
(80, 233, 1, 3, 'T38FDN'),
(81, 235, 1, 4, '5Q137S'),
(82, 236, 1, 1, 'GFYKGL'),
(83, 240, 1, 2, '33SPJD'),
(84, 249, 1, 3, 'R9B75Z'),
(85, 250, 1, 2, 'ZQQWH3'),
(86, 251, 1, 3, 'SVKFSL'),
(87, 254, 1, 2, '1MXAT7'),
(88, 258, 1, 3, '8S1B2Q'),
(89, 259, 1, 1, '5UH1WQ'),
(90, 260, 1, 2, 'CG9O9C'),
(91, 263, 1, 5, '443PPN'),
(92, 267, 1, 2, 'VBK8KF'),
(93, 272, 1, 5, 'ZRAME7'),
(94, 273, 1, 1, '7K9U70'),
(95, 276, 1, 2, '6MKUPG'),
(96, 279, 1, 4, 'RQXNUB'),
(97, 280, 1, 2, 'BF8KVO'),
(98, 287, 1, 2, '9B6W74'),
(99, 288, 1, 1, '7XJ8CF'),
(100, 289, 1, 1, '14AYRH'),
(101, 290, 1, 3, 'UC1XQ6'),
(102, 292, 1, 1, '5CCDV5'),
(103, 300, 1, 3, 'LDVNG8'),
(104, 301, 1, 3, 'A8NWOW'),
(105, 302, 1, 2, 'KYTB44'),
(106, 303, 1, 4, 'QMWRNX'),
(107, 306, 1, 5, '76B23G'),
(108, 307, 1, 5, 'NCQDYA'),
(109, 308, 1, 3, 'SITR2Q'),
(110, 309, 1, 5, 'RDKGDC'),
(111, 315, 1, 4, 'Q9G3B2'),
(112, 316, 1, 1, '9YWNPV'),
(113, 317, 1, 1, 'VQ06SW'),
(114, 319, 1, 4, 'XU50IB'),
(115, 320, 1, 2, 'AZ6MPW'),
(116, 323, 1, 5, '80SBXC'),
(117, 324, 1, 4, '0OL7DJ'),
(118, 325, 1, 2, 'KV3V5C'),
(119, 328, 1, 4, '9LXQYE'),
(120, 332, 1, 1, 'AHPMPX'),
(121, 333, 1, 2, '3I7NWW'),
(122, 337, 1, 2, 'U8GQKQ'),
(123, 340, 1, 5, 'J2W43L'),
(124, 354, 1, 1, 'N6LZ7G'),
(125, 358, 1, 5, 'MGZ229'),
(126, 363, 1, 1, 'QMY4K2'),
(127, 371, 1, 3, 'RAR3D3'),
(128, 372, 1, 2, 'R57G1Z'),
(129, 379, 1, 5, '5OEBJX'),
(130, 380, 1, 5, 'GSBIQJ'),
(131, 381, 1, 1, 'OLVCDP'),
(132, 382, 1, 4, 'AFE6W0'),
(133, 383, 1, 1, '1ACIVJ'),
(134, 386, 1, 2, '3L2BR1'),
(135, 389, 1, 5, '802J05'),
(136, 393, 1, 3, '2PNFS5'),
(137, 394, 1, 1, 'TAV9DW'),
(138, 397, 1, 1, 'CNWRAT'),
(139, 398, 1, 2, 'S3B3M2'),
(140, 403, 1, 2, '7MVWU0'),
(141, 404, 1, 1, '7C05KT'),
(142, 406, 1, 4, 'PGQYMF'),
(143, 408, 1, 1, 'PRNNTX'),
(144, 412, 1, 4, 'FODAME'),
(145, 417, 1, 2, 'CXCEYI'),
(146, 425, 1, 4, '1K9E4E'),
(147, 429, 1, 1, 'L08DA7'),
(148, 433, 1, 3, 'HW0UA4'),
(149, 434, 1, 4, 'V1QKSW'),
(150, 437, 1, 4, '5KQ9CC'),
(151, 438, 1, 3, '41ZY2C'),
(152, 441, 1, 5, 'R7LPOJ'),
(153, 442, 1, 3, 'LNPBS5'),
(154, 446, 1, 2, '9UE8OL'),
(155, 447, 1, 2, 'BIECAG'),
(156, 452, 1, 2, 'F8HYU4'),
(157, 453, 1, 1, 'OXCSAB'),
(158, 456, 1, 1, 'UOMMOT'),
(159, 461, 1, 3, 'WV4ZSX'),
(160, 462, 1, 4, 'ZY89YB'),
(161, 464, 1, 1, '26EXFC'),
(162, 465, 1, 5, 'C560MG'),
(163, 468, 1, 3, '4EWLNZ'),
(164, 473, 1, 3, 'OUSQZL'),
(165, 475, 1, 1, 'GF7F5S'),
(166, 478, 1, 5, 'L88WSZ'),
(167, 479, 1, 5, 'YX47Y0'),
(168, 486, 1, 4, '5BDKGL'),
(169, 489, 1, 1, 'LHEG27'),
(170, 490, 1, 1, 'TXL6CP'),
(171, 491, 1, 2, 'R71ERO'),
(172, 493, 1, 2, 'VY7KW2'),
(173, 495, 1, 1, 'WZANYU'),
(174, 499, 1, 3, 'KTWEAG'),
(175, 503, 1, 5, 'XJKAL9'),
(176, 504, 1, 5, '8R65UN'),
(177, 5, 2, 1, 'YRQASD'),
(178, 7, 2, 5, 'MCWLEM'),
(179, 9, 2, 5, 'G2PO43'),
(180, 12, 2, 3, 'UUYDW0'),
(181, 14, 2, 5, 'WCFY7R'),
(182, 16, 2, 2, 'YGN8MI'),
(183, 18, 2, 3, '5S7KB2'),
(184, 19, 2, 2, 'WMZ7QK'),
(185, 20, 2, 4, 'G2B2CF'),
(186, 24, 2, 5, 'HOEC09'),
(187, 28, 2, 2, 'E48PH1'),
(188, 34, 2, 4, 'KJEI3G'),
(189, 35, 2, 5, '87TZ0L'),
(190, 36, 2, 3, 'GLZTI8'),
(191, 40, 2, 3, 'ZBV1E3'),
(192, 41, 2, 5, 'Y9TYLX'),
(193, 46, 2, 4, 'VXGEQA'),
(194, 48, 2, 5, 'OD874M'),
(195, 51, 2, 5, '4NP5BS'),
(196, 55, 2, 5, 'OPYLSE'),
(197, 60, 2, 4, 'CAH99S'),
(198, 61, 2, 1, 'E06KFG'),
(199, 63, 2, 3, 'QDGAVJ'),
(200, 67, 2, 2, 'QN0CKO'),
(201, 68, 2, 1, '7RS3J6'),
(202, 69, 2, 4, 'DV0N4S'),
(203, 72, 2, 2, 'FIVAUE'),
(204, 73, 2, 5, 'WXTEY6'),
(205, 75, 2, 2, 'SER7MO'),
(206, 76, 2, 3, 'YSKXI9'),
(207, 80, 2, 1, 'SXYU6X'),
(208, 81, 2, 3, '8PUV75'),
(209, 84, 2, 2, 'ZVE8CG'),
(210, 86, 2, 5, '0DDKWO'),
(211, 91, 2, 3, 'BUIJNL'),
(212, 93, 2, 2, 'X9PHA1'),
(213, 94, 2, 3, 'VG412G'),
(214, 96, 2, 2, 'WD5SPK'),
(215, 101, 2, 1, 'SFTVVN'),
(216, 106, 2, 1, 'W6WTP3'),
(217, 115, 2, 5, 'KSRYGL'),
(218, 116, 2, 4, 'GCXANW'),
(219, 117, 2, 3, '20XWD8'),
(220, 121, 2, 5, 'PVX4WF'),
(221, 123, 2, 3, 'EEWQCC'),
(222, 127, 2, 2, 'BNLW0W'),
(223, 130, 2, 3, 'OUCQG9'),
(224, 131, 2, 3, 'RWSWKJ'),
(225, 134, 2, 5, 'A64JAK'),
(226, 138, 2, 4, 'FO8ZYO'),
(227, 143, 2, 1, 'BAJXSD'),
(228, 144, 2, 3, 'CO0BY8'),
(229, 146, 2, 1, '48JX9N'),
(230, 147, 2, 4, 'VAHWKY'),
(231, 148, 2, 3, 'XMMYG6'),
(232, 149, 2, 1, '6TI4YY'),
(233, 150, 2, 4, 'HFC5EU'),
(234, 151, 2, 4, '59DY5Y'),
(235, 159, 2, 3, 'PYLWQL'),
(236, 164, 2, 4, 'TH4C51'),
(237, 169, 2, 2, 'G9AP3S'),
(238, 171, 2, 4, 'J1CXIL'),
(239, 173, 2, 2, '2Z6JZW'),
(240, 176, 2, 4, 'MKZW7G'),
(241, 177, 2, 3, 'EBIOXX'),
(242, 183, 2, 5, 'UFGY5H'),
(243, 184, 2, 2, 'TMPYKQ'),
(244, 185, 2, 5, 'UCMX2K'),
(245, 186, 2, 2, '5MX6IJ'),
(246, 187, 2, 3, '4PNDDJ'),
(247, 188, 2, 5, 'GQ1B0M'),
(248, 193, 2, 1, 'RUPTYS'),
(249, 194, 2, 5, 'LWQH7F'),
(250, 196, 2, 5, '7VWKGH'),
(251, 197, 2, 5, '731UJC'),
(252, 198, 2, 5, '6GYLP5'),
(253, 201, 2, 4, 'P2TJZA'),
(254, 206, 2, 2, 'TTW393'),
(255, 207, 2, 5, 'Z0A5JQ'),
(256, 209, 2, 1, 'FC6JPS'),
(257, 210, 2, 4, 'KFMO16'),
(258, 211, 2, 2, 'RL2WO5'),
(259, 215, 2, 3, 'XSDCEZ'),
(260, 216, 2, 2, 'RCLX2B'),
(261, 217, 2, 1, 'T24BDW'),
(262, 219, 2, 4, 'D1087P'),
(263, 228, 2, 2, 'UUV60M'),
(264, 230, 2, 4, '547DC2'),
(265, 237, 2, 4, 'QQJJ0S'),
(266, 238, 2, 2, '2F5U7O'),
(267, 239, 2, 2, 'HXJ426'),
(268, 241, 2, 3, 'B86KVA'),
(269, 244, 2, 1, 'DJUY45'),
(270, 245, 2, 5, 'HG7FEN'),
(271, 247, 2, 3, '616A1K'),
(272, 248, 2, 3, '7C7MHW'),
(273, 253, 2, 1, 'PXBXZR'),
(274, 255, 2, 2, '93G2FB'),
(275, 257, 2, 5, 'XBDCOV'),
(276, 261, 2, 5, 'DPT9L8'),
(277, 262, 2, 5, 'U3MLI2'),
(278, 264, 2, 4, 'GVYE69'),
(279, 266, 2, 1, 'B57BCA'),
(280, 268, 2, 5, 'X6YDEP'),
(281, 269, 2, 2, 'KD5C9J'),
(282, 274, 2, 5, 'ANBAYE'),
(283, 275, 2, 4, 'GYCA5I'),
(284, 277, 2, 4, 'WHGYGD'),
(285, 282, 2, 2, 'BJ3GE9'),
(286, 283, 2, 5, 'LNNAGD'),
(287, 284, 2, 5, '3DBYZQ'),
(288, 285, 2, 5, 'KAO29O'),
(289, 294, 2, 3, 'YG2SVA'),
(290, 297, 2, 4, '2WORMR'),
(291, 298, 2, 5, '7RYICP'),
(292, 305, 2, 2, 'H4JEEM'),
(293, 310, 2, 3, '5FFSKY'),
(294, 311, 2, 1, 'G0ZFGN'),
(295, 318, 2, 2, 'DYGKPU'),
(296, 321, 2, 3, 'YB0EF4'),
(297, 326, 2, 3, 'L1YUAG'),
(298, 327, 2, 3, 'O49KIA'),
(299, 329, 2, 4, 'QSSU9X'),
(300, 330, 2, 2, '4X244P'),
(301, 334, 2, 5, 'C2J546'),
(302, 335, 2, 4, 'W08Z0V'),
(303, 336, 2, 4, 'W1XBB5'),
(304, 338, 2, 5, '5JYTM7'),
(305, 339, 2, 2, '47AY7W'),
(306, 341, 2, 5, 'BXRHE7'),
(307, 342, 2, 2, 'J8LK8L'),
(308, 343, 2, 4, 'CXOLQU'),
(309, 344, 2, 1, 'X8P3OW'),
(310, 345, 2, 1, 'T9MBXR'),
(311, 346, 2, 4, 'I23M8S'),
(312, 347, 2, 4, '1GM1Q3'),
(313, 350, 2, 1, 'OBLWF4'),
(314, 352, 2, 3, 'XAXQG8'),
(315, 356, 2, 1, 'LT2AL4'),
(316, 359, 2, 5, '4M1QER'),
(317, 360, 2, 1, 'J1VFPL'),
(318, 362, 2, 5, '14AV4H'),
(319, 364, 2, 5, 'U9IN7R'),
(320, 365, 2, 3, 'CMNMGC'),
(321, 366, 2, 4, 'FPVUUT'),
(322, 367, 2, 5, 'CVZK7U'),
(323, 370, 2, 4, 'FP9CZN'),
(324, 373, 2, 1, '761255'),
(325, 375, 2, 5, 'AR1P1U'),
(326, 376, 2, 3, 'JVD3LQ'),
(327, 377, 2, 1, 'YVKKAG'),
(328, 378, 2, 2, 'YE39P8'),
(329, 387, 2, 3, 'QBXGEQ'),
(330, 390, 2, 3, 'UT4TS4'),
(331, 391, 2, 1, 'L9GIVF'),
(332, 392, 2, 1, 'Z85TAU'),
(333, 395, 2, 4, 'WNCALW'),
(334, 402, 2, 1, 'XVRP33'),
(335, 407, 2, 5, 'B47E2N'),
(336, 410, 2, 1, 'HAJQ0O'),
(337, 411, 2, 3, '37T0FG'),
(338, 415, 2, 2, 'N955YX'),
(339, 416, 2, 1, 'Y2NVWG'),
(340, 419, 2, 3, 'ONVU57'),
(341, 422, 2, 1, '2NC9AJ'),
(342, 424, 2, 1, 'U98F26'),
(343, 426, 2, 2, 'ACYAX1'),
(344, 427, 2, 5, '2KQ8KY'),
(345, 428, 2, 4, 'SEFNYT'),
(346, 430, 2, 4, 'G2OLJL'),
(347, 435, 2, 4, 'VHM7KE'),
(348, 439, 2, 5, '1E6L9X'),
(349, 440, 2, 3, '882E63'),
(350, 443, 2, 5, '4FVVAJ'),
(351, 445, 2, 1, 'NRTWYZ'),
(352, 449, 2, 4, 'JRZSIY'),
(353, 455, 2, 3, '6E3NC6'),
(354, 457, 2, 3, 'Z9TGB8'),
(355, 460, 2, 1, '8IGX7P'),
(356, 463, 2, 4, '6A6A0N'),
(357, 466, 2, 2, 'BVHBJP'),
(358, 467, 2, 5, 'VYBJRP'),
(359, 470, 2, 4, 'XX4CBZ'),
(360, 471, 2, 4, 'EQU81B'),
(361, 472, 2, 2, 'HT0O72'),
(362, 476, 2, 1, '0BQDQV'),
(363, 477, 2, 3, '5R2UHX'),
(364, 481, 2, 3, '6JEIFD'),
(365, 482, 2, 2, 'EUHIIJ'),
(366, 484, 2, 5, '8JCSUT'),
(367, 485, 2, 1, '9VLA3M'),
(368, 487, 2, 1, 'ZHJ0CK'),
(369, 492, 2, 3, 'D4UHBB'),
(370, 494, 2, 2, '0O2DWN'),
(371, 497, 2, 5, 'ETS5IU'),
(372, 498, 2, 3, 'SQZ11J'),
(373, 500, 2, 3, 'IBX52W'),
(374, 501, 2, 1, '70F8NN'),
(375, 502, 2, 5, '2VMUT6');

-- --------------------------------------------------------

--
-- Table structure for table `exams`
--

DROP TABLE IF EXISTS `exams`;
CREATE TABLE IF NOT EXISTS `exams` (
  `exam_id` int(11) NOT NULL AUTO_INCREMENT,
  `test_id` int(11) DEFAULT NULL,
  `level_id` int(11) DEFAULT NULL,
  `label` varchar(255) NOT NULL,
  `isWritten` tinyint(1) DEFAULT NULL,
  `isOption` tinyint(1) DEFAULT NULL,
  `price` float DEFAULT NULL,
  `coeff` int(11) DEFAULT NULL,
  `nbrQuestions` int(11) DEFAULT NULL,
  `duration` int(11) DEFAULT NULL,
  `successScore` int(11) DEFAULT NULL,
  PRIMARY KEY (`exam_id`),
  KEY `test_id` (`test_id`),
  KEY `level_id` (`level_id`)
) ENGINE=InnoDB AUTO_INCREMENT=51 DEFAULT CHARSET=utf8mb4;

--
-- Dumping data for table `exams`
--

INSERT INTO `exams` (`exam_id`, `test_id`, `level_id`, `label`, `isWritten`, `isOption`, `price`, `coeff`, `nbrQuestions`, `duration`, `successScore`) VALUES
(1, 4, NULL, 'Epreuve N°1', 1, 1, 551, 2, 10, 868, 448),
(2, 1, 5, 'Epreuve N°2', 0, 0, 791, 2, 13, 1977, 397),
(3, 5, 11, 'Epreuve N°3', 0, 1, 703, 2, 15, 1532, 340),
(4, 5, 11, 'Epreuve N°4', 1, 1, 56, 3, 9, 741, 245),
(5, 3, 9, 'Epreuve N°5', 0, 1, 171, 2, 19, 1236, 337),
(6, 3, 10, 'Epreuve N°6', 0, 0, 53, 3, 6, 1923, 429),
(7, 4, NULL, 'Epreuve N°7', 0, 1, 419, 2, 8, 3013, 374),
(8, 2, 13, 'Epreuve N°8', 1, 1, 342, 1, 14, 447, 281),
(9, 2, 14, 'Epreuve N°9', 0, 0, 634, 2, 8, 2478, 408),
(10, 3, 10, 'Epreuve N°10', 1, 1, 797, 2, 9, 2487, 341),
(11, 3, 9, 'Epreuve N°11', 1, 1, 539, 1, 8, 1137, 412),
(12, 4, NULL, 'Epreuve N°12', 1, 1, 503, 3, 1, 1458, 146),
(13, 1, 4, 'Epreuve N°13', 1, 1, 326, 2, 18, 3321, 459),
(14, 2, 14, 'Epreuve N°14', 0, 1, 535, 2, 3, 296, 339),
(15, 1, 4, 'Epreuve N°15', 0, 1, 244, 3, 4, 696, 180),
(16, 2, 14, 'Epreuve N°16', 0, 1, 369, 1, 7, 1500, 282),
(17, 4, NULL, 'Epreuve N°17', 0, 0, 629, 2, 18, 1925, 309),
(18, 5, 11, 'Epreuve N°18', 1, 0, 772, 3, 14, 2826, 350),
(19, 4, NULL, 'Epreuve N°19', 0, 1, 130, 2, 5, 3031, 360),
(20, 5, 11, 'Epreuve N°20', 0, 1, 508, 1, 14, 2118, 154),
(21, 4, NULL, 'Epreuve N°21', 1, 0, 605, 3, 13, 1533, 473),
(22, 1, 5, 'Epreuve N°22', 0, 1, 781, 1, 4, 1332, 468),
(23, 5, 11, 'Epreuve N°23', 1, 0, 779, 3, 8, 1161, 366),
(24, 4, NULL, 'Epreuve N°24', 0, 1, 99, 3, 17, 3087, 347),
(25, 5, 12, 'Epreuve N°25', 1, 1, 361, 2, 2, 477, 289),
(26, 1, 5, 'Epreuve N°26', 1, 1, 532, 2, 4, 1276, 241),
(27, 1, 5, 'Epreuve N°27', 0, 0, 626, 3, 11, 2694, 285),
(28, 3, 6, 'Epreuve N°28', 0, 0, 148, 3, 3, 1981, 407),
(29, 1, 4, 'Epreuve N°29', 1, 0, 739, 2, 8, 1203, 437),
(30, 1, 2, 'Epreuve N°30', 1, 1, 232, 3, 6, 2159, 153),
(31, 1, 3, 'Epreuve N°31', 1, 1, 473, 3, 16, 2163, 187),
(32, 4, NULL, 'Epreuve N°32', 1, 0, 20, 3, 19, 3445, 452),
(33, 5, 12, 'Epreuve N°33', 1, 0, 547, 3, 16, 962, 492),
(34, 2, 13, 'Epreuve N°34', 0, 1, 781, 2, 16, 1154, 238),
(35, 1, 1, 'Epreuve N°35', 1, 0, 632, 3, 14, 27, 149),
(36, 1, 1, 'Epreuve N°36', 0, 0, 756, 2, 5, 2985, 111),
(37, 3, 7, 'Epreuve N°37', 0, 0, 163, 1, 20, 1723, 226),
(38, 5, 11, 'Epreuve N°38', 0, 0, 426, 2, 3, 1607, 429),
(39, 1, 5, 'Epreuve N°39', 1, 1, 131, 1, 17, 315, 180),
(40, 5, 11, 'Epreuve N°40', 0, 0, 109, 1, 14, 3435, 357),
(41, 2, 14, 'Epreuve N°41', 0, 0, 504, 1, 16, 1938, 261),
(42, 3, 6, 'Epreuve N°42', 0, 1, 181, 2, 15, 378, 246),
(43, 5, 11, 'Epreuve N°43', 1, 1, 524, 1, 18, 2508, 292),
(44, 4, NULL, 'Epreuve N°44', 0, 1, 539, 2, 13, 2034, 364),
(45, 5, 12, 'Epreuve N°45', 1, 1, 638, 2, 17, 437, 440),
(46, 3, 9, 'Epreuve N°46', 0, 0, 636, 3, 8, 3134, 139),
(47, 3, 6, 'Epreuve N°47', 1, 0, 147, 1, 6, 2048, 426),
(48, 3, 8, 'Epreuve N°48', 1, 1, 335, 2, 6, 2657, 136),
(49, 4, NULL, 'Epreuve N°49', 0, 0, 231, 2, 17, 209, 449),
(50, 5, 12, 'Epreuve N°50', 0, 1, 258, 3, 3, 2873, 164);

-- --------------------------------------------------------

--
-- Table structure for table `exam_has_question`
--

DROP TABLE IF EXISTS `exam_has_question`;
CREATE TABLE IF NOT EXISTS `exam_has_question` (
  `exam_id` int(11) NOT NULL,
  `question_id` int(11) NOT NULL,
  PRIMARY KEY (`exam_id`,`question_id`),
  UNIQUE KEY `exam_has_question_question_id_exam_id_unique` (`exam_id`,`question_id`),
  KEY `question_id` (`question_id`)
) ENGINE=InnoDB DEFAULT CHARSET=utf8mb4;

-- --------------------------------------------------------

--
-- Table structure for table `instituts`
--

DROP TABLE IF EXISTS `instituts`;
CREATE TABLE IF NOT EXISTS `instituts` (
  `institut_id` int(11) NOT NULL AUTO_INCREMENT,
  `label` varchar(255) NOT NULL,
  `adress1` varchar(255) NOT NULL,
  `adress2` varchar(255) DEFAULT NULL,
  `zipcode` varchar(255) NOT NULL,
  `city` varchar(255) NOT NULL,
  `country_id` int(11) NOT NULL,
  `email` varchar(255) NOT NULL,
  `siteweb` varchar(255) DEFAULT NULL,
  `phone` varchar(255) DEFAULT NULL,
  `socialNetwork` longtext CHARACTER SET utf8mb4 COLLATE utf8mb4_bin DEFAULT NULL CHECK (json_valid(`socialNetwork`)),
  `stripeId` varchar(255) DEFAULT NULL,
  `stripeActivated` tinyint(1) NOT NULL DEFAULT 0,
  PRIMARY KEY (`institut_id`),
  UNIQUE KEY `instituts_label_unique` (`label`),
  UNIQUE KEY `instituts_email_unique` (`email`),
  KEY `country_id` (`country_id`)
) ENGINE=InnoDB AUTO_INCREMENT=3 DEFAULT CHARSET=utf8mb4;

--
-- Dumping data for table `instituts`
--

INSERT INTO `instituts` (`institut_id`, `label`, `adress1`, `adress2`, `zipcode`, `city`, `country_id`, `email`, `siteweb`, `phone`, `socialNetwork`, `stripeId`, `stripeActivated`) VALUES
(1, 'Institut Français', '123 rue du Général Degaule', '', '75000', 'PARIS', 76, 'contact@institut-france.com', 'www.institut-france.fr', '+33123456789', '{\"facebook\":\"FbProfil\",\"twitter\":\"TwitProfil\",\"instagram\":\"InstaProfil\",\"linkedin\":\"LinkedProfil\"}', 'acct_1KxRS8QxaIfpu4Sw', 1),
(2, 'Tenri Japanese School', '456bis Avenue Jules Brunet', 'Apt 15B - Bât 12', '75000', 'PARIS', 75, 'contact@tenri.co.jp', 'www.tenri.co.jp', '+9874561230', '{\"facebook\":\"FbProfil\",\"twitter\":\"TwitProfil\",\"instagram\":\"InstaProfil\",\"linkedin\":\"LinkedProfil\"}', 'acct_1KxRS8QxaIfpu4Sw', 1);

-- --------------------------------------------------------

--
-- Table structure for table `institut_has_prices`
--

DROP TABLE IF EXISTS `institut_has_prices`;
CREATE TABLE IF NOT EXISTS `institut_has_prices` (
  `price_id` int(11) NOT NULL AUTO_INCREMENT,
  `institut_id` int(11) NOT NULL,
  `exam_id` int(11) NOT NULL,
  `price` float DEFAULT 0,
  `tva` float NOT NULL DEFAULT 20,
  PRIMARY KEY (`price_id`),
  KEY `institut_id` (`institut_id`),
  KEY `exam_id` (`exam_id`)
) ENGINE=InnoDB AUTO_INCREMENT=49 DEFAULT CHARSET=utf8mb4;

--
-- Dumping data for table `institut_has_prices`
--

INSERT INTO `institut_has_prices` (`price_id`, `institut_id`, `exam_id`, `price`, `tva`) VALUES
(1, 1, 7, 467, 22),
(2, 2, 12, 322, 22),
(3, 2, 29, 300, 22),
(4, 1, 45, 567, 22),
(5, 2, 7, 984, 22),
(7, 1, 21, 917, 22),
(8, 1, 43, 504, 22),
(9, 1, 9, 316, 22),
(10, 2, 4, 522, 22),
(11, 1, 5, 442, 22),
(12, 2, 16, 631, 22),
(13, 2, 27, 919, 22),
(14, 2, 26, 232, 22),
(16, 1, 36, 828, 22),
(17, 2, 32, 284, 22),
(18, 2, 40, 378, 22),
(19, 1, 11, 652, 22),
(20, 2, 36, 863, 22),
(21, 2, 44, 767, 22),
(22, 1, 6, 609, 22),
(23, 2, 37, 536, 22),
(24, 1, 38, 936, 22),
(25, 2, 6, 403, 22),
(26, 1, 35, 416, 22),
(27, 1, 4, 884, 22),
(28, 1, 37, 310, 22),
(31, 2, 11, 903, 22),
(32, 2, 50, 525, 22),
(33, 1, 25, 546, 22),
(34, 1, 8, 552, 22),
(36, 1, 40, 723, 22),
(38, 2, 33, 433, 22),
(39, 2, 49, 747, 22),
(40, 2, 10, 630, 22),
(41, 1, 28, 917, 22),
(43, 2, 45, 426, 22),
(44, 1, 31, 699, 22),
(46, 1, 26, 667, 22),
(47, 2, 46, 799, 22),
(48, 1, 15, 600, 22);

-- --------------------------------------------------------

--
-- Table structure for table `institut_has_prices_hist`
--

DROP TABLE IF EXISTS `institut_has_prices_hist`;
CREATE TABLE IF NOT EXISTS `institut_has_prices_hist` (
  `id` int(11) NOT NULL AUTO_INCREMENT,
  `institut_id` int(11) DEFAULT NULL,
  `exam_id` int(11) DEFAULT NULL,
  `price` float DEFAULT 0,
  `tva` float NOT NULL DEFAULT 20,
  `createdAt` datetime NOT NULL,
  `updatedAt` datetime NOT NULL,
  PRIMARY KEY (`id`)
) ENGINE=InnoDB DEFAULT CHARSET=utf8mb4;

-- --------------------------------------------------------

--
-- Table structure for table `institut_has_user`
--

DROP TABLE IF EXISTS `institut_has_user`;
CREATE TABLE IF NOT EXISTS `institut_has_user` (
  `id` int(11) NOT NULL AUTO_INCREMENT,
  `institut_id` int(11) DEFAULT NULL,
  `user_id` int(11) DEFAULT NULL,
  `role_id` int(11) DEFAULT NULL,
  PRIMARY KEY (`id`),
  UNIQUE KEY `Items_unique` (`user_id`,`institut_id`),
  KEY `institut_id` (`institut_id`),
  KEY `role_id` (`role_id`)
) ENGINE=InnoDB AUTO_INCREMENT=506 DEFAULT CHARSET=utf8mb4;

--
-- Dumping data for table `institut_has_user`
--

INSERT INTO `institut_has_user` (`id`, `institut_id`, `user_id`, `role_id`) VALUES
(1, 2, 1, 1),
(2, 1, 1, 1),
(3, 1, 2, 4),
(4, 2, 3, 1),
(5, 2, 4, 2),
(6, 2, 5, 3),
(7, 1, 6, 2),
(8, 2, 7, 4),
(9, 1, 8, 1),
(10, 2, 9, 2),
(11, 2, 10, 1),
(12, 1, 11, 4),
(13, 2, 12, 4),
(14, 1, 13, 1),
(15, 2, 14, 3),
(16, 2, 15, 1),
(17, 2, 16, 4),
(18, 1, 17, 1),
(19, 2, 18, 3),
(20, 2, 19, 4),
(21, 2, 20, 3),
(22, 1, 21, 4),
(23, 2, 22, 1),
(24, 2, 23, 1),
(25, 2, 24, 2),
(26, 1, 25, 2),
(27, 1, 26, 4),
(28, 1, 27, 1),
(29, 2, 28, 3),
(30, 1, 29, 4),
(31, 1, 30, 4),
(32, 2, 31, 1),
(33, 1, 32, 2),
(34, 2, 33, 1),
(35, 2, 34, 4),
(36, 2, 35, 4),
(37, 2, 36, 3),
(38, 1, 37, 2),
(39, 1, 38, 3),
(40, 1, 39, 2),
(41, 2, 40, 2),
(42, 2, 41, 3),
(43, 1, 42, 3),
(44, 2, 43, 1),
(45, 1, 44, 3),
(46, 1, 45, 2),
(47, 2, 46, 2),
(48, 1, 47, 4),
(49, 2, 48, 4),
(50, 1, 49, 1),
(51, 1, 50, 2),
(52, 2, 51, 4),
(53, 1, 52, 2),
(54, 1, 53, 4),
(55, 1, 54, 3),
(56, 2, 55, 4),
(57, 2, 56, 1),
(58, 1, 57, 1),
(59, 2, 58, 1),
(60, 1, 59, 3),
(61, 2, 60, 3),
(62, 2, 61, 2),
(63, 1, 62, 2),
(64, 2, 63, 4),
(65, 1, 64, 3),
(66, 1, 65, 1),
(67, 1, 66, 3),
(68, 2, 67, 3),
(69, 2, 68, 2),
(70, 2, 69, 4),
(71, 1, 70, 4),
(72, 1, 71, 1),
(73, 2, 72, 4),
(74, 2, 73, 2),
(75, 1, 74, 2),
(76, 2, 75, 2),
(77, 2, 76, 4),
(78, 1, 77, 1),
(79, 1, 78, 3),
(80, 1, 79, 3),
(81, 2, 80, 2),
(82, 2, 81, 2),
(83, 1, 82, 2),
(84, 1, 83, 1),
(85, 2, 84, 2),
(86, 1, 85, 1),
(87, 2, 86, 2),
(88, 1, 87, 3),
(89, 1, 88, 4),
(90, 1, 89, 3),
(91, 1, 90, 4),
(92, 2, 91, 2),
(93, 1, 92, 4),
(94, 2, 93, 2),
(95, 2, 94, 3),
(96, 1, 95, 1),
(97, 2, 96, 2),
(98, 1, 97, 3),
(99, 1, 98, 2),
(100, 1, 99, 1),
(101, 1, 100, 1),
(102, 2, 101, 3),
(103, 1, 102, 3),
(104, 1, 103, 4),
(105, 1, 104, 3),
(106, 2, 105, 1),
(107, 2, 106, 4),
(108, 1, 107, 2),
(109, 2, 108, 1),
(110, 2, 109, 1),
(111, 1, 110, 3),
(112, 1, 111, 4),
(113, 2, 112, 1),
(114, 1, 113, 3),
(115, 1, 114, 1),
(116, 2, 115, 3),
(117, 2, 116, 2),
(118, 2, 117, 4),
(119, 1, 118, 2),
(120, 1, 119, 1),
(121, 2, 120, 1),
(122, 2, 121, 2),
(123, 1, 122, 4),
(124, 2, 123, 4),
(125, 1, 124, 2),
(126, 2, 125, 1),
(127, 2, 126, 1),
(128, 2, 127, 2),
(129, 1, 128, 3),
(130, 1, 129, 2),
(131, 2, 130, 4),
(132, 2, 131, 3),
(133, 1, 132, 3),
(134, 1, 133, 2),
(135, 2, 134, 4),
(136, 1, 135, 1),
(137, 1, 136, 3),
(138, 1, 137, 3),
(139, 2, 138, 3),
(140, 2, 139, 1),
(141, 1, 140, 2),
(142, 1, 141, 2),
(143, 1, 142, 3),
(144, 2, 143, 4),
(145, 2, 144, 2),
(146, 1, 145, 4),
(147, 2, 146, 4),
(148, 2, 147, 3),
(149, 2, 148, 3),
(150, 2, 149, 3),
(151, 2, 150, 3),
(152, 2, 151, 4),
(153, 1, 152, 1),
(154, 1, 153, 4),
(155, 1, 154, 1),
(156, 1, 155, 3),
(157, 1, 156, 4),
(158, 1, 157, 3),
(159, 2, 158, 1),
(160, 2, 159, 4),
(161, 1, 160, 3),
(162, 1, 161, 1),
(163, 1, 162, 4),
(164, 2, 163, 1),
(165, 2, 164, 4),
(166, 1, 165, 1),
(167, 1, 166, 3),
(168, 1, 167, 2),
(169, 1, 168, 2),
(170, 2, 169, 2),
(171, 1, 170, 3),
(172, 2, 171, 4),
(173, 1, 172, 3),
(174, 2, 173, 3),
(175, 1, 174, 3),
(176, 1, 175, 4),
(177, 2, 176, 2),
(178, 2, 177, 4),
(179, 1, 178, 2),
(180, 2, 179, 1),
(181, 1, 180, 1),
(182, 1, 181, 4),
(183, 1, 182, 3),
(184, 2, 183, 3),
(185, 2, 184, 3),
(186, 2, 185, 2),
(187, 2, 186, 3),
(188, 2, 187, 4),
(189, 2, 188, 4),
(190, 2, 189, 1),
(191, 1, 190, 1),
(192, 1, 191, 1),
(193, 1, 192, 1),
(194, 2, 193, 3),
(195, 2, 194, 3),
(196, 1, 195, 1),
(197, 2, 196, 2),
(198, 2, 197, 2),
(199, 2, 198, 2),
(200, 2, 199, 1),
(201, 2, 200, 1),
(202, 2, 201, 3),
(203, 1, 202, 2),
(204, 1, 203, 3),
(205, 2, 204, 1),
(206, 1, 205, 1),
(207, 2, 206, 4),
(208, 2, 207, 4),
(209, 1, 208, 1),
(210, 2, 209, 3),
(211, 2, 210, 3),
(212, 2, 211, 3),
(213, 2, 212, 1),
(214, 1, 213, 3),
(215, 1, 214, 1),
(216, 2, 215, 3),
(217, 2, 216, 2),
(218, 2, 217, 4),
(219, 1, 218, 2),
(220, 2, 219, 3),
(221, 1, 220, 4),
(222, 1, 221, 3),
(223, 2, 222, 1),
(224, 2, 223, 1),
(225, 2, 224, 1),
(226, 1, 225, 4),
(227, 1, 226, 1),
(228, 1, 227, 1),
(229, 2, 228, 2),
(230, 1, 229, 4),
(231, 2, 230, 4),
(232, 1, 231, 1),
(233, 2, 232, 1),
(234, 1, 233, 2),
(235, 1, 234, 1),
(236, 1, 235, 2),
(237, 1, 236, 2),
(238, 2, 237, 3),
(239, 2, 238, 2),
(240, 2, 239, 3),
(241, 1, 240, 4),
(242, 2, 241, 3),
(243, 1, 242, 1),
(244, 2, 243, 1),
(245, 2, 244, 3),
(246, 2, 245, 3),
(247, 1, 246, 1),
(248, 2, 247, 3),
(249, 2, 248, 4),
(250, 1, 249, 4),
(251, 1, 250, 4),
(252, 1, 251, 3),
(253, 2, 252, 1),
(254, 2, 253, 2),
(255, 1, 254, 2),
(256, 2, 255, 2),
(257, 1, 256, 1),
(258, 2, 257, 2),
(259, 1, 258, 4),
(260, 1, 259, 4),
(261, 1, 260, 2),
(262, 2, 261, 4),
(263, 2, 262, 2),
(264, 1, 263, 3),
(265, 2, 264, 3),
(266, 2, 265, 1),
(267, 2, 266, 4),
(268, 1, 267, 3),
(269, 2, 268, 2),
(270, 2, 269, 4),
(271, 1, 270, 1),
(272, 2, 271, 1),
(273, 1, 272, 4),
(274, 1, 273, 4),
(275, 2, 274, 2),
(276, 2, 275, 2),
(277, 1, 276, 4),
(278, 2, 277, 4),
(279, 1, 278, 1),
(280, 1, 279, 3),
(281, 1, 280, 2),
(282, 2, 281, 1),
(283, 2, 282, 3),
(284, 2, 283, 3),
(285, 2, 284, 3),
(286, 2, 285, 3),
(287, 1, 286, 1),
(288, 1, 287, 2),
(289, 1, 288, 3),
(290, 1, 289, 3),
(291, 1, 290, 2),
(292, 2, 291, 1),
(293, 1, 292, 4),
(294, 1, 293, 1),
(295, 2, 294, 4),
(296, 2, 295, 1),
(297, 2, 296, 1),
(298, 2, 297, 4),
(299, 2, 298, 2),
(300, 2, 299, 1),
(301, 1, 300, 3),
(302, 1, 301, 2),
(303, 1, 302, 4),
(304, 1, 303, 3),
(305, 1, 304, 1),
(306, 2, 305, 2),
(307, 1, 306, 3),
(308, 1, 307, 2),
(309, 1, 308, 4),
(310, 1, 309, 4),
(311, 2, 310, 3),
(312, 2, 311, 2),
(313, 1, 312, 1),
(314, 2, 313, 1),
(315, 2, 314, 1),
(316, 1, 315, 3),
(317, 1, 316, 3),
(318, 1, 317, 3),
(319, 2, 318, 2),
(320, 1, 319, 4),
(321, 1, 320, 3),
(322, 2, 321, 4),
(323, 2, 322, 1),
(324, 1, 323, 4),
(325, 1, 324, 3),
(326, 1, 325, 2),
(327, 2, 326, 2),
(328, 2, 327, 2),
(329, 1, 328, 4),
(330, 2, 329, 3),
(331, 2, 330, 2),
(332, 2, 331, 1),
(333, 1, 332, 2),
(334, 1, 333, 4),
(335, 2, 334, 3),
(336, 2, 335, 2),
(337, 2, 336, 2),
(338, 1, 337, 4),
(339, 2, 338, 3),
(340, 2, 339, 2),
(341, 1, 340, 3),
(342, 2, 341, 4),
(343, 2, 342, 3),
(344, 2, 343, 2),
(345, 2, 344, 4),
(346, 2, 345, 3),
(347, 2, 346, 4),
(348, 2, 347, 2),
(349, 2, 348, 1),
(350, 2, 349, 1),
(351, 2, 350, 2),
(352, 1, 351, 1),
(353, 2, 352, 4),
(354, 2, 353, 1),
(355, 1, 354, 3),
(356, 2, 355, 1),
(357, 2, 356, 3),
(358, 2, 357, 1),
(359, 1, 358, 4),
(360, 2, 359, 4),
(361, 2, 360, 2),
(362, 2, 361, 1),
(363, 2, 362, 4),
(364, 1, 363, 3),
(365, 2, 364, 3),
(366, 2, 365, 2),
(367, 2, 366, 3),
(368, 2, 367, 4),
(369, 1, 368, 1),
(370, 1, 369, 1),
(371, 2, 370, 3),
(372, 1, 371, 2),
(373, 1, 372, 2),
(374, 2, 373, 3),
(375, 1, 374, 1),
(376, 2, 375, 4),
(377, 2, 376, 3),
(378, 2, 377, 4),
(379, 2, 378, 2),
(380, 1, 379, 2),
(381, 1, 380, 2),
(382, 1, 381, 2),
(383, 1, 382, 3),
(384, 1, 383, 2),
(385, 1, 384, 1),
(386, 1, 385, 1),
(387, 1, 386, 3),
(388, 2, 387, 4),
(389, 1, 388, 1),
(390, 1, 389, 3),
(391, 2, 390, 3),
(392, 2, 391, 3),
(393, 2, 392, 3),
(394, 1, 393, 2),
(395, 1, 394, 2),
(396, 2, 395, 3),
(397, 2, 396, 1),
(398, 1, 397, 2),
(399, 1, 398, 3),
(400, 1, 399, 1),
(401, 1, 400, 1),
(402, 2, 401, 1),
(403, 2, 402, 2),
(404, 1, 403, 4),
(405, 1, 404, 2),
(406, 1, 405, 1),
(407, 1, 406, 4),
(408, 2, 407, 3),
(409, 1, 408, 4),
(410, 1, 409, 1),
(411, 2, 410, 4),
(412, 2, 411, 2),
(413, 1, 412, 2),
(414, 2, 413, 1),
(415, 2, 414, 1),
(416, 2, 415, 2),
(417, 2, 416, 2),
(418, 1, 417, 2),
(419, 2, 418, 1),
(420, 2, 419, 4),
(421, 1, 420, 1),
(422, 1, 421, 1),
(423, 2, 422, 3),
(424, 1, 423, 1),
(425, 2, 424, 3),
(426, 1, 425, 4),
(427, 2, 426, 3),
(428, 2, 427, 4),
(429, 2, 428, 2),
(430, 1, 429, 3),
(431, 2, 430, 3),
(432, 1, 431, 1),
(433, 1, 432, 1),
(434, 1, 433, 4),
(435, 1, 434, 3),
(436, 2, 435, 2),
(437, 1, 436, 1),
(438, 1, 437, 4),
(439, 1, 438, 2),
(440, 2, 439, 3),
(441, 2, 440, 3),
(442, 1, 441, 3),
(443, 1, 442, 4),
(444, 2, 443, 3),
(445, 2, 444, 1),
(446, 2, 445, 3),
(447, 1, 446, 3),
(448, 1, 447, 2),
(449, 1, 448, 1),
(450, 2, 449, 4),
(451, 1, 450, 1),
(452, 1, 451, 1),
(453, 1, 452, 2),
(454, 1, 453, 4),
(455, 1, 454, 1),
(456, 2, 455, 4),
(457, 1, 456, 2),
(458, 2, 457, 4),
(459, 1, 458, 1),
(460, 2, 459, 1),
(461, 2, 460, 3),
(462, 1, 461, 4),
(463, 1, 462, 2),
(464, 2, 463, 4),
(465, 1, 464, 2),
(466, 1, 465, 4),
(467, 2, 466, 4),
(468, 2, 467, 3),
(469, 1, 468, 4),
(470, 2, 469, 1),
(471, 2, 470, 2),
(472, 2, 471, 4),
(473, 2, 472, 2),
(474, 1, 473, 3),
(475, 1, 474, 1),
(476, 1, 475, 4),
(477, 2, 476, 3),
(478, 2, 477, 4),
(479, 1, 478, 4),
(480, 1, 479, 4),
(481, 2, 480, 1),
(482, 2, 481, 4),
(483, 2, 482, 3),
(484, 2, 483, 1),
(485, 2, 484, 3),
(486, 2, 485, 2),
(487, 1, 486, 2),
(488, 2, 487, 3),
(489, 1, 488, 1),
(490, 1, 489, 2),
(491, 1, 490, 4),
(492, 1, 491, 4),
(493, 2, 492, 3),
(494, 1, 493, 3),
(495, 2, 494, 3),
(496, 1, 495, 4),
(497, 2, 496, 1),
(498, 2, 497, 2),
(499, 2, 498, 3),
(500, 1, 499, 3),
(501, 2, 500, 2),
(502, 2, 501, 3),
(503, 2, 502, 4),
(504, 1, 503, 4),
(505, 1, 504, 4);

-- --------------------------------------------------------

--
-- Table structure for table `invoice`
--

DROP TABLE IF EXISTS `invoice`;
CREATE TABLE IF NOT EXISTS `invoice` (
  `invoice_id` int(11) NOT NULL AUTO_INCREMENT,
  `institut_id` int(11) NOT NULL,
  `reference` varchar(255) NOT NULL,
  `isPaid` tinyint(1) NOT NULL DEFAULT 0,
  `ref_client` varchar(255) NOT NULL,
  `test` varchar(255) NOT NULL,
  `price_total_TTC` float NOT NULL,
  `DateTime` datetime DEFAULT NULL,
  `createdAt` datetime NOT NULL,
  `updatedAt` datetime NOT NULL,
  PRIMARY KEY (`invoice_id`),
  KEY `institut_id` (`institut_id`)
) ENGINE=InnoDB DEFAULT CHARSET=utf8mb4;

-- --------------------------------------------------------

--
-- Table structure for table `invoice_lines`
--

DROP TABLE IF EXISTS `invoice_lines`;
CREATE TABLE IF NOT EXISTS `invoice_lines` (
  `line_id` int(11) NOT NULL AUTO_INCREMENT,
  `invoice_id` int(11) NOT NULL,
  `num_line` int(11) NOT NULL,
  `label` varchar(255) NOT NULL,
  `quantity` int(11) NOT NULL,
  `price_pu_ttc` float NOT NULL,
  `tva` float NOT NULL,
  PRIMARY KEY (`line_id`),
  KEY `invoice_id` (`invoice_id`)
) ENGINE=InnoDB DEFAULT CHARSET=utf8mb4;

-- --------------------------------------------------------

--
-- Table structure for table `languages`
--

DROP TABLE IF EXISTS `languages`;
CREATE TABLE IF NOT EXISTS `languages` (
  `firstlanguage_id` int(11) NOT NULL AUTO_INCREMENT,
  `nativeName` varchar(255) NOT NULL,
  `name` varchar(255) NOT NULL,
  PRIMARY KEY (`firstlanguage_id`)
) ENGINE=InnoDB AUTO_INCREMENT=113 DEFAULT CHARSET=utf8mb4;

--
-- Dumping data for table `languages`
--

INSERT INTO `languages` (`firstlanguage_id`, `nativeName`, `name`) VALUES
(1, 'پښتو', 'Pashto'),
(2, 'Oʻzbek', 'Uzbek'),
(3, 'Türkmen', 'Turkmen'),
(4, 'svenska', 'Swedish'),
(5, 'Shqip', 'Albanian'),
(6, 'العربية', 'Arabic'),
(7, 'English', 'English'),
(8, 'gagana fa\'a Samoa', 'Samoan'),
(9, 'català', 'Catalan'),
(10, 'Português', 'Portuguese'),
(11, 'Русский', 'Russian'),
(12, 'Español', 'Spanish'),
(13, 'Avañe\'ẽ', 'Guaraní'),
(14, 'Հայերեն', 'Armenian'),
(15, 'Nederlands', 'Dutch'),
(16, 'ਪੰਜਾਬੀ', '(Eastern) Punjabi'),
(17, 'Deutsch', 'German'),
(18, 'azərbaycan dili', 'Azerbaijani'),
(19, 'বাংলা', 'Bengali'),
(20, 'беларуская мова', 'Belarusian'),
(21, 'français', 'French'),
(22, 'རྫོང་ཁ', 'Dzongkha'),
(23, 'aymar aru', 'Aymara'),
(24, 'Runa Simi', 'Quechua'),
(25, 'bosanski jezik', 'Bosnian'),
(26, 'hrvatski jezik', 'Croatian'),
(27, 'српски језик', 'Serbian'),
(28, 'Setswana', 'Tswana'),
(29, 'Norsk', 'Norwegian'),
(30, 'Norsk bokmål', 'Norwegian Bokmål'),
(31, 'Norsk nynorsk', 'Norwegian Nynorsk'),
(32, 'bahasa Melayu', 'Malay'),
(33, 'български език', 'Bulgarian'),
(34, 'Fulfulde', 'Fula'),
(35, 'Ikirundi', 'Kirundi'),
(36, 'ខ្មែរ', 'Khmer'),
(37, 'yângâ tî sängö', 'Sango'),
(38, '中文 (Zhōngwén)', 'Chinese'),
(39, 'Lingála', 'Lingala'),
(40, 'Kikongo', 'Kongo'),
(41, 'Kiswahili', 'Swahili'),
(42, 'Tshiluba', 'Luba-Katanga'),
(43, 'ελληνικά', 'Greek (modern)'),
(44, 'Türkçe', 'Turkish'),
(45, 'čeština', 'Czech'),
(46, 'slovenčina', 'Slovak'),
(47, 'dansk', 'Danish'),
(48, 'ትግርኛ', 'Tigrinya'),
(49, 'eesti', 'Estonian'),
(50, 'አማርኛ', 'Amharic'),
(51, 'føroyskt', 'Faroese'),
(52, 'vosa Vakaviti', 'Fijian'),
(53, 'हिन्दी', 'Hindi'),
(54, 'اردو', 'Urdu'),
(55, 'suomi', 'Finnish'),
(56, 'ქართული', 'Georgian'),
(57, 'kalaallisut', 'Kalaallisut'),
(58, 'Chamoru', 'Chamorro'),
(59, 'Kreyòl ayisyen', 'Haitian'),
(60, 'latine', 'Latin'),
(61, 'Italiano', 'Italian'),
(62, 'magyar', 'Hungarian'),
(63, 'Íslenska', 'Icelandic'),
(64, 'Bahasa Indonesia', 'Indonesian'),
(65, 'فارسی', 'Persian (Farsi)'),
(66, 'Kurdî', 'Kurdish'),
(67, 'Gaeilge', 'Irish'),
(68, 'Gaelg', 'Manx'),
(69, 'עברית', 'Hebrew (modern)'),
(70, '日本語 (にほんご)', 'Japanese'),
(71, 'қазақ тілі', 'Kazakh'),
(72, 'Кыргызча', 'Kyrgyz'),
(73, 'ພາສາລາວ', 'Lao'),
(74, 'latviešu valoda', 'Latvian'),
(75, 'Sesotho', 'Southern Sotho'),
(76, 'lietuvių kalba', 'Lithuanian'),
(77, 'Lëtzebuergesch', 'Luxembourgish'),
(78, 'македонски јазик', 'Macedonian'),
(79, 'fiteny malagasy', 'Malagasy'),
(80, 'chiCheŵa', 'Chichewa'),
(81, 'بهاس مليسيا', 'Malaysian'),
(82, 'ދިވެހި', 'Divehi'),
(83, 'Malti', 'Maltese'),
(84, 'Kajin M̧ajeļ', 'Marshallese'),
(85, 'Română', 'Romanian'),
(86, 'Монгол хэл', 'Mongolian'),
(87, 'ဗမာစာ', 'Burmese'),
(88, 'Afrikaans', 'Afrikaans'),
(89, 'Dorerin Naoero', 'Nauruan'),
(90, 'नेपाली', 'Nepali'),
(91, 'te reo Māori', 'Māori'),
(92, '한국어', 'Korean'),
(93, 'język polski', 'Polish'),
(94, 'Ikinyarwanda', 'Kinyarwanda'),
(95, 'தமிழ்', 'Tamil'),
(96, 'slovenski jezik', 'Slovene'),
(97, 'Soomaaliga', 'Somali'),
(98, 'isiNdebele', 'Southern Ndebele'),
(99, 'SiSwati', 'Swati'),
(100, 'Xitsonga', 'Tsonga'),
(101, 'Tshivenḓa', 'Venda'),
(102, 'isiXhosa', 'Xhosa'),
(103, 'isiZulu', 'Zulu'),
(104, 'සිංහල', 'Sinhalese'),
(105, 'тоҷикӣ', 'Tajik'),
(106, 'ไทย', 'Thai'),
(107, 'faka Tonga', 'Tonga (Tonga Islands)'),
(108, 'Українська', 'Ukrainian'),
(109, 'Bislama', 'Bislama'),
(110, 'Tiếng Việt', 'Vietnamese'),
(111, 'chiShona', 'Shona'),
(112, 'isiNdebele', 'Northern Ndebele');

-- --------------------------------------------------------

--
-- Table structure for table `levels`
--

DROP TABLE IF EXISTS `levels`;
CREATE TABLE IF NOT EXISTS `levels` (
  `level_id` int(11) NOT NULL AUTO_INCREMENT,
  `label` varchar(255) NOT NULL,
  `ref` varchar(255) DEFAULT NULL,
  `description` text DEFAULT NULL,
  `isArchive` tinyint(1) NOT NULL DEFAULT 0,
  `test_id` int(11) DEFAULT NULL,
  PRIMARY KEY (`level_id`),
  KEY `test_id` (`test_id`)
) ENGINE=InnoDB AUTO_INCREMENT=15 DEFAULT CHARSET=utf8mb4;

--
-- Dumping data for table `levels`
--

INSERT INTO `levels` (`level_id`, `label`, `ref`, `description`, `isArchive`, `test_id`) VALUES
(1, 'A1', 'A1', 'Utilisateur élémentaire (niveau introductif ou de découverte)', 0, 1),
(2, 'A2', 'A2', 'Utilisateur élémentaire (niveau intermédiaire ou usuel)', 0, 1),
(3, 'B1', 'B1', 'Utilisateur indépendant (niveau seuil)', 0, 1),
(4, 'C1', 'C1', 'Utilisateur expérimenté (niveau autonome)', 0, 1),
(5, 'C2', 'C2', 'Utilisateur expérimenté (niveau maîtrise)', 0, 1),
(6, 'N5', 'JLPT-N5', '', 0, 3),
(7, 'N4', 'JLPT-N4', '', 0, 3),
(8, 'N3', 'JLPT-N3', '', 0, 3),
(9, 'N2', 'JLPT-N2', '', 0, 3),
(10, 'N1', 'JLPT-N1', '', 0, 3),
(11, 'A1', 'A1', 'Utilisateur élémentaire (niveau introductif ou de découverte)', 0, 5),
(12, 'A2', 'A2', '', 0, 5),
(13, 'A1', 'A1', '', 0, 2),
(14, 'A2', 'A2', '', 0, 2);

-- --------------------------------------------------------

--
-- Table structure for table `questions`
--

DROP TABLE IF EXISTS `questions`;
CREATE TABLE IF NOT EXISTS `questions` (
  `question_id` int(11) NOT NULL AUTO_INCREMENT,
  `isWritten` tinyint(1) DEFAULT NULL,
  `isAuto` tinyint(1) DEFAULT NULL,
  `isTraining` tinyint(1) DEFAULT NULL,
  `type` int(11) DEFAULT NULL,
  `instruction` text DEFAULT NULL,
  `point` int(11) DEFAULT NULL,
  `timemax` int(11) DEFAULT NULL,
  `skill_id` int(11) DEFAULT NULL,
  `answer` longtext CHARACTER SET utf8mb4 COLLATE utf8mb4_bin DEFAULT NULL CHECK (json_valid(`answer`)),
  `medias` longtext CHARACTER SET utf8mb4 COLLATE utf8mb4_bin DEFAULT NULL CHECK (json_valid(`medias`)),
  PRIMARY KEY (`question_id`),
  KEY `skill_id` (`skill_id`)
) ENGINE=InnoDB DEFAULT CHARSET=utf8mb4;

-- --------------------------------------------------------

--
-- Table structure for table `refresh_token`
--

DROP TABLE IF EXISTS `refresh_token`;
CREATE TABLE IF NOT EXISTS `refresh_token` (
  `id` int(11) NOT NULL AUTO_INCREMENT,
  `token` varchar(255) NOT NULL,
  `expires_at` datetime NOT NULL,
  `user_id` int(11) DEFAULT NULL,
  `created_at` datetime NOT NULL,
  `updated_at` datetime NOT NULL,
  PRIMARY KEY (`id`),
  KEY `user_id` (`user_id`)
) ENGINE=InnoDB DEFAULT CHARSET=utf8mb4;

-- --------------------------------------------------------

--
-- Table structure for table `roles`
--

DROP TABLE IF EXISTS `roles`;
CREATE TABLE IF NOT EXISTS `roles` (
  `role_id` int(11) NOT NULL AUTO_INCREMENT,
  `label` varchar(255) NOT NULL,
  `power` int(11) NOT NULL,
  PRIMARY KEY (`role_id`)
) ENGINE=InnoDB AUTO_INCREMENT=6 DEFAULT CHARSET=utf8mb4;

--
-- Dumping data for table `roles`
--

INSERT INTO `roles` (`role_id`, `label`, `power`) VALUES
(1, 'User', 1),
(2, 'Teacher of the institut', 2),
(3, 'Managor of the institut', 3),
(4, 'Administrator of the institut', 4),
(5, 'System Administrator', 10);

-- --------------------------------------------------------

--
-- Table structure for table `sessions`
--

DROP TABLE IF EXISTS `sessions`;
CREATE TABLE IF NOT EXISTS `sessions` (
  `session_id` int(11) NOT NULL AUTO_INCREMENT,
  `institut_id` int(11) NOT NULL,
  `start` datetime NOT NULL,
  `end` datetime NOT NULL,
  `limitDateSubscribe` datetime NOT NULL,
  `placeAvailable` int(11) NOT NULL,
  `validation` tinyint(1) NOT NULL DEFAULT 0,
  `test_id` int(11) NOT NULL,
  `level_id` int(11) DEFAULT NULL,
  PRIMARY KEY (`session_id`),
  KEY `institut_id` (`institut_id`),
  KEY `test_id` (`test_id`),
  KEY `level_id` (`level_id`)
) ENGINE=InnoDB AUTO_INCREMENT=50 DEFAULT CHARSET=utf8mb4;

--
-- Dumping data for table `sessions`
--

INSERT INTO `sessions` (`session_id`, `institut_id`, `start`, `end`, `limitDateSubscribe`, `placeAvailable`, `validation`, `test_id`, `level_id`) VALUES
(1, 1, '2023-11-02 11:28:28', '2023-12-08 03:21:30', '2023-05-09 12:47:14', 61, 0, 5, 11),
(2, 2, '2023-06-21 01:33:58', '2024-06-17 00:42:34', '2023-03-13 07:02:17', 21, 1, 4, NULL),
(3, 1, '2023-11-04 01:52:07', '2024-05-09 22:55:27', '2023-06-07 22:14:28', 97, 1, 1, 4),
(4, 1, '2024-01-17 02:49:57', '2024-02-14 08:47:00', '2023-04-01 00:38:17', 45, 0, 5, 11),
(5, 1, '2023-06-19 18:12:35', '2023-09-21 19:55:23', '2023-04-24 06:52:39', 28, 0, 1, 2),
(6, 2, '2023-08-31 02:23:42', '2024-08-28 07:38:43', '2023-01-20 09:56:58', 50, 1, 5, 11),
(7, 2, '2023-09-28 22:58:01', '2024-01-23 23:07:23', '2022-12-29 09:52:48', 63, 0, 2, 14),
(8, 1, '2023-08-05 14:01:11', '2024-07-17 19:41:11', '2023-02-04 01:43:38', 95, 0, 4, NULL),
(9, 2, '2023-12-05 02:59:22', '2024-08-30 06:34:53', '2023-06-04 05:17:50', 67, 1, 4, NULL),
(10, 1, '2023-06-08 10:07:08', '2024-05-21 19:20:43', '2022-07-22 23:42:57', 82, 1, 4, NULL),
(11, 2, '2023-12-14 22:10:20', '2024-06-29 15:44:35', '2023-12-05 06:09:07', 75, 0, 3, 7),
(12, 1, '2024-01-23 03:12:17', '2024-04-12 14:56:49', '2023-06-01 04:53:53', 71, 1, 5, 11),
(13, 2, '2023-09-08 16:54:11', '2024-09-05 08:45:33', '2023-08-10 20:12:08', 34, 0, 1, 3),
(14, 1, '2023-11-29 02:05:50', '2024-10-07 09:06:54', '2023-03-19 21:54:11', 78, 1, 3, 8),
(15, 1, '2023-05-31 16:32:14', '2024-04-05 15:56:04', '2022-10-14 16:02:00', 64, 0, 3, 6),
(16, 1, '2023-05-30 19:11:27', '2023-07-26 10:11:41', '2022-09-26 11:25:51', 59, 1, 1, 3),
(17, 2, '2023-10-18 20:55:51', '2024-01-28 00:14:40', '2023-04-30 19:33:20', 47, 1, 1, 1),
(18, 2, '2024-04-04 21:56:09', '2024-07-13 21:02:13', '2024-01-01 17:22:03', 80, 1, 1, 1),
(19, 1, '2023-11-06 10:05:32', '2024-02-20 03:32:18', '2023-03-14 22:44:27', 23, 0, 4, NULL),
(20, 1, '2023-12-04 00:25:49', '2024-01-18 11:01:44', '2023-05-06 03:06:08', 65, 0, 3, 9),
(21, 2, '2024-02-07 23:57:31', '2024-03-28 14:09:06', '2023-06-06 09:07:37', 100, 1, 5, 11),
(22, 1, '2024-03-29 23:12:23', '2024-12-24 19:20:42', '2023-04-13 18:41:11', 24, 1, 2, 14),
(23, 1, '2024-04-05 10:22:45', '2024-12-02 11:06:04', '2023-05-31 13:58:29', 34, 0, 3, 10),
(24, 2, '2023-12-12 03:27:20', '2024-08-11 00:14:48', '2023-07-12 20:26:17', 17, 1, 2, 13),
(25, 2, '2024-03-29 01:59:40', '2024-09-09 23:34:55', '2023-12-05 09:03:01', 92, 0, 4, NULL),
(26, 2, '2023-05-25 19:39:02', '2024-04-02 21:25:14', '2023-02-01 16:46:50', 5, 1, 2, 14),
(27, 1, '2024-05-16 19:17:00', '2024-07-03 17:24:15', '2024-02-24 23:28:11', 89, 0, 1, 2),
(28, 1, '2023-06-26 10:11:41', '2024-05-18 00:22:10', '2022-06-27 06:01:24', 57, 0, 1, 2),
(29, 2, '2023-08-28 07:53:56', '2023-12-20 05:39:08', '2023-07-01 16:12:48', 25, 1, 2, 13),
(30, 2, '2024-03-20 22:32:53', '2025-02-02 01:25:53', '2023-11-19 02:33:58', 42, 0, 3, 7),
(31, 2, '2024-02-08 00:25:20', '2024-07-28 13:16:52', '2023-08-03 13:02:17', 46, 1, 4, NULL),
(32, 2, '2023-06-12 04:49:31', '2024-05-17 18:58:49', '2022-07-28 08:12:08', 26, 0, 2, 14),
(33, 1, '2024-04-15 22:36:19', '2025-01-30 12:40:06', '2023-08-26 23:16:19', 7, 1, 5, 11),
(34, 2, '2023-06-23 12:07:05', '2024-06-15 04:58:30', '2022-09-09 00:12:47', 8, 0, 4, NULL),
(35, 1, '2024-02-27 03:56:56', '2024-05-14 21:02:28', '2023-09-09 12:15:59', 59, 1, 1, 4),
(36, 2, '2024-04-27 21:07:45', '2024-10-22 04:42:15', '2024-04-09 05:57:52', 80, 1, 1, 4),
(37, 1, '2024-03-11 01:21:36', '2024-09-18 10:02:14', '2024-01-09 09:18:35', 29, 0, 4, NULL),
(38, 2, '2023-08-25 12:29:40', '2023-09-07 00:11:14', '2023-01-30 01:10:48', 9, 1, 3, 10),
(39, 1, '2023-11-02 10:58:12', '2024-02-10 19:59:06', '2023-01-17 03:47:42', 40, 1, 1, 4),
(40, 1, '2024-04-16 13:57:40', '2025-01-16 16:27:39', '2023-10-16 15:03:58', 13, 1, 1, 2),
(41, 2, '2024-02-19 02:01:13', '2024-10-04 18:11:15', '2024-01-04 04:31:04', 42, 1, 3, 8),
(42, 1, '2024-01-09 12:56:21', '2024-03-28 18:53:13', '2023-12-18 18:43:33', 59, 1, 4, NULL),
(43, 2, '2023-12-04 15:12:33', '2024-02-06 17:10:43', '2023-04-22 14:42:16', 76, 1, 1, 2),
(44, 2, '2023-10-18 18:46:59', '2024-08-06 22:23:28', '2023-08-22 19:14:35', 59, 1, 1, 5),
(45, 1, '2023-12-25 13:50:21', '2024-06-09 07:23:30', '2023-04-07 23:25:52', 9, 1, 4, NULL),
(46, 1, '2023-12-17 05:22:01', '2024-03-26 21:11:35', '2023-02-18 16:47:00', 23, 1, 2, 13),
(47, 2, '2023-09-21 17:31:52', '2024-09-08 04:03:40', '2023-01-18 01:50:53', 36, 1, 2, 14),
(48, 2, '2023-11-27 11:59:02', '2024-03-22 11:15:38', '2022-12-17 19:10:12', 42, 1, 2, 14),
(49, 1, '2023-11-06 20:22:29', '2024-03-31 22:53:36', '2023-07-05 08:21:53', 32, 1, 3, 6);

-- --------------------------------------------------------

--
-- Table structure for table `sessionusers`
--

DROP TABLE IF EXISTS `sessionusers`;
CREATE TABLE IF NOT EXISTS `sessionusers` (
  `sessionUser_id` int(11) NOT NULL AUTO_INCREMENT,
  `session_id` int(11) DEFAULT NULL,
  `user_id` int(11) DEFAULT NULL,
  `paymentMode` int(11) DEFAULT NULL,
  `numInscrAnt` varchar(255) DEFAULT NULL,
  `inscription` datetime DEFAULT '2023-05-24 10:01:30',
  `hasPaid` tinyint(1) DEFAULT NULL,
  `informations` text DEFAULT NULL,
  PRIMARY KEY (`sessionUser_id`),
  UNIQUE KEY `compositeKey` (`session_id`,`user_id`),
  KEY `user_id` (`user_id`)
) ENGINE=InnoDB AUTO_INCREMENT=999 DEFAULT CHARSET=utf8mb4;

--
-- Dumping data for table `sessionusers`
--

INSERT INTO `sessionusers` (`sessionUser_id`, `session_id`, `user_id`, `paymentMode`, `numInscrAnt`, `inscription`, `hasPaid`, `informations`) VALUES
(1, 9, 247, 1, NULL, '2023-05-24 10:01:30', 1, 'Maxime corrupti consequatur id eveniet iure magni expedita totam tempore.'),
(2, 23, 290, 1, NULL, '2023-05-24 10:01:30', 1, 'Hic magni veniam quis dignissimos reiciendis pariatur.'),
(3, 24, 344, 1, NULL, '2023-05-24 10:01:30', 1, 'Saepe numquam rerum quos placeat nesciunt exercitationem.'),
(4, 1, 273, 1, NULL, '2023-05-24 10:01:30', 0, 'Unde eligendi aliquam excepturi assumenda consequatur ea.'),
(5, 1, 258, 1, NULL, '2023-05-24 10:01:30', 1, 'Quasi aut exercitationem porro et impedit est corrupti.'),
(6, 49, 420, 1, NULL, '2023-05-24 10:01:30', 1, 'Eveniet vitae ea.'),
(7, 21, 418, 1, NULL, '2023-05-24 10:01:30', 1, 'Eius ea nostrum fuga aut.'),
(8, 20, 141, 1, NULL, '2023-05-24 10:01:30', 0, 'Hic magnam esse accusantium eveniet minima est sit.'),
(9, 46, 491, 1, NULL, '2023-05-24 10:01:30', 0, 'Sunt minima quidem minus non rerum quia non.'),
(10, 46, 142, 1, NULL, '2023-05-24 10:01:30', 0, 'Eaque eligendi et.'),
(11, 49, 195, 1, NULL, '2023-05-24 10:01:30', 1, 'Ea ullam non et et architecto animi.'),
(12, 8, 38, 1, NULL, '2023-05-24 10:01:30', 0, 'Consequuntur debitis voluptate accusamus illum iusto est.'),
(13, 31, 237, 1, NULL, '2023-05-24 10:01:30', 1, 'Laborum rem nostrum labore asperiores voluptas quam reprehenderit laudantium.'),
(14, 48, 12, 1, NULL, '2023-05-24 10:01:30', 1, 'Est commodi nam fugit repudiandae adipisci sed iure at.'),
(15, 23, 246, 1, NULL, '2023-05-24 10:01:30', 1, 'Repellendus quasi earum eaque vitae.'),
(16, 29, 93, 1, NULL, '2023-05-24 10:01:30', 1, 'Autem eos dicta occaecati in quibusdam voluptatem dolorem pariatur.'),
(17, 33, 256, 1, NULL, '2023-05-24 10:01:30', 1, 'Omnis ullam odio ipsum in commodi.'),
(18, 37, 53, 1, NULL, '2023-05-24 10:01:30', 1, 'Laborum doloribus aliquid voluptas dolor dolor.'),
(19, 21, 339, 1, NULL, '2023-05-24 10:01:30', 1, 'Eum commodi est ipsam animi sit rerum.'),
(20, 48, 355, 1, NULL, '2023-05-24 10:01:30', 0, 'Debitis deserunt quidem et ducimus.'),
(21, 2, 84, 1, NULL, '2023-05-24 10:01:30', 0, 'Eligendi aut et.'),
(22, 9, 411, 1, NULL, '2023-05-24 10:01:30', 0, 'Sed porro et provident voluptatem voluptates magni neque.'),
(23, 17, 349, 1, NULL, '2023-05-24 10:01:30', 0, 'Voluptatem id impedit quo id maxime explicabo eaque.'),
(24, 21, 63, 1, NULL, '2023-05-24 10:01:30', 0, 'Quos sapiente corporis debitis.'),
(25, 12, 448, 1, NULL, '2023-05-24 10:01:30', 1, 'Ut et ratione magni autem quibusdam voluptatum id quo.'),
(26, 33, 289, 1, NULL, '2023-05-24 10:01:30', 0, 'Eos unde et dolorum velit error officia odit maiores dolorem.'),
(27, 3, 436, 1, NULL, '2023-05-24 10:01:30', 1, 'Ut quae velit distinctio labore molestiae.'),
(28, 24, 176, 1, NULL, '2023-05-24 10:01:30', 0, 'Molestiae quis ut.'),
(29, 27, 97, 1, NULL, '2023-05-24 10:01:30', 1, 'Dolores autem accusantium sed officia et nisi.'),
(30, 26, 469, 1, NULL, '2023-05-24 10:01:30', 1, 'Est ipsum sit dolor consectetur ut laboriosam.'),
(31, 25, 484, 1, NULL, '2023-05-24 10:01:30', 1, 'Tenetur non sapiente non quisquam pariatur quos et natus cumque.'),
(32, 26, 112, 1, NULL, '2023-05-24 10:01:30', 1, 'Repudiandae ad officia magnam non hic quidem minima.'),
(33, 12, 307, 1, NULL, '2023-05-24 10:01:30', 0, 'Saepe quia perspiciatis et sit eaque.'),
(34, 31, 186, 1, NULL, '2023-05-24 10:01:30', 1, 'Quam esse quibusdam modi rerum qui nulla aut.'),
(35, 12, 319, 1, NULL, '2023-05-24 10:01:30', 0, 'Fugit sit vitae tenetur est ipsam nihil sint maiores.'),
(36, 7, 28, 1, NULL, '2023-05-24 10:01:30', 0, 'Non id hic velit modi sint sit non blanditiis.'),
(37, 10, 468, 1, NULL, '2023-05-24 10:01:30', 0, 'Quam qui dolorem quia sit delectus eaque molestias quae excepturi.'),
(38, 29, 211, 1, NULL, '2023-05-24 10:01:30', 1, 'Provident quisquam voluptate doloremque.'),
(39, 48, 51, 1, NULL, '2023-05-24 10:01:30', 1, 'Reiciendis adipisci molestiae.'),
(40, 24, 298, 1, NULL, '2023-05-24 10:01:30', 0, 'Dolorum minima fugiat sed autem.'),
(43, 10, 332, 1, NULL, '2023-05-24 10:01:30', 1, 'Magni voluptas et.'),
(44, 12, 37, 1, NULL, '2023-05-24 10:01:30', 0, 'Sint voluptates nulla qui qui magnam.'),
(46, 23, 66, 1, NULL, '2023-05-24 10:01:30', 0, 'Voluptatem impedit quis odio voluptatum iure excepturi adipisci.'),
(47, 19, 408, 1, NULL, '2023-05-24 10:01:30', 1, 'Et animi voluptas similique in tempore ut cum mollitia harum.'),
(48, 1, 250, 1, NULL, '2023-05-24 10:01:30', 1, 'Rerum id occaecati.'),
(49, 41, 72, 1, NULL, '2023-05-24 10:01:30', 0, 'Quidem nesciunt doloribus eos quis sit voluptatibus nesciunt labore.'),
(50, 30, 346, 1, NULL, '2023-05-24 10:01:30', 0, 'Dolorem aliquam eius dolores rem accusamus dolorem natus incidunt dolores.'),
(51, 38, 402, 1, NULL, '2023-05-24 10:01:30', 0, 'Minima nostrum recusandae porro accusamus quibusdam.'),
(53, 2, 199, 1, NULL, '2023-05-24 10:01:30', 1, 'Hic aliquid omnis.'),
(54, 2, 228, 1, NULL, '2023-05-24 10:01:30', 0, 'Qui neque expedita consequatur blanditiis sequi ea adipisci facilis.'),
(55, 17, 327, 1, NULL, '2023-05-24 10:01:30', 0, 'Quia eum perferendis.'),
(56, 14, 64, 1, NULL, '2023-05-24 10:01:30', 1, 'Voluptates repudiandae quam aut.'),
(57, 27, 11, 1, NULL, '2023-05-24 10:01:30', 1, 'Aliquid itaque voluptatibus rerum corrupti nemo aut harum illum.'),
(58, 17, 305, 1, NULL, '2023-05-24 10:01:30', 1, 'Fugit laboriosam et sint et voluptatem quos neque laudantium.'),
(59, 24, 219, 1, NULL, '2023-05-24 10:01:30', 1, 'In deserunt explicabo corrupti quo quas saepe.'),
(60, 26, 56, 1, NULL, '2023-05-24 10:01:30', 1, 'Ducimus aut neque modi rerum molestiae voluptatem cum.'),
(61, 10, 303, 1, NULL, '2023-05-24 10:01:30', 0, 'Quasi inventore numquam quos.'),
(62, 33, 489, 1, NULL, '2023-05-24 10:01:30', 1, 'Reiciendis sunt enim nostrum laudantium.'),
(63, 34, 299, 1, NULL, '2023-05-24 10:01:30', 1, 'Est qui ut dolorem suscipit voluptas.'),
(64, 45, 182, 1, NULL, '2023-05-24 10:01:30', 1, 'Natus voluptas quo quibusdam.'),
(65, 10, 293, 1, NULL, '2023-05-24 10:01:30', 1, 'Reprehenderit blanditiis ut ut impedit.'),
(67, 39, 229, 1, NULL, '2023-05-24 10:01:30', 1, 'Quaerat aut veniam soluta.'),
(68, 15, 286, 1, NULL, '2023-05-24 10:01:30', 0, 'Cumque magnam laboriosam.'),
(69, 41, 492, 1, NULL, '2023-05-24 10:01:30', 0, 'Totam rerum quia id quia harum.'),
(70, 39, 404, 1, NULL, '2023-05-24 10:01:30', 0, 'Alias aut et pariatur nisi fugit nobis voluptate autem.'),
(71, 46, 157, 1, NULL, '2023-05-24 10:01:30', 0, 'Ducimus eligendi maxime qui harum quia.'),
(72, 5, 432, 1, NULL, '2023-05-24 10:01:30', 1, 'Ut distinctio animi veritatis labore cupiditate.'),
(73, 39, 6, 1, NULL, '2023-05-24 10:01:30', 0, 'Quibusdam nobis sed cumque ipsum.'),
(74, 47, 378, 1, NULL, '2023-05-24 10:01:30', 1, 'Qui cumque inventore voluptatem corporis velit sint nulla voluptate repellendus.'),
(75, 19, 218, 1, NULL, '2023-05-24 10:01:30', 0, 'Aut sint cupiditate ab.'),
(76, 23, 226, 1, NULL, '2023-05-24 10:01:30', 1, 'Quis esse et ea nulla.'),
(77, 34, 185, 1, NULL, '2023-05-24 10:01:30', 1, 'Voluptatem aut eaque reiciendis.'),
(78, 18, 352, 1, NULL, '2023-05-24 10:01:30', 1, 'Velit commodi hic dolorem.'),
(80, 12, 384, 1, NULL, '2023-05-24 10:01:30', 1, 'Quia architecto ipsam placeat non minus fuga aut.'),
(81, 35, 174, 1, NULL, '2023-05-24 10:01:30', 1, 'Dignissimos voluptas placeat voluptas quos ut qui ad.'),
(82, 37, 328, 1, NULL, '2023-05-24 10:01:30', 1, 'Et quaerat illum quibusdam et.'),
(83, 35, 59, 1, NULL, '2023-05-24 10:01:30', 0, 'Perferendis ducimus sunt et.'),
(85, 47, 439, 1, NULL, '2023-05-24 10:01:30', 0, 'Illum deleniti quo ullam tempore repellendus perspiciatis illo.'),
(86, 24, 375, 1, NULL, '2023-05-24 10:01:30', 1, 'Doloribus dolores quia fuga molestiae porro cum enim.'),
(87, 13, 416, 1, NULL, '2023-05-24 10:01:30', 0, 'Tempore cum quidem.'),
(88, 49, 474, 1, NULL, '2023-05-24 10:01:30', 0, 'Qui earum laudantium eaque est ut molestias.'),
(89, 8, 221, 1, NULL, '2023-05-24 10:01:30', 0, 'Porro est et voluptas voluptas ipsam beatae non atque.'),
(90, 1, 249, 1, NULL, '2023-05-24 10:01:30', 0, 'Molestiae quis accusantium voluptas libero nam temporibus inventore enim sunt.'),
(91, 49, 17, 1, NULL, '2023-05-24 10:01:30', 0, 'Voluptates molestiae ut sint repellendus et iusto sit sint tempora.'),
(92, 38, 34, 1, NULL, '2023-05-24 10:01:30', 1, 'Saepe corrupti laboriosam sunt earum perspiciatis.'),
(93, 41, 108, 1, NULL, '2023-05-24 10:01:30', 1, 'Qui quidem aperiam quas maiores.'),
(94, 43, 7, 1, NULL, '2023-05-24 10:01:30', 1, 'Aspernatur et harum.'),
(95, 18, 146, 1, NULL, '2023-05-24 10:01:30', 1, 'Quibusdam iure fugit perspiciatis corrupti nesciunt tempore omnis.'),
(97, 38, 86, 1, NULL, '2023-05-24 10:01:30', 0, 'Itaque animi consequuntur fuga aliquam.'),
(99, 48, 472, 1, NULL, '2023-05-24 10:01:30', 0, 'Reiciendis quas est nemo nostrum ab nisi tempore.'),
(100, 32, 283, 1, NULL, '2023-05-24 10:01:30', 1, 'Odit eveniet ut iusto neque.'),
(101, 6, 115, 1, NULL, '2023-05-24 10:01:30', 0, 'Ab laudantium accusamus est autem ea eum consequatur veniam.'),
(102, 30, 435, 1, NULL, '2023-05-24 10:01:30', 0, 'Sint asperiores error.'),
(103, 45, 465, 1, NULL, '2023-05-24 10:01:30', 0, 'Fugiat et vel itaque dolore perferendis vero aut saepe vitae.'),
(104, 12, 205, 1, NULL, '2023-05-24 10:01:30', 1, 'Laboriosam quia fuga cum deserunt sed esse quibusdam unde quam.'),
(105, 30, 428, 1, NULL, '2023-05-24 10:01:30', 0, 'Cupiditate qui explicabo est dolores eaque.'),
(106, 15, 39, 1, NULL, '2023-05-24 10:01:30', 0, 'Fugiat repellendus atque veritatis voluptatem quaerat dolorum animi quae tempora.'),
(107, 28, 267, 1, NULL, '2023-05-24 10:01:30', 0, 'Culpa voluptatem corporis facere.'),
(108, 10, 29, 1, NULL, '2023-05-24 10:01:30', 1, 'Amet et natus quisquam eaque provident laboriosam autem repellat sunt.'),
(109, 13, 253, 1, NULL, '2023-05-24 10:01:30', 1, 'Ea esse exercitationem tempore ipsam excepturi.'),
(111, 36, 158, 1, NULL, '2023-05-24 10:01:30', 0, 'Et excepturi quasi sit aliquam dolorem ea quis eaque.'),
(112, 9, 330, 1, NULL, '2023-05-24 10:01:30', 0, 'Aut a quas doloremque itaque.'),
(113, 31, 282, 1, NULL, '2023-05-24 10:01:30', 0, 'Vero enim cumque vel architecto pariatur eum magnam aut.'),
(114, 19, 136, 1, NULL, '2023-05-24 10:01:30', 0, 'Non ut tempora maiores nesciunt.'),
(116, 5, 309, 1, NULL, '2023-05-24 10:01:30', 0, 'Voluptatum quia ut consectetur rerum rem culpa alias.'),
(117, 37, 254, 1, NULL, '2023-05-24 10:01:30', 0, 'In eos voluptas voluptatem animi ut.'),
(118, 40, 276, 1, NULL, '2023-05-24 10:01:30', 0, 'Cum possimus adipisci est est perspiciatis.'),
(119, 36, 189, 1, NULL, '2023-05-24 10:01:30', 0, 'Nihil aut tenetur.'),
(120, 33, 372, 1, NULL, '2023-05-24 10:01:30', 0, 'Praesentium repellendus illo et aut.'),
(122, 16, 92, 1, NULL, '2023-05-24 10:01:30', 1, 'Minima laudantium non alias.'),
(123, 7, 117, 1, NULL, '2023-05-24 10:01:30', 1, 'Aut omnis nihil accusamus sit autem doloremque.'),
(126, 39, 301, 1, NULL, '2023-05-24 10:01:30', 0, 'Delectus deserunt esse quod.'),
(127, 39, 337, 1, NULL, '2023-05-24 10:01:30', 0, 'Ab quo exercitationem esse voluptas perspiciatis.'),
(129, 33, 167, 1, NULL, '2023-05-24 10:01:30', 0, 'Ratione aut ut molestias nulla.'),
(131, 21, 73, 1, NULL, '2023-05-24 10:01:30', 0, 'Voluptatem quae excepturi voluptatem vel.'),
(132, 24, 413, 1, NULL, '2023-05-24 10:01:30', 0, 'Voluptates in ut.'),
(133, 3, 155, 1, NULL, '2023-05-24 10:01:30', 1, 'Inventore culpa hic earum laborum.'),
(134, 16, 122, 1, NULL, '2023-05-24 10:01:30', 1, 'Quam illum ipsa quam odio eum tempora non.'),
(135, 3, 399, 1, NULL, '2023-05-24 10:01:30', 1, 'Iusto qui tenetur eum incidunt aut rerum quo deleniti rerum.'),
(138, 7, 150, 1, NULL, '2023-05-24 10:01:30', 1, 'Nesciunt fugit dignissimos maiores.'),
(139, 3, 83, 1, NULL, '2023-05-24 10:01:30', 0, 'Animi aut consequuntur quia sint velit repudiandae.'),
(140, 2, 35, 1, NULL, '2023-05-24 10:01:30', 1, 'Laudantium enim aut nulla sit.'),
(141, 42, 162, 1, NULL, '2023-05-24 10:01:30', 1, 'Quia cum architecto quia est.'),
(142, 4, 82, 1, NULL, '2023-05-24 10:01:30', 0, 'Neque non et dolores voluptatibus amet ullam.'),
(143, 8, 192, 1, NULL, '2023-05-24 10:01:30', 1, 'Autem adipisci quaerat quo aliquid est sed vero debitis beatae.'),
(144, 4, 495, 1, NULL, '2023-05-24 10:01:30', 1, 'Iure est laboriosam doloremque excepturi sit iure commodi asperiores.'),
(145, 35, 379, 1, NULL, '2023-05-24 10:01:30', 1, 'Recusandae ut dolores blanditiis.'),
(146, 7, 430, 1, NULL, '2023-05-24 10:01:30', 1, 'Inventore dolorum tenetur id repudiandae maiores ea qui.'),
(147, 43, 285, 1, NULL, '2023-05-24 10:01:30', 0, 'Rem quisquam esse dolorem sit voluptatem.'),
(148, 37, 450, 1, NULL, '2023-05-24 10:01:30', 0, 'Minima ut consequatur enim accusamus dignissimos molestiae expedita quod id.'),
(149, 27, 259, 1, NULL, '2023-05-24 10:01:30', 1, 'Et nesciunt sed in.'),
(150, 15, 454, 1, NULL, '2023-05-24 10:01:30', 0, 'Facere sed repellat praesentium sit est.'),
(151, 1, 308, 1, NULL, '2023-05-24 10:01:30', 1, 'Excepturi omnis ratione blanditiis nam fugit vel aperiam consequatur.'),
(152, 18, 457, 1, NULL, '2023-05-24 10:01:30', 1, 'Non doloremque soluta quia aliquam autem iste aut quas.'),
(153, 3, 300, 1, NULL, '2023-05-24 10:01:30', 0, 'Esse placeat provident repellat facere aut.'),
(154, 32, 476, 1, NULL, '2023-05-24 10:01:30', 1, 'Impedit minima veniam voluptatem.'),
(156, 46, 190, 1, NULL, '2023-05-24 10:01:30', 0, 'Vitae aliquid reprehenderit.'),
(157, 11, 470, 1, NULL, '2023-05-24 10:01:30', 0, 'Iusto aut at accusantium voluptatem voluptas iusto.'),
(158, 16, 114, 1, NULL, '2023-05-24 10:01:30', 0, 'Officiis saepe qui id fuga.'),
(160, 2, 481, 1, NULL, '2023-05-24 10:01:30', 0, 'Veritatis recusandae sunt quam ullam repellendus quia reiciendis alias odit.'),
(161, 8, 499, 1, NULL, '2023-05-24 10:01:30', 1, 'Quo et consequatur velit eveniet alias ullam possimus id ut.'),
(164, 25, 275, 1, NULL, '2023-05-24 10:01:30', 1, 'Nulla aut maxime magni.'),
(165, 41, 501, 1, NULL, '2023-05-24 10:01:30', 0, 'Autem voluptatem voluptas enim tempora quis et quia.'),
(166, 2, 449, 1, NULL, '2023-05-24 10:01:30', 0, 'Itaque omnis necessitatibus ea deserunt ab et.'),
(167, 32, 173, 1, NULL, '2023-05-24 10:01:30', 1, 'Accusantium perferendis et quas et.'),
(168, 17, 329, 1, NULL, '2023-05-24 10:01:30', 0, 'Ullam libero natus placeat omnis eos velit et molestiae asperiores.'),
(169, 6, 139, 1, NULL, '2023-05-24 10:01:30', 0, 'Distinctio et unde ut aut sed voluptas.'),
(170, 49, 202, 1, NULL, '2023-05-24 10:01:30', 1, 'Harum odio repudiandae voluptas nobis amet.'),
(171, 11, 200, 1, NULL, '2023-05-24 10:01:30', 0, 'Ea eum molestias sunt molestias velit.'),
(172, 18, 255, 1, NULL, '2023-05-24 10:01:30', 0, 'Odio molestias vero et et nulla dolore.'),
(173, 10, 118, 1, NULL, '2023-05-24 10:01:30', 0, 'Excepturi quisquam praesentium.'),
(174, 4, 181, 1, NULL, '2023-05-24 10:01:30', 0, 'Facere qui ab vel consequatur cumque.'),
(175, 45, 386, 1, NULL, '2023-05-24 10:01:30', 0, 'Amet iure aliquam cumque magni expedita.'),
(178, 49, 132, 1, NULL, '2023-05-24 10:01:30', 1, 'Ad ullam explicabo eos ut ipsa.'),
(179, 13, 364, 1, NULL, '2023-05-24 10:01:30', 0, 'Consectetur sapiente quia quia aut et sed.'),
(180, 20, 280, 1, NULL, '2023-05-24 10:01:30', 1, 'Eum fugit veritatis ut dolor.'),
(182, 29, 179, 1, NULL, '2023-05-24 10:01:30', 1, 'Nulla cum nemo nobis molestiae delectus nam facere.'),
(184, 44, 207, 1, NULL, '2023-05-24 10:01:30', 1, 'Similique molestiae rem laborum rerum.'),
(186, 18, 197, 1, NULL, '2023-05-24 10:01:30', 0, 'Provident hic consequatur autem.'),
(188, 42, 26, 1, NULL, '2023-05-24 10:01:30', 0, 'Nulla ipsa error quod dolores ad.'),
(189, 25, 322, 1, NULL, '2023-05-24 10:01:30', 0, 'Id velit et voluptatum ut ad quo odio impedit natus.'),
(191, 40, 363, 1, NULL, '2023-05-24 10:01:30', 1, 'Perferendis dolorem est non.'),
(192, 7, 471, 1, NULL, '2023-05-24 10:01:30', 1, 'Totam modi laboriosam nostrum veniam amet ab inventore laborum cupiditate.'),
(195, 18, 466, 1, NULL, '2023-05-24 10:01:30', 0, 'Neque consequatur vero voluptatibus ex est.'),
(196, 31, 127, 1, NULL, '2023-05-24 10:01:30', 1, 'Impedit numquam voluptates facilis tenetur.'),
(197, 15, 213, 1, NULL, '2023-05-24 10:01:30', 0, 'Qui dicta dolorum dolor quia omnis explicabo quo.'),
(198, 7, 443, 1, NULL, '2023-05-24 10:01:30', 1, 'Exercitationem sapiente quia quia non hic occaecati.'),
(199, 34, 377, 1, NULL, '2023-05-24 10:01:30', 0, 'Unde blanditiis sunt velit qui molestiae sed ut atque dolorem.'),
(201, 24, 395, 1, NULL, '2023-05-24 10:01:30', 1, 'Ad maiores laborum.'),
(202, 26, 143, 1, NULL, '2023-05-24 10:01:30', 1, 'Aspernatur vel ab nisi.'),
(204, 36, 188, 1, NULL, '2023-05-24 10:01:30', 1, 'Non non sed qui aut earum enim.'),
(205, 16, 374, 1, NULL, '2023-05-24 10:01:30', 0, 'Ut dolores ratione nulla dolorum.'),
(207, 22, 394, 1, NULL, '2023-05-24 10:01:30', 1, 'At magnam deserunt quisquam.'),
(208, 10, 234, 1, NULL, '2023-05-24 10:01:30', 0, 'Ut beatae odio facere et dolor sed.'),
(212, 16, 62, 1, NULL, '2023-05-24 10:01:30', 1, 'Dolorem possimus odit error.'),
(213, 26, 500, 1, NULL, '2023-05-24 10:01:30', 1, 'Et voluptas voluptatem est quis excepturi quibusdam autem laudantium accusantium.'),
(216, 9, 46, 1, NULL, '2023-05-24 10:01:30', 1, 'Nihil corrupti fuga perspiciatis explicabo optio qui.'),
(217, 2, 257, 1, NULL, '2023-05-24 10:01:30', 0, 'Aliquam illo nihil repellat voluptas nisi optio consequatur consequuntur ad.'),
(218, 8, 451, 1, NULL, '2023-05-24 10:01:30', 1, 'Nulla consequatur quis quibusdam rem qui et nesciunt.'),
(219, 3, 78, 1, NULL, '2023-05-24 10:01:30', 1, 'Impedit facilis perferendis.'),
(220, 21, 502, 1, NULL, '2023-05-24 10:01:30', 0, 'Commodi quia doloribus.'),
(222, 9, 68, 1, NULL, '2023-05-24 10:01:30', 1, 'In quasi voluptatem laboriosam dolores est vel repellat veniam harum.'),
(224, 11, 459, 1, NULL, '2023-05-24 10:01:30', 1, 'Voluptates reiciendis quo voluptatum quis.'),
(225, 26, 357, 1, NULL, '2023-05-24 10:01:30', 0, 'Blanditiis quis unde sed.'),
(226, 45, 304, 1, NULL, '2023-05-24 10:01:30', 0, 'Quia cum eos ut nihil perspiciatis voluptatum occaecati quam.'),
(227, 1, 323, 1, NULL, '2023-05-24 10:01:30', 0, 'Reprehenderit voluptatem quia.'),
(228, 21, 341, 1, NULL, '2023-05-24 10:01:30', 0, 'Sed non rerum in dolores distinctio ratione mollitia ea.'),
(229, 16, 393, 1, NULL, '2023-05-24 10:01:30', 0, 'Neque consequatur impedit sint voluptatem soluta dolorem est.'),
(230, 30, 222, 1, NULL, '2023-05-24 10:01:30', 1, 'Qui omnis non et aut est ducimus dolore non omnis.'),
(231, 21, 313, 1, NULL, '2023-05-24 10:01:30', 0, 'Optio sapiente ab.'),
(232, 17, 206, 1, NULL, '2023-05-24 10:01:30', 0, 'Nemo quia numquam id recusandae ullam omnis accusantium.'),
(233, 33, 180, 1, NULL, '2023-05-24 10:01:30', 1, 'Ullam neque dolores quibusdam.'),
(234, 26, 427, 1, NULL, '2023-05-24 10:01:30', 1, 'Nulla doloribus eveniet.'),
(235, 47, 91, 1, NULL, '2023-05-24 10:01:30', 0, 'Ad voluptatem sit omnis ex eligendi rerum accusamus quis fugit.'),
(236, 10, 421, 1, NULL, '2023-05-24 10:01:30', 1, 'Eos odio culpa quo aut saepe voluptatem qui.'),
(237, 31, 342, 1, NULL, '2023-05-24 10:01:30', 1, 'Sit quisquam recusandae.'),
(238, 37, 464, 1, NULL, '2023-05-24 10:01:30', 1, 'Ad eligendi porro nulla quo aut iusto possimus aperiam.'),
(239, 10, 437, 1, NULL, '2023-05-24 10:01:30', 1, 'Quia aut quia ullam maxime magnam.'),
(240, 33, 406, 1, NULL, '2023-05-24 10:01:30', 1, 'At totam non animi nobis dolor vitae.'),
(241, 37, 160, 1, NULL, '2023-05-24 10:01:30', 1, 'Amet eum est eum veniam modi sint non rerum quia.'),
(242, 5, 90, 1, NULL, '2023-05-24 10:01:30', 0, 'Non voluptatem rerum dicta qui facilis dolore velit.'),
(243, 41, 55, 1, NULL, '2023-05-24 10:01:30', 1, 'Distinctio tempora blanditiis laboriosam.'),
(244, 17, 244, 1, NULL, '2023-05-24 10:01:30', 1, 'Aut laboriosam nihil delectus.'),
(246, 7, 277, 1, NULL, '2023-05-24 10:01:30', 0, 'Expedita tempora et veniam alias inventore neque.'),
(248, 27, 152, 1, NULL, '2023-05-24 10:01:30', 0, 'Iste beatae nesciunt officiis porro nam.'),
(249, 13, 269, 1, NULL, '2023-05-24 10:01:30', 0, 'Omnis eos eos commodi voluptas ullam.'),
(250, 11, 116, 1, NULL, '2023-05-24 10:01:30', 1, 'Velit et perspiciatis beatae dolor.'),
(251, 12, 145, 1, NULL, '2023-05-24 10:01:30', 0, 'Ut officia hic sequi enim sit.'),
(252, 29, 223, 1, NULL, '2023-05-24 10:01:30', 1, 'Quia quos autem tempora consectetur non velit.'),
(256, 46, 287, 1, NULL, '2023-05-24 10:01:30', 1, 'Laborum laboriosam eius incidunt qui.'),
(262, 39, 385, 1, NULL, '2023-05-24 10:01:30', 0, 'Eius et consequatur nobis est aut sit quia.'),
(266, 18, 480, 1, NULL, '2023-05-24 10:01:30', 1, 'Pariatur ut ea deserunt sequi enim aspernatur.'),
(268, 39, 153, 1, NULL, '2023-05-24 10:01:30', 1, 'Et id itaque totam unde omnis.'),
(270, 29, 248, 1, NULL, '2023-05-24 10:01:30', 0, 'Amet assumenda officiis voluptate architecto velit deserunt cupiditate excepturi similique.'),
(272, 6, 460, 1, NULL, '2023-05-24 10:01:30', 1, 'Non et dolores consequatur quis eos quisquam in.'),
(273, 8, 119, 1, NULL, '2023-05-24 10:01:30', 1, 'Ipsam omnis quos quasi ab fuga.'),
(274, 42, 351, 1, NULL, '2023-05-24 10:01:30', 0, 'Et ut veritatis hic vel fuga ut animi ex maiores.'),
(276, 16, 95, 1, NULL, '2023-05-24 10:01:30', 1, 'Dolor et aperiam dolorum est.'),
(277, 2, 67, 1, NULL, '2023-05-24 10:01:30', 0, 'At est earum ut voluptates eius est sit explicabo.'),
(279, 37, 225, 1, NULL, '2023-05-24 10:01:30', 0, 'Esse perferendis quia omnis.'),
(280, 33, 111, 1, NULL, '2023-05-24 10:01:30', 0, 'Qui consequuntur dolorum fugit aliquid deleniti.'),
(282, 45, 166, 1, NULL, '2023-05-24 10:01:30', 1, 'Consequatur vitae libero eius.'),
(283, 22, 458, 1, NULL, '2023-05-24 10:01:30', 1, 'Harum sunt perspiciatis quod ab.'),
(284, 20, 242, 1, NULL, '2023-05-24 10:01:30', 1, 'Sequi sunt quia ullam.'),
(285, 29, 148, 1, NULL, '2023-05-24 10:01:30', 0, 'Cum sed qui.'),
(286, 11, 445, 1, NULL, '2023-05-24 10:01:30', 0, 'Magnam omnis praesentium at molestiae omnis iure.'),
(287, 16, 503, 1, NULL, '2023-05-24 10:01:30', 1, 'Voluptates non nemo officiis nesciunt.'),
(289, 25, 268, 1, NULL, '2023-05-24 10:01:30', 1, 'Dolores cumque itaque debitis.'),
(293, 18, 19, 1, NULL, '2023-05-24 10:01:30', 0, 'Doloremque doloribus doloremque nihil modi.'),
(295, 6, 392, 1, NULL, '2023-05-24 10:01:30', 0, 'Nobis suscipit quasi quia aut commodi.'),
(299, 45, 488, 1, NULL, '2023-05-24 10:01:30', 1, 'Quisquam unde voluptatibus dolorem inventore quisquam culpa perferendis ut delectus.'),
(301, 1, 161, 1, NULL, '2023-05-24 10:01:30', 0, 'Omnis quae ea magnam facilis est veritatis esse est.'),
(302, 13, 130, 1, NULL, '2023-05-24 10:01:30', 0, 'Dolorem itaque sunt velit id laborum et.'),
(303, 45, 25, 1, NULL, '2023-05-24 10:01:30', 0, 'Iusto harum assumenda sunt.'),
(304, 2, 149, 1, NULL, '2023-05-24 10:01:30', 0, 'Et facilis sit a cum eligendi iusto labore ut voluptatum.'),
(306, 38, 134, 1, NULL, '2023-05-24 10:01:30', 0, 'Eum quisquam dolorum.'),
(309, 30, 232, 1, NULL, '2023-05-24 10:01:30', 1, 'Nostrum perspiciatis unde harum maiores.'),
(311, 43, 326, 1, NULL, '2023-05-24 10:01:30', 0, 'Et architecto optio eveniet voluptate.'),
(312, 49, 475, 1, NULL, '2023-05-24 10:01:30', 0, 'Aut qui velit ut enim quisquam qui quam unde rerum.'),
(313, 6, 347, 1, NULL, '2023-05-24 10:01:30', 0, 'Laudantium eligendi laudantium possimus id explicabo.'),
(315, 44, 184, 1, NULL, '2023-05-24 10:01:30', 1, 'Et odit debitis totam assumenda velit saepe alias.'),
(317, 33, 438, 1, NULL, '2023-05-24 10:01:30', 1, 'Dolores deleniti saepe suscipit dolore explicabo.'),
(320, 5, 431, 1, NULL, '2023-05-24 10:01:30', 0, 'Non minus minus id.'),
(322, 40, 79, 1, NULL, '2023-05-24 10:01:30', 0, 'Et eius ut vero laborum.'),
(324, 29, 14, 1, NULL, '2023-05-24 10:01:30', 1, 'Nesciunt est itaque.'),
(325, 18, 334, 1, NULL, '2023-05-24 10:01:30', 1, 'Cupiditate veniam assumenda dolorum nihil inventore.'),
(326, 9, 193, 1, NULL, '2023-05-24 10:01:30', 0, 'Excepturi libero quis consequatur dolor nesciunt.'),
(327, 2, 106, 1, NULL, '2023-05-24 10:01:30', 0, 'Accusantium autem dolores.'),
(328, 18, 121, 1, NULL, '2023-05-24 10:01:30', 0, 'Et ullam officiis dicta qui.'),
(329, 24, 169, 1, NULL, '2023-05-24 10:01:30', 0, 'Ipsa aut ut eius rem laboriosam assumenda sit.'),
(331, 8, 65, 1, NULL, '2023-05-24 10:01:30', 0, 'Aut placeat voluptatem exercitationem sequi praesentium et quia veritatis ratione.'),
(334, 4, 30, 1, NULL, '2023-05-24 10:01:30', 0, 'Delectus non et alias sunt ducimus dolores debitis.'),
(336, 39, 74, 1, NULL, '2023-05-24 10:01:30', 1, 'Ut culpa incidunt aliquid quia accusantium deserunt.'),
(338, 41, 373, 1, NULL, '2023-05-24 10:01:30', 1, 'Ab et vero ipsam eligendi.'),
(339, 39, 98, 1, NULL, '2023-05-24 10:01:30', 0, 'Et praesentium sunt ab suscipit veniam quo.'),
(340, 35, 400, 1, NULL, '2023-05-24 10:01:30', 0, 'Quo nobis atque itaque autem vero quia veritatis in.'),
(341, 13, 410, 1, NULL, '2023-05-24 10:01:30', 1, 'A est voluptatem dolores maxime.'),
(344, 13, 498, 1, NULL, '2023-05-24 10:01:30', 1, 'Atque ea cumque sint sed beatae qui natus vel.'),
(351, 47, 281, 1, NULL, '2023-05-24 10:01:30', 1, 'Quia voluptas blanditiis totam neque quia.'),
(352, 46, 88, 1, NULL, '2023-05-24 10:01:30', 1, 'Accusamus perferendis quidem quia officiis.'),
(354, 17, 415, 1, NULL, '2023-05-24 10:01:30', 1, 'Earum reprehenderit laborum non voluptatem veritatis.'),
(355, 40, 8, 1, NULL, '2023-05-24 10:01:30', 1, 'Recusandae id et animi quis.'),
(358, 26, 123, 1, NULL, '2023-05-24 10:01:30', 0, 'Excepturi et quia.'),
(361, 19, 154, 1, NULL, '2023-05-24 10:01:30', 1, 'Aliquam libero vel possimus nemo ut.'),
(362, 18, 370, 1, NULL, '2023-05-24 10:01:30', 1, 'Expedita neque culpa nobis voluptatibus.'),
(367, 40, 412, 1, NULL, '2023-05-24 10:01:30', 0, 'Omnis deserunt est mollitia sint iure totam quibusdam occaecati.'),
(368, 44, 494, 1, NULL, '2023-05-24 10:01:30', 1, 'Tempore qui facilis et incidunt et rem temporibus similique.'),
(369, 26, 376, 1, NULL, '2023-05-24 10:01:30', 0, 'Dolores iusto consequatur ut vel sunt.'),
(371, 42, 279, 1, NULL, '2023-05-24 10:01:30', 0, 'Quia cumque neque doloribus pariatur quae quo.'),
(372, 41, 401, 1, NULL, '2023-05-24 10:01:30', 0, 'Repellendus facere voluptate.'),
(377, 29, 159, 1, NULL, '2023-05-24 10:01:30', 1, 'Sequi similique repudiandae saepe consequatur sunt alias aut est.'),
(379, 17, 120, 1, NULL, '2023-05-24 10:01:30', 0, 'Atque enim fugit iste ducimus harum repellat quis iste.'),
(383, 42, 99, 1, NULL, '2023-05-24 10:01:30', 0, 'Pariatur autem repellat.'),
(384, 10, 490, 1, NULL, '2023-05-24 10:01:30', 1, 'Iusto iusto fugiat omnis est debitis earum illo et.'),
(387, 31, 496, 1, NULL, '2023-05-24 10:01:30', 1, 'Minima aut ab quaerat atque ipsum nesciunt qui.'),
(388, 41, 265, 1, NULL, '2023-05-24 10:01:30', 0, 'Voluptate tempore amet debitis libero velit voluptas laboriosam.'),
(390, 35, 129, 1, NULL, '2023-05-24 10:01:30', 1, 'Qui cumque dolor autem.'),
(396, 35, 272, 1, NULL, '2023-05-24 10:01:30', 1, 'Voluptates facilis aperiam aliquam aperiam optio ipsum.'),
(397, 34, 48, 1, NULL, '2023-05-24 10:01:30', 1, 'Nulla labore omnis.'),
(398, 46, 417, 1, NULL, '2023-05-24 10:01:30', 1, 'Quis ratione deleniti quaerat in assumenda sapiente a.'),
(400, 3, 452, 1, NULL, '2023-05-24 10:01:30', 1, 'Tempora neque et quia.'),
(401, 23, 260, 1, NULL, '2023-05-24 10:01:30', 1, 'Dolorem temporibus fugiat et qui perferendis suscipit eius.'),
(402, 45, 333, 1, NULL, '2023-05-24 10:01:30', 0, 'Modi eum eos.'),
(403, 4, 45, 1, NULL, '2023-05-24 10:01:30', 1, 'Eveniet et culpa facere voluptas.'),
(404, 5, 214, 1, NULL, '2023-05-24 10:01:30', 0, 'Accusamus itaque rerum harum laboriosam est cumque sunt.'),
(405, 28, 49, 1, NULL, '2023-05-24 10:01:30', 0, 'Atque sed aliquid labore maxime quisquam debitis et ab ea.'),
(406, 39, 453, 1, NULL, '2023-05-24 10:01:30', 0, 'Est laudantium commodi doloribus explicabo corporis culpa perspiciatis.'),
(407, 28, 235, 1, NULL, '2023-05-24 10:01:30', 1, 'Autem corrupti quis exercitationem odio nihil dolorum consectetur minima iure.'),
(408, 12, 107, 1, NULL, '2023-05-24 10:01:30', 0, 'Ullam molestias quae blanditiis nihil inventore quia.'),
(412, 45, 441, 1, NULL, '2023-05-24 10:01:30', 0, 'Optio corrupti itaque dolorem temporibus.'),
(416, 18, 61, 1, NULL, '2023-05-24 10:01:30', 0, 'Earum perspiciatis velit sed eos magni.'),
(419, 48, 23, 1, NULL, '2023-05-24 10:01:30', 0, 'Aut labore molestiae optio dolor.'),
(420, 38, 297, 1, NULL, '2023-05-24 10:01:30', 1, 'Voluptatem esse commodi assumenda mollitia laudantium fugit aperiam et hic.'),
(421, 24, 241, 1, NULL, '2023-05-24 10:01:30', 0, 'Laborum tenetur officiis.'),
(422, 3, 315, 1, NULL, '2023-05-24 10:01:30', 0, 'Quo eos provident consectetur facilis.'),
(423, 28, 203, 1, NULL, '2023-05-24 10:01:30', 1, 'Rerum voluptatum quaerat consequatur repellendus quasi officiis impedit unde.'),
(428, 2, 16, 1, NULL, '2023-05-24 10:01:30', 0, 'Nulla esse dignissimos eos.'),
(430, 8, 397, 1, NULL, '2023-05-24 10:01:30', 1, 'Est aut in iusto consequatur.'),
(431, 39, 383, 1, NULL, '2023-05-24 10:01:30', 0, 'Hic dolor velit nihil consequatur debitis illo itaque amet.'),
(433, 39, 21, 1, NULL, '2023-05-24 10:01:30', 1, 'Beatae nostrum commodi sed culpa totam et sunt tempore.'),
(434, 48, 391, 1, NULL, '2023-05-24 10:01:30', 0, 'Perspiciatis et vitae ea.'),
(435, 47, 350, 1, NULL, '2023-05-24 10:01:30', 0, 'Pariatur aut adipisci numquam provident ea cupiditate quod id.'),
(441, 32, 261, 1, NULL, '2023-05-24 10:01:30', 1, 'Quas inventore voluptas adipisci.'),
(442, 36, 109, 1, NULL, '2023-05-24 10:01:30', 0, 'Placeat quisquam sunt exercitationem enim est aut.'),
(448, 38, 407, 1, NULL, '2023-05-24 10:01:30', 0, 'Et iusto quae quo dolor labore libero.'),
(449, 30, 18, 1, NULL, '2023-05-24 10:01:30', 0, 'Voluptatem minus dolorem assumenda enim neque vel maiores.'),
(452, 40, 456, 1, NULL, '2023-05-24 10:01:30', 1, 'Eveniet suscipit sed animi facilis sequi officia iure reprehenderit odit.'),
(455, 31, 239, 1, NULL, '2023-05-24 10:01:30', 1, 'Ducimus non odio non molestiae.'),
(457, 27, 371, 1, NULL, '2023-05-24 10:01:30', 1, 'Sit aut et blanditiis ea architecto.'),
(459, 17, 69, 1, NULL, '2023-05-24 10:01:30', 1, 'Inventore fugit aut.'),
(460, 10, 87, 1, NULL, '2023-05-24 10:01:30', 0, 'Officia quasi aspernatur voluptas.'),
(462, 36, 36, 1, NULL, '2023-05-24 10:01:30', 0, 'Dolorem doloribus rerum et error provident.'),
(464, 15, 380, 1, NULL, '2023-05-24 10:01:30', 1, 'Iure dolor itaque qui vero iure doloribus recusandae neque.'),
(469, 45, 354, 1, NULL, '2023-05-24 10:01:30', 1, 'Facilis rem accusantium id laudantium vero.'),
(472, 27, 227, 1, NULL, '2023-05-24 10:01:30', 0, 'Non itaque corrupti.'),
(474, 8, 124, 1, NULL, '2023-05-24 10:01:30', 0, 'Sint minus est accusamus voluptas voluptatum incidunt.'),
(481, 19, 263, 1, NULL, '2023-05-24 10:01:30', 1, 'Rerum magnam beatae quia vitae ipsam veniam.'),
(484, 39, 388, 1, NULL, '2023-05-24 10:01:30', 1, 'Tempora qui non.'),
(485, 13, 76, 1, NULL, '2023-05-24 10:01:30', 0, 'Aut sint unde qui soluta nihil ab itaque ad.'),
(489, 12, 85, 1, NULL, '2023-05-24 10:01:30', 0, 'Quod quaerat nemo qui aut atque.'),
(490, 28, 423, 1, NULL, '2023-05-24 10:01:30', 0, 'Explicabo aut aut omnis eum iste ad.'),
(494, 32, 360, 1, NULL, '2023-05-24 10:01:30', 1, 'Incidunt perspiciatis omnis voluptas molestiae architecto eius et et ad.'),
(502, 7, 164, 1, NULL, '2023-05-24 10:01:30', 0, 'Est et dolores animi sed est sapiente.'),
(507, 4, 405, 1, NULL, '2023-05-24 10:01:30', 1, 'Soluta ut quo hic minima et vero similique.'),
(509, 17, 10, 1, NULL, '2023-05-24 10:01:30', 0, 'Tempora laboriosam voluptate in est odio consequuntur expedita.'),
(513, 25, 477, 1, NULL, '2023-05-24 10:01:30', 0, 'Nihil quos quo nihil id dolor ut dolorum eum omnis.'),
(515, 43, 171, 1, NULL, '2023-05-24 10:01:30', 0, 'Consequuntur adipisci quod fuga quia sit voluptatem tempore asperiores.'),
(517, 32, 455, 1, NULL, '2023-05-24 10:01:30', 1, 'Nesciunt itaque voluptas modi quas earum perferendis qui magnam.'),
(519, 19, 71, 1, NULL, '2023-05-24 10:01:30', 1, 'Dolorem a explicabo sequi.'),
(521, 19, 57, 1, NULL, '2023-05-24 10:01:30', 0, 'Pariatur quis consequatur ea asperiores.'),
(524, 3, 42, 1, NULL, '2023-05-24 10:01:30', 1, 'Assumenda deserunt consequatur quo.'),
(527, 35, 288, 1, NULL, '2023-05-24 10:01:30', 0, 'Optio sed esse eum quam est esse.'),
(531, 17, 296, 1, NULL, '2023-05-24 10:01:30', 1, 'Neque aut illum cupiditate sed autem sed necessitatibus.'),
(535, 49, 233, 1, NULL, '2023-05-24 10:01:30', 1, 'Blanditiis voluptatem asperiores rerum pariatur vel.'),
(537, 14, 104, 1, NULL, '2023-05-24 10:01:30', 0, 'Consequatur voluptatibus blanditiis animi sint quia voluptatum voluptatum et adipisci.'),
(538, 17, 147, 1, NULL, '2023-05-24 10:01:30', 1, 'Dolor aut sint consectetur consectetur molestiae et corporis iusto.'),
(540, 6, 151, 1, NULL, '2023-05-24 10:01:30', 1, 'Est saepe animi itaque aut voluptatem.'),
(546, 26, 60, 1, NULL, '2023-05-24 10:01:30', 1, 'Recusandae molestias modi quis omnis explicabo dicta eveniet.'),
(548, 28, 434, 1, NULL, '2023-05-24 10:01:30', 0, 'Itaque ut et et sapiente.'),
(552, 48, 230, 1, NULL, '2023-05-24 10:01:30', 0, 'Eligendi qui soluta iusto qui.'),
(556, 38, 43, 1, NULL, '2023-05-24 10:01:30', 1, 'Dolorum tempora nihil autem laboriosam id laboriosam.'),
(557, 34, 310, 1, NULL, '2023-05-24 10:01:30', 0, 'Culpa velit dolor iste odit.'),
(558, 1, 178, 1, NULL, '2023-05-24 10:01:30', 0, 'Vero veniam delectus.'),
(562, 41, 9, 1, NULL, '2023-05-24 10:01:30', 1, 'Impedit officiis quia id recusandae voluptatum quia ipsa libero fugiat.'),
(563, 13, 444, 1, NULL, '2023-05-24 10:01:30', 0, 'Qui fuga repudiandae et.'),
(567, 18, 96, 1, NULL, '2023-05-24 10:01:30', 0, 'Cum non molestiae ut error beatae.'),
(570, 4, 236, 1, NULL, '2023-05-24 10:01:30', 0, 'Eos itaque labore distinctio est sapiente accusantium nobis sunt.'),
(574, 41, 125, 1, NULL, '2023-05-24 10:01:30', 1, 'Est rerum quia enim.'),
(587, 24, 94, 1, NULL, '2023-05-24 10:01:30', 1, 'Dolor ducimus facere.'),
(590, 1, 240, 1, NULL, '2023-05-24 10:01:30', 1, 'Ut velit mollitia officiis quidem.'),
(594, 41, 194, 1, NULL, '2023-05-24 10:01:30', 1, 'In est sunt ab error voluptatem totam et consequatur labore.'),
(595, 18, 126, 1, NULL, '2023-05-24 10:01:30', 0, 'Deserunt ad deleniti ad unde dolorem quia omnis distinctio.'),
(596, 49, 462, 1, NULL, '2023-05-24 10:01:30', 1, 'Deleniti deserunt doloribus voluptate sed molestiae possimus consequuntur.'),
(601, 25, 482, 1, NULL, '2023-05-24 10:01:30', 1, 'Id et non.'),
(603, 22, 32, 1, NULL, '2023-05-24 10:01:30', 1, 'Aperiam inventore est qui.'),
(604, 44, 80, 1, NULL, '2023-05-24 10:01:30', 1, 'Voluptatem amet fugit quidem eius.'),
(613, 11, 266, 1, NULL, '2023-05-24 10:01:30', 1, 'Magnam dolorum exercitationem quis corporis quasi velit quia voluptatem.'),
(616, 24, 224, 1, NULL, '2023-05-24 10:01:30', 0, 'Quo est atque et ipsa ad illo sit repellat.'),
(619, 20, 358, 1, NULL, '2023-05-24 10:01:30', 1, 'Sint et libero aliquid est id alias error.'),
(620, 10, 389, 1, NULL, '2023-05-24 10:01:30', 1, 'Mollitia ullam architecto aliquid aut et odit culpa id minima.'),
(635, 44, 359, 1, NULL, '2023-05-24 10:01:30', 1, 'Accusantium quam labore eveniet nobis quidem itaque illum aut.'),
(639, 19, 54, 1, NULL, '2023-05-24 10:01:30', 0, 'Distinctio id quod animi nesciunt est.'),
(642, 18, 318, 1, NULL, '2023-05-24 10:01:30', 0, 'Est vero nulla illo natus voluptas tenetur.'),
(646, 43, 101, 1, NULL, '2023-05-24 10:01:30', 1, 'Ea illum sunt.'),
(648, 16, 13, 1, NULL, '2023-05-24 10:01:30', 0, 'Sed excepturi exercitationem voluptas sunt nobis maxime laudantium.'),
(654, 34, 419, 1, NULL, '2023-05-24 10:01:30', 0, 'Illum sit placeat.'),
(663, 8, 44, 1, NULL, '2023-05-24 10:01:30', 1, 'Quaerat culpa magni quia.'),
(667, 33, 325, 1, NULL, '2023-05-24 10:01:30', 0, 'Dolor voluptates accusamus est.'),
(672, 48, 209, 1, NULL, '2023-05-24 10:01:30', 1, 'Unde ut atque voluptatem laborum.'),
(676, 40, 89, 1, NULL, '2023-05-24 10:01:30', 0, 'Et quam tempore delectus quibusdam et dolores libero.'),
(677, 44, 41, 1, NULL, '2023-05-24 10:01:30', 1, 'Exercitationem consequatur amet reiciendis voluptatem nesciunt ab.'),
(685, 47, 24, 1, NULL, '2023-05-24 10:01:30', 1, 'At voluptatibus aliquid qui possimus.'),
(686, 46, 317, 1, NULL, '2023-05-24 10:01:30', 0, 'Fugiat quis consequuntur unde sint culpa sint.'),
(690, 3, 479, 1, NULL, '2023-05-24 10:01:30', 1, 'Doloribus aperiam et laborum nostrum optio sint laborum unde.'),
(691, 37, 381, 1, NULL, '2023-05-24 10:01:30', 0, 'Molestiae ut possimus qui beatae rerum.'),
(696, 32, 343, 1, NULL, '2023-05-24 10:01:30', 1, 'Quis voluptas cupiditate eos animi qui quod natus.'),
(697, 38, 262, 1, NULL, '2023-05-24 10:01:30', 0, 'Omnis dolor ratione.'),
(700, 13, 467, 1, NULL, '2023-05-24 10:01:30', 1, 'Et ea in culpa blanditiis omnis reprehenderit iusto voluptates.'),
(707, 17, 463, 1, NULL, '2023-05-24 10:01:30', 0, 'Sint consequatur earum dolor.'),
(708, 14, 103, 1, NULL, '2023-05-24 10:01:30', 1, 'Dicta ullam reiciendis delectus occaecati nemo et.'),
(730, 2, 216, 1, NULL, '2023-05-24 10:01:30', 0, 'Qui officia quibusdam vel error sint consequuntur voluptas quibusdam atque.'),
(732, 10, 368, 1, NULL, '2023-05-24 10:01:30', 1, 'Voluptatem non aliquid impedit dolor aperiam.'),
(738, 38, 345, 1, NULL, '2023-05-24 10:01:30', 1, 'Laborum voluptas non omnis reprehenderit perferendis et.'),
(739, 47, 295, 1, NULL, '2023-05-24 10:01:30', 1, 'Veritatis iste necessitatibus dicta maxime et delectus sunt.'),
(741, 14, 473, 1, NULL, '2023-05-24 10:01:30', 0, 'Dolore temporibus voluptatem ad qui cupiditate minus iste.'),
(745, 16, 403, 1, NULL, '2023-05-24 10:01:30', 1, 'Corrupti pariatur et ex nihil consequatur assumenda.'),
(747, 40, 504, 1, NULL, '2023-05-24 10:01:30', 0, 'Sequi ut quia nemo quia nesciunt ab.'),
(750, 1, 27, 1, NULL, '2023-05-24 10:01:30', 0, 'Et qui porro suscipit provident reprehenderit porro.'),
(752, 25, 387, 1, NULL, '2023-05-24 10:01:30', 1, 'Quis quidem unde ut sit ratione.'),
(758, 36, 356, 1, NULL, '2023-05-24 10:01:30', 0, 'Asperiores alias illo pariatur nihil ducimus modi sunt ad.'),
(759, 32, 367, 1, NULL, '2023-05-24 10:01:30', 0, 'Provident voluptas reprehenderit.'),
(760, 22, 128, 1, NULL, '2023-05-24 10:01:30', 0, 'Occaecati itaque distinctio nisi sit sunt qui numquam cumque mollitia.'),
(762, 2, 196, 1, NULL, '2023-05-24 10:01:30', 0, 'Voluptatibus autem aspernatur.'),
(763, 5, 340, 1, NULL, '2023-05-24 10:01:30', 0, 'Itaque placeat quo eos.'),
(775, 6, 335, 1, NULL, '2023-05-24 10:01:30', 1, 'Eum assumenda enim facilis sed blanditiis.'),
(781, 31, 291, 1, NULL, '2023-05-24 10:01:30', 1, 'Unde labore mollitia doloribus aut labore eos.'),
(788, 1, 369, 1, NULL, '2023-05-24 10:01:30', 0, 'Temporibus aut facere doloremque eaque itaque nobis.'),
(791, 47, 31, 1, NULL, '2023-05-24 10:01:30', 0, 'Expedita dolores ratione labore qui enim error qui molestiae.'),
(794, 48, 204, 1, NULL, '2023-05-24 10:01:30', 0, 'Occaecati modi molestiae quia.'),
(796, 32, 144, 1, NULL, '2023-05-24 10:01:30', 1, 'Quibusdam cupiditate vel nobis voluptatem.'),
(797, 16, 165, 1, NULL, '2023-05-24 10:01:30', 0, 'Eum est nulla et ea rerum.'),
(806, 24, 252, 1, NULL, '2023-05-24 10:01:30', 1, 'Laboriosam saepe illo non vel.'),
(834, 23, 220, 1, NULL, '2023-05-24 10:01:30', 0, 'Perspiciatis et dolores explicabo fuga voluptatibus praesentium similique expedita expedita.'),
(840, 48, 353, 1, NULL, '2023-05-24 10:01:30', 0, 'Voluptatem aliquam aperiam possimus aut soluta delectus.'),
(851, 7, 217, 1, NULL, '2023-05-24 10:01:30', 1, 'Et est dolores.'),
(852, 42, 447, 1, NULL, '2023-05-24 10:01:30', 1, 'Autem eius labore rem.'),
(857, 31, 22, 1, NULL, '2023-05-24 10:01:30', 0, 'Eius itaque et neque doloribus.'),
(858, 21, 294, 1, NULL, '2023-05-24 10:01:30', 1, 'Aut tempora tempora sunt voluptatum.'),
(861, 15, 140, 1, NULL, '2023-05-24 10:01:30', 1, 'Officia velit numquam dolores saepe omnis est unde.'),
(894, 46, 175, 1, NULL, '2023-05-24 10:01:30', 1, 'Eaque eveniet suscipit non ipsum et dolorem voluptatem.'),
(897, 39, 292, 1, NULL, '2023-05-24 10:01:30', 0, 'Perspiciatis debitis totam.'),
(904, 30, 311, 1, NULL, '2023-05-24 10:01:30', 0, 'Provident tenetur doloribus atque pariatur quia ad consectetur.'),
(905, 46, 251, 1, NULL, '2023-05-24 10:01:30', 1, 'Et et enim perspiciatis laborum corporis maiores illum aut.'),
(926, 34, 81, 1, NULL, '2023-05-24 10:01:30', 0, 'Voluptatem ipsum ut est quia vel ipsa.'),
(931, 37, 137, 1, NULL, '2023-05-24 10:01:30', 1, 'Autem sit provident possimus aspernatur itaque.'),
(934, 43, 422, 1, NULL, '2023-05-24 10:01:30', 1, 'Autem corrupti eum suscipit sit ex maiores et.'),
(937, 26, 198, 1, NULL, '2023-05-24 10:01:30', 1, 'Explicabo aspernatur aut quo ut totam pariatur laborum fugiat.'),
(956, 33, 461, 1, NULL, '2023-05-24 10:01:30', 1, 'Porro qui natus cumque.'),
(959, 43, 183, 1, NULL, '2023-05-24 10:01:30', 0, 'A iure cum ipsam voluptatem non et iusto reiciendis.'),
(966, 3, 320, 1, NULL, '2023-05-24 10:01:30', 0, 'Quidem consectetur illo asperiores blanditiis tenetur aut sed sunt.'),
(969, 26, 483, 1, NULL, '2023-05-24 10:01:30', 1, 'Ad fugit illum impedit omnis.'),
(971, 41, 243, 1, NULL, '2023-05-24 10:01:30', 0, 'Et laborum saepe est et.'),
(973, 33, 156, 1, NULL, '2023-05-24 10:01:30', 0, 'Magnam fuga enim repellat excepturi aut inventore unde.'),
(984, 32, 131, 1, NULL, '2023-05-24 10:01:30', 0, 'Consequatur inventore aliquid optio ut minus laborum.'),
(987, 26, 138, 1, NULL, '2023-05-24 10:01:30', 1, 'Id quia qui aliquam veritatis et.'),
(989, 32, 58, 1, NULL, '2023-05-24 10:01:30', 1, 'Autem culpa sunt.'),
(998, 16, 433, 1, NULL, '2023-05-24 10:01:30', 0, 'Modi natus fugit rem repellat rerum dolores.');

-- --------------------------------------------------------

--
-- Table structure for table `session_exam_has_examinator`
--

DROP TABLE IF EXISTS `session_exam_has_examinator`;
CREATE TABLE IF NOT EXISTS `session_exam_has_examinator` (
  `sessionExamHasExaminator_id` int(11) NOT NULL AUTO_INCREMENT,
  `sessionHasExam_id` int(11) NOT NULL,
  `sessionUser_id` int(11) NOT NULL,
  `empowermentTest_id` int(11) DEFAULT NULL,
  PRIMARY KEY (`sessionExamHasExaminator_id`),
  UNIQUE KEY `compositeKey` (`sessionHasExam_id`,`sessionUser_id`),
  KEY `sessionUser_id` (`sessionUser_id`),
  KEY `empowermentTest_id` (`empowermentTest_id`)
) ENGINE=InnoDB AUTO_INCREMENT=2064 DEFAULT CHARSET=utf8mb4;

--
-- Dumping data for table `session_exam_has_examinator`
--

INSERT INTO `session_exam_has_examinator` (`sessionExamHasExaminator_id`, `sessionHasExam_id`, `sessionUser_id`, `empowermentTest_id`) VALUES
(1, 53, 1, 32),
(2, 54, 1, 29),
(3, 55, 1, 23),
(4, 56, 1, 26),
(5, 57, 1, 32),
(6, 58, 1, 12),
(7, 59, 1, 33),
(8, 60, 1, 7),
(9, 61, 1, 35),
(10, 62, 1, 19),
(11, 117, 2, 25),
(12, 118, 2, 7),
(13, 119, 3, 7),
(14, 120, 3, 26),
(15, 1, 4, 6),
(16, 2, 4, 25),
(17, 3, 4, 32),
(18, 4, 4, 6),
(19, 5, 4, 25),
(20, 6, 4, 22),
(21, 7, 4, 15),
(22, 8, 4, 10),
(23, 1, 5, 21),
(24, 2, 5, 24),
(25, 3, 5, 6),
(26, 4, 5, 27),
(27, 5, 5, 24),
(28, 6, 5, 27),
(29, 7, 5, 14),
(30, 8, 5, 6),
(31, 231, 6, 17),
(32, 232, 6, 28),
(33, 233, 6, 16),
(34, 105, 7, 13),
(35, 106, 7, 48),
(36, 107, 7, NULL),
(37, 108, 7, 26),
(38, 109, 7, 22),
(39, 110, 7, 45),
(40, 111, 7, 31),
(41, 112, 7, 43),
(42, 102, 8, 1),
(43, 103, 8, 27),
(44, 104, 8, 1),
(45, 221, 9, 23),
(46, 222, 9, 9),
(47, 221, 10, 9),
(48, 222, 10, 26),
(49, 231, 11, 15),
(50, 232, 11, 23),
(51, 233, 11, 13),
(52, 43, 12, 26),
(53, 44, 12, 19),
(54, 45, 12, 10),
(55, 46, 12, 18),
(56, 47, 12, 29),
(57, 48, 12, 5),
(58, 49, 12, 7),
(59, 50, 12, NULL),
(60, 51, 12, 7),
(61, 52, 12, 9),
(62, 140, 13, 28),
(63, 141, 13, 19),
(64, 142, 13, 11),
(65, 143, 13, NULL),
(66, 144, 13, 35),
(67, 145, 13, NULL),
(68, 146, 13, 37),
(69, 147, 13, 23),
(70, 148, 13, 31),
(71, 149, 13, 12),
(72, 227, 14, 13),
(73, 228, 14, 33),
(74, 229, 14, 3),
(75, 230, 14, 16),
(76, 117, 15, 13),
(77, 118, 15, 17),
(78, 137, 16, 22),
(79, 138, 16, 18),
(80, 154, 17, 26),
(81, 155, 17, 3),
(82, 156, 17, 9),
(83, 157, 17, 21),
(84, 158, 17, 2),
(85, 159, 17, 31),
(86, 160, 17, 8),
(87, 161, 17, 29),
(88, 178, 18, 13),
(89, 179, 18, 24),
(90, 180, 18, 25),
(91, 181, 18, 26),
(92, 182, 18, 23),
(93, 183, 18, 24),
(94, 184, 18, 13),
(95, 185, 18, 3),
(96, 186, 18, 9),
(97, 187, 18, 17),
(98, 105, 19, 15),
(99, 106, 19, 37),
(100, 107, 19, 44),
(101, 108, 19, 48),
(102, 109, 19, 43),
(103, 110, 19, 28),
(104, 111, 19, 13),
(105, 112, 19, 30),
(106, 227, 20, 3),
(107, 228, 20, 10),
(108, 229, 20, 25),
(109, 230, 20, 1),
(110, 9, 21, 37),
(111, 10, 21, 28),
(112, 11, 21, 14),
(113, 12, 21, 11),
(114, 13, 21, NULL),
(115, 14, 21, 20),
(116, 15, 21, 6),
(117, 16, 21, 9),
(118, 17, 21, 28),
(119, 18, 21, 16),
(120, 53, 22, 25),
(121, 54, 22, 14),
(122, 55, 22, 21),
(123, 56, 22, 36),
(124, 57, 22, 19),
(125, 58, 22, 18),
(126, 59, 22, 12),
(127, 60, 22, 11),
(128, 61, 22, 18),
(129, 62, 22, 32),
(130, 88, 23, 7),
(131, 89, 23, 27),
(132, 105, 24, 48),
(133, 106, 24, 7),
(134, 107, 24, 3),
(135, 108, 24, 2),
(136, 109, 24, 14),
(137, 110, 24, 34),
(138, 111, 24, 35),
(139, 112, 24, 35),
(140, 74, 25, 25),
(141, 75, 25, 12),
(142, 76, 25, 3),
(143, 77, 25, 6),
(144, 78, 25, 29),
(145, 79, 25, 29),
(146, 80, 25, 8),
(147, 81, 25, 3),
(148, 154, 26, 13),
(149, 155, 26, 15),
(150, 156, 26, 13),
(151, 157, 26, NULL),
(152, 158, 26, 18),
(153, 159, 26, 9),
(154, 160, 26, 25),
(155, 161, 26, 23),
(156, 19, 27, 29),
(157, 20, 27, 41),
(158, 21, 27, 8),
(159, 119, 28, 26),
(160, 120, 28, 21),
(161, 135, 29, 32),
(162, 131, 30, 25),
(163, 132, 30, 10),
(164, 133, 30, 1),
(165, 134, 30, 15),
(166, 121, 31, NULL),
(167, 122, 31, 20),
(168, 123, 31, 5),
(169, 124, 31, 28),
(170, 125, 31, 13),
(171, 126, 31, 23),
(172, 127, 31, 22),
(173, 128, 31, 5),
(174, 129, 31, 29),
(175, 130, 31, 8),
(176, 131, 32, 2),
(177, 132, 32, 6),
(178, 133, 32, 13),
(179, 134, 32, 11),
(180, 74, 33, 34),
(181, 75, 33, 6),
(182, 76, 33, 19),
(183, 77, 33, 16),
(184, 78, 33, 33),
(185, 79, 33, 33),
(186, 80, 33, 10),
(187, 81, 33, 11),
(188, 140, 34, 27),
(189, 141, 34, 2),
(190, 142, 34, 30),
(191, 143, 34, 35),
(192, 144, 34, 18),
(193, 145, 34, 36),
(194, 146, 34, 29),
(195, 147, 34, 35),
(196, 148, 34, 5),
(197, 149, 34, 30),
(198, 74, 35, 26),
(199, 75, 35, 22),
(200, 76, 35, 31),
(201, 77, 35, 26),
(202, 78, 35, 33),
(203, 79, 35, 19),
(204, 80, 35, 18),
(205, 81, 35, 21),
(206, 39, 36, 18),
(207, 40, 36, 9),
(208, 41, 36, 7),
(209, 42, 36, NULL),
(210, 63, 37, 7),
(211, 64, 37, 22),
(212, 65, 37, 5),
(213, 66, 37, 9),
(214, 67, 37, NULL),
(215, 68, 37, 8),
(216, 69, 37, 28),
(217, 70, 37, 27),
(218, 71, 37, 2),
(219, 72, 37, 32),
(220, 137, 38, 29),
(221, 138, 38, 9),
(222, 227, 39, 27),
(223, 228, 39, 24),
(224, 229, 39, 22),
(225, 230, 39, 18),
(226, 119, 40, 6),
(227, 120, 40, 24),
(228, 63, 43, 25),
(229, 64, 43, 16),
(230, 65, 43, 21),
(231, 66, 43, 15),
(232, 67, 43, 26),
(233, 68, 43, 17),
(234, 69, 43, 23),
(235, 70, 43, 14),
(236, 71, 43, 9),
(237, 72, 43, 8),
(238, 74, 44, 16),
(239, 75, 44, 8),
(240, 76, 44, 1),
(241, 77, 44, 26),
(242, 78, 44, 32),
(243, 79, 44, 24),
(244, 80, 44, 12),
(245, 81, 44, 29),
(246, 117, 46, 18),
(247, 118, 46, 16),
(248, 92, 47, 31),
(249, 93, 47, 1),
(250, 94, 47, 3),
(251, 95, 47, 15),
(252, 96, 47, 22),
(253, 97, 47, 18),
(254, 98, 47, 28),
(255, 99, 47, 14),
(256, 100, 47, 18),
(257, 101, 47, 23),
(258, 1, 48, 11),
(259, 2, 48, 16),
(260, 3, 48, 23),
(261, 4, 48, 28),
(262, 5, 48, 30),
(263, 6, 48, 11),
(264, 7, 48, 29),
(265, 8, 48, 18),
(266, 194, 49, 18),
(267, 139, 50, 9),
(268, 188, 51, 26),
(269, 189, 51, 37),
(270, 9, 53, 1),
(271, 10, 53, 34),
(272, 11, 53, 26),
(273, 12, 53, 8),
(274, 13, 53, 26),
(275, 14, 53, 21),
(276, 15, 53, 35),
(277, 16, 53, 25),
(278, 17, 53, 22),
(279, 18, 53, 19),
(280, 9, 54, 23),
(281, 10, 54, 38),
(282, 11, 54, 17),
(283, 12, 54, 20),
(284, 13, 54, 5),
(285, 14, 54, 18),
(286, 15, 54, 23),
(287, 16, 54, 1),
(288, 17, 54, 36),
(289, 18, 54, 18),
(290, 88, 55, 34),
(291, 89, 55, 24),
(292, 83, 56, 13),
(293, 135, 57, 26),
(294, 88, 58, 30),
(295, 89, 58, NULL),
(296, 119, 59, NULL),
(297, 120, 59, 34),
(298, 131, 60, 34),
(299, 132, 60, 23),
(300, 133, 60, 32),
(301, 134, 60, 30),
(302, 63, 61, 33),
(303, 64, 61, 5),
(304, 65, 61, 25),
(305, 66, 61, 28),
(306, 67, 61, 8),
(307, 68, 61, 24),
(308, 69, 61, 5),
(309, 70, 61, NULL),
(310, 71, 61, 32),
(311, 72, 61, 32),
(312, 154, 62, 1),
(313, 155, 62, 25),
(314, 156, 62, 20),
(315, 157, 62, 34),
(316, 158, 62, 33),
(317, 159, 62, 8),
(318, 160, 62, 2),
(319, 161, 62, 21),
(320, 162, 63, 38),
(321, 163, 63, 7),
(322, 164, 63, 22),
(323, 165, 63, 9),
(324, 166, 63, 30),
(325, 167, 63, 24),
(326, 168, 63, 3),
(327, 169, 63, 25),
(328, 170, 63, 24),
(329, 171, 63, 14),
(330, 211, 64, 33),
(331, 212, 64, 26),
(332, 213, 64, 2),
(333, 214, 64, 29),
(334, 215, 64, 12),
(335, 216, 64, 11),
(336, 217, 64, 32),
(337, 218, 64, 22),
(338, 219, 64, 9),
(339, 220, 64, 27),
(340, 63, 65, 28),
(341, 64, 65, 20),
(342, 65, 65, 1),
(343, 66, 65, 31),
(344, 67, 65, 10),
(345, 68, 65, 13),
(346, 69, 65, 12),
(347, 70, 65, 30),
(348, 71, 65, 31),
(349, 72, 65, 11),
(350, 190, 67, 25),
(351, 191, 67, 24),
(352, 192, 67, 14),
(353, 84, 68, 8),
(354, 85, 68, 15),
(355, 86, 68, 4),
(356, 194, 69, 37),
(357, 190, 70, 35),
(358, 191, 70, 34),
(359, 192, 70, 17),
(360, 221, 71, NULL),
(361, 222, 71, 6),
(362, 30, 72, 27),
(363, 190, 73, 7),
(364, 191, 73, 25),
(365, 192, 73, 16),
(366, 223, 74, 19),
(367, 224, 74, 15),
(368, 225, 74, 5),
(369, 226, 74, 18),
(370, 92, 75, 1),
(371, 93, 75, 1),
(372, 94, 75, 3),
(373, 95, 75, 12),
(374, 96, 75, 27),
(375, 97, 75, 9),
(376, 98, 75, 14),
(377, 99, 75, 26),
(378, 100, 75, 12),
(379, 101, 75, 18),
(380, 117, 76, 11),
(381, 118, 76, NULL),
(382, 162, 77, 28),
(383, 163, 77, 10),
(384, 164, 77, 25),
(385, 165, 77, 12),
(386, 166, 77, 1),
(387, 167, 77, 27),
(388, 168, 77, 12),
(389, 169, 77, 21),
(390, 170, 77, 4),
(391, 171, 77, 36),
(392, 90, 78, 23),
(393, 91, 78, 31),
(394, 74, 80, 30),
(395, 75, 80, 14),
(396, 76, 80, 26),
(397, 77, 80, 6),
(398, 78, 80, 16),
(399, 79, 80, 16),
(400, 80, 80, 33),
(401, 81, 80, 32),
(402, 172, 81, 15),
(403, 173, 81, 26),
(404, 174, 81, 33),
(405, 178, 82, 14),
(406, 179, 82, 4),
(407, 180, 82, 20),
(408, 181, 82, 26),
(409, 182, 82, 7),
(410, 183, 82, 3),
(411, 184, 82, 9),
(412, 185, 82, 15),
(413, 186, 82, 12),
(414, 187, 82, 16),
(415, 172, 83, 22),
(416, 173, 83, 27),
(417, 174, 83, 7),
(418, 223, 85, 6),
(419, 224, 85, 2),
(420, 225, 85, 1),
(421, 226, 85, 21),
(422, 119, 86, 21),
(423, 120, 86, 17),
(424, 82, 87, 8),
(425, 231, 88, 7),
(426, 232, 88, 12),
(427, 233, 88, 8),
(428, 43, 89, 33),
(429, 44, 89, 29),
(430, 45, 89, 11),
(431, 46, 89, 21),
(432, 47, 89, 15),
(433, 48, 89, 20),
(434, 49, 89, 5),
(435, 50, 89, 33),
(436, 51, 89, 9),
(437, 52, 89, 2),
(438, 1, 90, 33),
(439, 2, 90, 11),
(440, 3, 90, 31),
(441, 4, 90, 4),
(442, 5, 90, 33),
(443, 6, 90, 22),
(444, 7, 90, 5),
(445, 8, 90, 5),
(446, 231, 91, 22),
(447, 232, 91, 27),
(448, 233, 91, 11),
(449, 188, 92, 38),
(450, 189, 92, 18),
(451, 194, 93, 42),
(452, 205, 94, 30),
(453, 90, 95, 20),
(454, 91, 95, 32),
(455, 188, 97, 27),
(456, 189, 97, 2),
(457, 227, 99, 4),
(458, 228, 99, 19),
(459, 229, 99, 6),
(460, 230, 99, 6),
(461, 150, 100, 35),
(462, 151, 100, 18),
(463, 152, 100, 5),
(464, 153, 100, 33),
(465, 31, 101, 34),
(466, 32, 101, 23),
(467, 33, 101, 43),
(468, 34, 101, 2),
(469, 35, 101, 6),
(470, 36, 101, 26),
(471, 37, 101, 37),
(472, 38, 101, 29),
(473, 139, 102, 27),
(474, 211, 103, 32),
(475, 212, 103, 18),
(476, 213, 103, 12),
(477, 214, 103, 13),
(478, 215, 103, 4),
(479, 216, 103, 1),
(480, 217, 103, 9),
(481, 218, 103, 2),
(482, 219, 103, 23),
(483, 220, 103, 19),
(484, 74, 104, 24),
(485, 75, 104, 1),
(486, 76, 104, 33),
(487, 77, 104, 8),
(488, 78, 104, 20),
(489, 79, 104, 12),
(490, 80, 104, 22),
(491, 81, 104, 13),
(492, 139, 105, 13),
(493, 84, 106, 22),
(494, 85, 106, 3),
(495, 86, 106, 24),
(496, 136, 107, 42),
(497, 63, 108, 1),
(498, 64, 108, 28),
(499, 65, 108, 15),
(500, 66, 108, 14),
(501, 67, 108, 15),
(502, 68, 108, 33),
(503, 69, 108, 23),
(504, 70, 108, 29),
(505, 71, 108, 22),
(506, 72, 108, 17),
(507, 82, 109, 21),
(508, 175, 111, 15),
(509, 176, 111, 27),
(510, 177, 111, 7),
(511, 53, 112, NULL),
(512, 54, 112, 23),
(513, 55, 112, 25),
(514, 56, 112, 1),
(515, 57, 112, 31),
(516, 58, 112, 16),
(517, 59, 112, 32),
(518, 60, 112, 2),
(519, 61, 112, 30),
(520, 62, 112, 21),
(521, 140, 113, 13),
(522, 141, 113, 34),
(523, 142, 113, 3),
(524, 143, 113, 37),
(525, 144, 113, 2),
(526, 145, 113, 11),
(527, 146, 113, 36),
(528, 147, 113, 3),
(529, 148, 113, 37),
(530, 149, 113, 13),
(531, 92, 114, 13),
(532, 93, 114, 17),
(533, 94, 114, 2),
(534, 95, 114, 5),
(535, 96, 114, 9),
(536, 97, 114, 32),
(537, 98, 114, 17),
(538, 99, 114, 2),
(539, 100, 114, 13),
(540, 101, 114, 30),
(541, 30, 116, 16),
(542, 178, 117, 25),
(543, 179, 117, 16),
(544, 180, 117, 27),
(545, 181, 117, 33),
(546, 182, 117, 1),
(547, 183, 117, 27),
(548, 184, 117, 17),
(549, 185, 117, 7),
(550, 186, 117, 3),
(551, 187, 117, 20),
(552, 193, 118, 29),
(553, 175, 119, 26),
(554, 176, 119, 6),
(555, 177, 119, 13),
(556, 154, 120, 29),
(557, 155, 120, 6),
(558, 156, 120, 17),
(559, 157, 120, 1),
(560, 158, 120, 26),
(561, 159, 120, 16),
(562, 160, 120, 28),
(563, 161, 120, 13),
(564, 87, 122, 30),
(565, 39, 123, 27),
(566, 40, 123, 3),
(567, 41, 123, 33),
(568, 42, 123, 19),
(569, 190, 126, 16),
(570, 191, 126, 25),
(571, 192, 126, 17),
(572, 190, 127, 24),
(573, 191, 127, 8),
(574, 192, 127, 2),
(575, 154, 129, 27),
(576, 155, 129, 16),
(577, 156, 129, 8),
(578, 157, 129, 7),
(579, 158, 129, 13),
(580, 159, 129, 24),
(581, 160, 129, 10),
(582, 161, 129, 34),
(583, 105, 131, 17),
(584, 106, 131, 9),
(585, 107, 131, 43),
(586, 108, 131, 32),
(587, 109, 131, 13),
(588, 110, 131, 41),
(589, 111, 131, 40),
(590, 112, 131, 44),
(591, 119, 132, 23),
(592, 120, 132, 33),
(593, 19, 133, 4),
(594, 20, 133, 32),
(595, 21, 133, 37),
(596, 87, 134, 1),
(597, 19, 135, 40),
(598, 20, 135, 7),
(599, 21, 135, 22),
(600, 39, 138, 2),
(601, 40, 138, 29),
(602, 41, 138, 26),
(603, 42, 138, 29),
(604, 19, 139, 20),
(605, 20, 139, 13),
(606, 21, 139, 6),
(607, 9, 140, 33),
(608, 10, 140, 27),
(609, 11, 140, 5),
(610, 12, 140, NULL),
(611, 13, 140, 15),
(612, 14, 140, 7),
(613, 15, 140, 31),
(614, 16, 140, 8),
(615, 17, 140, 38),
(616, 18, 140, NULL),
(617, 195, 141, 16),
(618, 196, 141, 20),
(619, 197, 141, 24),
(620, 198, 141, 15),
(621, 199, 141, 19),
(622, 200, 141, 33),
(623, 201, 141, 27),
(624, 202, 141, 19),
(625, 203, 141, 31),
(626, 204, 141, 23),
(627, 22, 142, 18),
(628, 23, 142, 9),
(629, 24, 142, 5),
(630, 25, 142, 22),
(631, 26, 142, 24),
(632, 27, 142, 8),
(633, 28, 142, 22),
(634, 29, 142, 18),
(635, 43, 143, 32),
(636, 44, 143, 1),
(637, 45, 143, 32),
(638, 46, 143, 25),
(639, 47, 143, 14),
(640, 48, 143, 22),
(641, 49, 143, 1),
(642, 50, 143, 11),
(643, 51, 143, 11),
(644, 52, 143, 24),
(645, 22, 144, 3),
(646, 23, 144, 21),
(647, 24, 144, 4),
(648, 25, 144, 32),
(649, 26, 144, 10),
(650, 27, 144, 21),
(651, 28, 144, 22),
(652, 29, 144, 18),
(653, 172, 145, 38),
(654, 173, 145, 23),
(655, 174, 145, 16),
(656, 39, 146, 6),
(657, 40, 146, 14),
(658, 41, 146, 21),
(659, 42, 146, 4),
(660, 205, 147, 28),
(661, 178, 148, NULL),
(662, 179, 148, 22),
(663, 180, 148, 26),
(664, 181, 148, 19),
(665, 182, 148, 21),
(666, 183, 148, 13),
(667, 184, 148, 22),
(668, 185, 148, 22),
(669, 186, 148, 25),
(670, 187, 148, 14),
(671, 135, 149, 18),
(672, 84, 150, 17),
(673, 85, 150, 26),
(674, 86, 150, 16),
(675, 1, 151, 12),
(676, 2, 151, 33),
(677, 3, 151, 28),
(678, 4, 151, 17),
(679, 5, 151, NULL),
(680, 6, 151, 15),
(681, 7, 151, 16),
(682, 8, 151, 18),
(683, 90, 152, 10),
(684, 91, 152, 6),
(685, 19, 153, 42),
(686, 20, 153, 6),
(687, 21, 153, 11),
(688, 150, 154, 2),
(689, 151, 154, 7),
(690, 152, 154, 27),
(691, 153, 154, 27),
(692, 221, 156, NULL),
(693, 222, 156, 16),
(694, 73, 157, 30),
(695, 87, 158, 24),
(696, 9, 160, 26),
(697, 10, 160, 1),
(698, 11, 160, NULL),
(699, 12, 160, 10),
(700, 13, 160, 6),
(701, 14, 160, 1),
(702, 15, 160, 24),
(703, 16, 160, 27),
(704, 17, 160, 21),
(705, 18, 160, 16),
(706, 43, 161, 16),
(707, 44, 161, 24),
(708, 45, 161, 33),
(709, 46, 161, 26),
(710, 47, 161, 27),
(711, 48, 161, 18),
(712, 49, 161, NULL),
(713, 50, 161, 24),
(714, 51, 161, 16),
(715, 52, 161, 30),
(716, 121, 164, NULL),
(717, 122, 164, 38),
(718, 123, 164, 14),
(719, 124, 164, 19),
(720, 125, 164, 20),
(721, 126, 164, 22),
(722, 127, 164, 7),
(723, 128, 164, 34),
(724, 129, 164, 15),
(725, 130, 164, 10),
(726, 194, 165, 17),
(727, 9, 166, 17),
(728, 10, 166, 27),
(729, 11, 166, 2),
(730, 12, 166, 29),
(731, 13, 166, 29),
(732, 14, 166, 7),
(733, 15, 166, NULL),
(734, 16, 166, 35),
(735, 17, 166, 31),
(736, 18, 166, 36),
(737, 150, 167, 35),
(738, 151, 167, 32),
(739, 152, 167, 1),
(740, 153, 167, 30),
(741, 88, 168, 7),
(742, 89, 168, 32),
(743, 31, 169, 30),
(744, 32, 169, 40),
(745, 33, 169, 16),
(746, 34, 169, 9),
(747, 35, 169, 33),
(748, 36, 169, 14),
(749, 37, 169, 8),
(750, 38, 169, 22),
(751, 231, 170, 15),
(752, 232, 170, 19),
(753, 233, 170, 12),
(754, 73, 171, 27),
(755, 90, 172, 8),
(756, 91, 172, NULL),
(757, 63, 173, 14),
(758, 64, 173, 13),
(759, 65, 173, 25),
(760, 66, 173, 2),
(761, 67, 173, 22),
(762, 68, 173, NULL),
(763, 69, 173, 4),
(764, 70, 173, 32),
(765, 71, 173, 21),
(766, 72, 173, 31),
(767, 22, 174, 31),
(768, 23, 174, 9),
(769, 24, 174, 21),
(770, 25, 174, 29),
(771, 26, 174, 23),
(772, 27, 174, 7),
(773, 28, 174, 21),
(774, 29, 174, 1),
(775, 211, 175, 13),
(776, 212, 175, 9),
(777, 213, 175, 3),
(778, 214, 175, 23),
(779, 215, 175, 17),
(780, 216, 175, 11),
(781, 217, 175, 18),
(782, 218, 175, 20),
(783, 219, 175, 32),
(784, 220, 175, 30),
(785, 231, 178, 12),
(786, 232, 178, 10),
(787, 233, 178, 5),
(788, 82, 179, 28),
(789, 102, 180, 18),
(790, 103, 180, 23),
(791, 104, 180, 14),
(792, 137, 182, 9),
(793, 138, 182, 10),
(794, 206, 184, 13),
(795, 207, 184, 9),
(796, 208, 184, 4),
(797, 209, 184, 34),
(798, 210, 184, 22),
(799, 90, 186, 31),
(800, 91, 186, 36),
(801, 195, 188, 21),
(802, 196, 188, 9),
(803, 197, 188, 1),
(804, 198, 188, NULL),
(805, 199, 188, 15),
(806, 200, 188, 22),
(807, 201, 188, 24),
(808, 202, 188, 26),
(809, 203, 188, 11),
(810, 204, 188, 13),
(811, 121, 189, 37),
(812, 122, 189, 31),
(813, 123, 189, 29),
(814, 124, 189, 12),
(815, 125, 189, 13),
(816, 126, 189, 1),
(817, 127, 189, 22),
(818, 128, 189, 11),
(819, 129, 189, 28),
(820, 130, 189, 31),
(821, 193, 191, 25),
(822, 39, 192, 25),
(823, 40, 192, 2),
(824, 41, 192, 16),
(825, 42, 192, 16),
(826, 90, 195, 6),
(827, 91, 195, 8),
(828, 140, 196, 28),
(829, 141, 196, 30),
(830, 142, 196, 16),
(831, 143, 196, 32),
(832, 144, 196, 9),
(833, 145, 196, 11),
(834, 146, 196, 10),
(835, 147, 196, 29),
(836, 148, 196, 37),
(837, 149, 196, 36),
(838, 84, 197, 16),
(839, 85, 197, 12),
(840, 86, 197, 10),
(841, 39, 198, 3),
(842, 40, 198, 4),
(843, 41, 198, 19),
(844, 42, 198, 1),
(845, 162, 199, 15),
(846, 163, 199, 32),
(847, 164, 199, 9),
(848, 165, 199, 5),
(849, 166, 199, 25),
(850, 167, 199, 33),
(851, 168, 199, 38),
(852, 169, 199, 3),
(853, 170, 199, 26),
(854, 171, 199, 35),
(855, 119, 201, 34),
(856, 120, 201, 26),
(857, 131, 202, 7),
(858, 132, 202, 19),
(859, 133, 202, 23),
(860, 134, 202, 2),
(861, 175, 204, 13),
(862, 176, 204, 16),
(863, 177, 204, 13),
(864, 87, 205, 21),
(865, 113, 207, 35),
(866, 114, 207, 13),
(867, 115, 207, 13),
(868, 116, 207, 21),
(869, 63, 208, 33),
(870, 64, 208, 29),
(871, 65, 208, 13),
(872, 66, 208, 6),
(873, 67, 208, 19),
(874, 68, 208, 14),
(875, 69, 208, 25),
(876, 70, 208, 4),
(877, 71, 208, 15),
(878, 72, 208, 10),
(879, 87, 212, 12),
(880, 131, 213, 8),
(881, 132, 213, 14),
(882, 133, 213, 1),
(883, 134, 213, 6),
(884, 53, 216, 2),
(885, 54, 216, 4),
(886, 55, 216, 16),
(887, 56, 216, 20),
(888, 57, 216, 13),
(889, 58, 216, 9),
(890, 59, 216, 36),
(891, 60, 216, 22),
(892, 61, 216, 24),
(893, 62, 216, NULL),
(894, 9, 217, 6),
(895, 10, 217, 26),
(896, 11, 217, 6),
(897, 12, 217, 4),
(898, 13, 217, 32),
(899, 14, 217, 38),
(900, 15, 217, 27),
(901, 16, 217, 6),
(902, 17, 217, 8),
(903, 18, 217, 18),
(904, 43, 218, 18),
(905, 44, 218, 3),
(906, 45, 218, 2),
(907, 46, 218, 5),
(908, 47, 218, 16),
(909, 48, 218, 29),
(910, 49, 218, 18),
(911, 50, 218, 8),
(912, 51, 218, 32),
(913, 52, 218, 33),
(914, 19, 219, 20),
(915, 20, 219, 12),
(916, 21, 219, 38),
(917, 105, 220, 22),
(918, 106, 220, 39),
(919, 107, 220, 42),
(920, 108, 220, 34),
(921, 109, 220, 7),
(922, 110, 220, 36),
(923, 111, 220, 34),
(924, 112, 220, 33),
(925, 53, 222, 25),
(926, 54, 222, 32),
(927, 55, 222, 5),
(928, 56, 222, 7),
(929, 57, 222, 24),
(930, 58, 222, 35),
(931, 59, 222, 32),
(932, 60, 222, 12),
(933, 61, 222, 37),
(934, 62, 222, 27),
(935, 73, 224, 8),
(936, 131, 225, 8),
(937, 132, 225, 8),
(938, 133, 225, 15),
(939, 134, 225, 20),
(940, 211, 226, 4),
(941, 212, 226, 32),
(942, 213, 226, 28),
(943, 214, 226, 25),
(944, 215, 226, 25),
(945, 216, 226, 19),
(946, 217, 226, 14),
(947, 218, 226, NULL),
(948, 219, 226, 23),
(949, 220, 226, 27),
(950, 1, 227, 32),
(951, 2, 227, 12),
(952, 3, 227, 9),
(953, 4, 227, 19),
(954, 5, 227, 5),
(955, 6, 227, 1),
(956, 7, 227, 22),
(957, 8, 227, 16),
(958, 105, 228, 14),
(959, 106, 228, 28),
(960, 107, 228, 27),
(961, 108, 228, 39),
(962, 109, 228, 30),
(963, 110, 228, 23),
(964, 111, 228, 28),
(965, 112, 228, 7),
(966, 87, 229, 4),
(967, 139, 230, 2),
(968, 105, 231, 16),
(969, 106, 231, 18),
(970, 107, 231, 9),
(971, 108, 231, 28),
(972, 109, 231, 6),
(973, 110, 231, 29),
(974, 111, 231, 2),
(975, 112, 231, 21),
(976, 88, 232, 30),
(977, 89, 232, 18),
(978, 154, 233, 33),
(979, 155, 233, 15),
(980, 156, 233, 19),
(981, 157, 233, 4),
(982, 158, 233, 8),
(983, 159, 233, 12),
(984, 160, 233, 4),
(985, 161, 233, 10),
(986, 131, 234, 26),
(987, 132, 234, 12),
(988, 133, 234, 24),
(989, 134, 234, 17),
(990, 223, 235, 34),
(991, 224, 235, 31),
(992, 225, 235, 33),
(993, 226, 235, 11),
(994, 63, 236, 23),
(995, 64, 236, 14),
(996, 65, 236, 29),
(997, 66, 236, 19),
(998, 67, 236, 23),
(999, 68, 236, 11),
(1000, 69, 236, 22),
(1001, 70, 236, 20),
(1002, 71, 236, 16),
(1003, 72, 236, 28),
(1004, 140, 237, NULL),
(1005, 141, 237, 17),
(1006, 142, 237, 16),
(1007, 143, 237, 37),
(1008, 144, 237, 8),
(1009, 145, 237, 29),
(1010, 146, 237, 20),
(1011, 147, 237, 2),
(1012, 148, 237, 30),
(1013, 149, 237, 33),
(1014, 178, 238, 24),
(1015, 179, 238, 21),
(1016, 180, 238, 6),
(1017, 181, 238, 14),
(1018, 182, 238, 19),
(1019, 183, 238, 10),
(1020, 184, 238, NULL),
(1021, 185, 238, 22),
(1022, 186, 238, 16),
(1023, 187, 238, 16),
(1024, 63, 239, 32),
(1025, 64, 239, 18),
(1026, 65, 239, 22),
(1027, 66, 239, 3),
(1028, 67, 239, 17),
(1029, 68, 239, 24),
(1030, 69, 239, 28),
(1031, 70, 239, 31),
(1032, 71, 239, 5),
(1033, 72, 239, 24),
(1034, 154, 240, 28),
(1035, 155, 240, 29),
(1036, 156, 240, 11),
(1037, 157, 240, 2),
(1038, 158, 240, 24),
(1039, 159, 240, 3),
(1040, 160, 240, 9),
(1041, 161, 240, 5),
(1042, 178, 241, 31),
(1043, 179, 241, 3),
(1044, 180, 241, 29),
(1045, 181, 241, 12),
(1046, 182, 241, 27),
(1047, 183, 241, 11),
(1048, 184, 241, 29),
(1049, 185, 241, 28),
(1050, 186, 241, 8),
(1051, 187, 241, 27),
(1052, 30, 242, 23),
(1053, 194, 243, 20),
(1054, 88, 244, 12),
(1055, 89, 244, 13),
(1056, 39, 246, 14),
(1057, 40, 246, 18),
(1058, 41, 246, 23),
(1059, 42, 246, 32),
(1060, 135, 248, 18),
(1061, 82, 249, 31),
(1062, 73, 250, 32),
(1063, 74, 251, 8),
(1064, 75, 251, 29),
(1065, 76, 251, 34),
(1066, 77, 251, 21),
(1067, 78, 251, 25),
(1068, 79, 251, 17),
(1069, 80, 251, 33),
(1070, 81, 251, 15),
(1071, 137, 252, 35),
(1072, 138, 252, 6),
(1073, 221, 256, 23),
(1074, 222, 256, 1),
(1075, 190, 262, 19),
(1076, 191, 262, 39),
(1077, 192, 262, 42),
(1078, 90, 266, 17),
(1079, 91, 266, 10),
(1080, 190, 268, 12),
(1081, 191, 268, 22),
(1082, 192, 268, 35),
(1083, 137, 270, 28),
(1084, 138, 270, 2),
(1085, 31, 272, 40),
(1086, 32, 272, 3),
(1087, 33, 272, 19),
(1088, 34, 272, 3),
(1089, 35, 272, 9),
(1090, 36, 272, 14),
(1091, 37, 272, 18),
(1092, 38, 272, 19),
(1093, 43, 273, 19),
(1094, 44, 273, 22),
(1095, 45, 273, 10),
(1096, 46, 273, 2),
(1097, 47, 273, 6),
(1098, 48, 273, 15),
(1099, 49, 273, 8),
(1100, 50, 273, 16),
(1101, 51, 273, 19),
(1102, 52, 273, 27),
(1103, 195, 274, 13),
(1104, 196, 274, 30),
(1105, 197, 274, 18),
(1106, 198, 274, NULL),
(1107, 199, 274, 15),
(1108, 200, 274, 9),
(1109, 201, 274, 10),
(1110, 202, 274, 20),
(1111, 203, 274, 17),
(1112, 204, 274, 1),
(1113, 87, 276, 26),
(1114, 9, 277, 8),
(1115, 10, 277, 14),
(1116, 11, 277, 38),
(1117, 12, 277, 26),
(1118, 13, 277, 12),
(1119, 14, 277, 18),
(1120, 15, 277, 20),
(1121, 16, 277, 9),
(1122, 17, 277, 4),
(1123, 18, 277, 17),
(1124, 178, 279, 7),
(1125, 179, 279, 22),
(1126, 180, 279, 25),
(1127, 181, 279, 23),
(1128, 182, 279, 33),
(1129, 183, 279, 5),
(1130, 184, 279, 10),
(1131, 185, 279, 33),
(1132, 186, 279, 31),
(1133, 187, 279, 12),
(1134, 154, 280, 29),
(1135, 155, 280, NULL),
(1136, 156, 280, 34),
(1137, 157, 280, 28),
(1138, 158, 280, 3),
(1139, 159, 280, 32),
(1140, 160, 280, 13),
(1141, 161, 280, 15),
(1142, 211, 282, 20),
(1143, 212, 282, 20),
(1144, 213, 282, 26),
(1145, 214, 282, 22),
(1146, 215, 282, 19),
(1147, 216, 282, 18),
(1148, 217, 282, 4),
(1149, 218, 282, 17),
(1150, 219, 282, 31),
(1151, 220, 282, NULL),
(1152, 113, 283, 9),
(1153, 114, 283, 30),
(1154, 115, 283, 35),
(1155, 116, 283, 6),
(1156, 102, 284, NULL),
(1157, 103, 284, 17),
(1158, 104, 284, 26),
(1159, 137, 285, 26),
(1160, 138, 285, 17),
(1161, 73, 286, 33),
(1162, 87, 287, 38),
(1163, 121, 289, 32),
(1164, 122, 289, 30),
(1165, 123, 289, 12),
(1166, 124, 289, 10),
(1167, 125, 289, 14),
(1168, 126, 289, 29),
(1169, 127, 289, 29),
(1170, 128, 289, 24),
(1171, 129, 289, 10),
(1172, 130, 289, NULL),
(1173, 90, 293, 17),
(1174, 91, 293, 6),
(1175, 31, 295, 39),
(1176, 32, 295, NULL),
(1177, 33, 295, 18),
(1178, 34, 295, 1),
(1179, 35, 295, 1),
(1180, 36, 295, 45),
(1181, 37, 295, 15),
(1182, 38, 295, 22),
(1183, 211, 299, 8),
(1184, 212, 299, 21),
(1185, 213, 299, 28),
(1186, 214, 299, 26),
(1187, 215, 299, 21),
(1188, 216, 299, 32),
(1189, 217, 299, 23),
(1190, 218, 299, 18),
(1191, 219, 299, 9),
(1192, 220, 299, NULL),
(1193, 1, 301, 4),
(1194, 2, 301, 7),
(1195, 3, 301, 6),
(1196, 4, 301, 1),
(1197, 5, 301, 11),
(1198, 6, 301, 27),
(1199, 7, 301, 19),
(1200, 8, 301, 25),
(1201, 82, 302, 33),
(1202, 211, 303, 4),
(1203, 212, 303, 12),
(1204, 213, 303, 3),
(1205, 214, 303, 18),
(1206, 215, 303, 33),
(1207, 216, 303, 23),
(1208, 217, 303, 5),
(1209, 218, 303, 26),
(1210, 219, 303, 22),
(1211, 220, 303, 18),
(1212, 9, 304, 22),
(1213, 10, 304, 13),
(1214, 11, 304, 18),
(1215, 12, 304, 13),
(1216, 13, 304, 3),
(1217, 14, 304, 10),
(1218, 15, 304, 8),
(1219, 16, 304, 22),
(1220, 17, 304, 25),
(1221, 18, 304, 19),
(1222, 188, 306, 28),
(1223, 189, 306, 32),
(1224, 139, 309, 34),
(1225, 205, 311, 2),
(1226, 231, 312, 13),
(1227, 232, 312, 12),
(1228, 233, 312, 14),
(1229, 31, 313, 14),
(1230, 32, 313, 2),
(1231, 33, 313, 19),
(1232, 34, 313, 17),
(1233, 35, 313, 18),
(1234, 36, 313, 38),
(1235, 37, 313, 10),
(1236, 38, 313, NULL),
(1237, 206, 315, 25),
(1238, 207, 315, 33),
(1239, 208, 315, 32),
(1240, 209, 315, 35),
(1241, 210, 315, 26),
(1242, 154, 317, 24),
(1243, 155, 317, 14),
(1244, 156, 317, 31),
(1245, 157, 317, 8),
(1246, 158, 317, 32),
(1247, 159, 317, 20),
(1248, 160, 317, 27),
(1249, 161, 317, 19),
(1250, 30, 320, 38),
(1251, 193, 322, 34),
(1252, 137, 324, 13),
(1253, 138, 324, 20),
(1254, 90, 325, 28),
(1255, 91, 325, 26),
(1256, 53, 326, 31),
(1257, 54, 326, 8),
(1258, 55, 326, 14),
(1259, 56, 326, 11),
(1260, 57, 326, 21),
(1261, 58, 326, 13),
(1262, 59, 326, 21),
(1263, 60, 326, 25),
(1264, 61, 326, 31),
(1265, 62, 326, NULL),
(1266, 9, 327, NULL),
(1267, 10, 327, 36),
(1268, 11, 327, 27),
(1269, 12, 327, 26),
(1270, 13, 327, 5),
(1271, 14, 327, 30),
(1272, 15, 327, 18),
(1273, 16, 327, 14),
(1274, 17, 327, 22),
(1275, 18, 327, 31),
(1276, 90, 328, 24),
(1277, 91, 328, 31),
(1278, 119, 329, 8),
(1279, 120, 329, 31),
(1280, 43, 331, 1),
(1281, 44, 331, 24),
(1282, 45, 331, 30),
(1283, 46, 331, 23),
(1284, 47, 331, 25),
(1285, 48, 331, 27),
(1286, 49, 331, 25),
(1287, 50, 331, 17),
(1288, 51, 331, 19),
(1289, 52, 331, 20),
(1290, 22, 334, 29),
(1291, 23, 334, 25),
(1292, 24, 334, 14),
(1293, 25, 334, 23),
(1294, 26, 334, 3),
(1295, 27, 334, 18),
(1296, 28, 334, 22),
(1297, 29, 334, 20),
(1298, 190, 336, 3),
(1299, 191, 336, 11),
(1300, 192, 336, 36),
(1301, 194, 338, 40),
(1302, 190, 339, 18),
(1303, 191, 339, 17),
(1304, 192, 339, 23),
(1305, 172, 340, 14),
(1306, 173, 340, 38),
(1307, 174, 340, 9),
(1308, 82, 341, 17),
(1309, 82, 344, 1),
(1310, 223, 351, 31),
(1311, 224, 351, 9),
(1312, 225, 351, 2),
(1313, 226, 351, 4),
(1314, 221, 352, 23),
(1315, 222, 352, 29),
(1316, 88, 354, 24),
(1317, 89, 354, 13),
(1318, 193, 355, 19),
(1319, 131, 358, 11),
(1320, 132, 358, 25),
(1321, 133, 358, 21),
(1322, 134, 358, 5),
(1323, 92, 361, 21),
(1324, 93, 361, 23),
(1325, 94, 361, 2),
(1326, 95, 361, 17),
(1327, 96, 361, 29),
(1328, 97, 361, 26),
(1329, 98, 361, 24),
(1330, 99, 361, 12),
(1331, 100, 361, 3),
(1332, 101, 361, 9),
(1333, 90, 362, 9),
(1334, 91, 362, 26),
(1335, 193, 367, 24),
(1336, 206, 368, 35),
(1337, 207, 368, 8),
(1338, 208, 368, 22),
(1339, 209, 368, 6),
(1340, 210, 368, 28),
(1341, 131, 369, 21),
(1342, 132, 369, 10),
(1343, 133, 369, 26),
(1344, 134, 369, 27),
(1345, 195, 371, 33),
(1346, 196, 371, 13),
(1347, 197, 371, 2),
(1348, 198, 371, 22),
(1349, 199, 371, 33),
(1350, 200, 371, 1),
(1351, 201, 371, 8),
(1352, 202, 371, NULL),
(1353, 203, 371, 20),
(1354, 204, 371, 3),
(1355, 194, 372, 37),
(1356, 137, 377, 20),
(1357, 138, 377, 32),
(1358, 88, 379, 30),
(1359, 89, 379, 33),
(1360, 195, 383, 22),
(1361, 196, 383, 33),
(1362, 197, 383, 9),
(1363, 198, 383, 19),
(1364, 199, 383, 18),
(1365, 200, 383, 22),
(1366, 201, 383, 8),
(1367, 202, 383, 17),
(1368, 203, 383, 8),
(1369, 204, 383, 18),
(1370, 63, 384, 27),
(1371, 64, 384, 22),
(1372, 65, 384, 7),
(1373, 66, 384, 18),
(1374, 67, 384, 8),
(1375, 68, 384, 12),
(1376, 69, 384, 23),
(1377, 70, 384, 32),
(1378, 71, 384, 4),
(1379, 72, 384, NULL),
(1380, 140, 387, 19),
(1381, 141, 387, 22),
(1382, 142, 387, 36),
(1383, 143, 387, 3),
(1384, 144, 387, 12),
(1385, 145, 387, 36),
(1386, 146, 387, 13),
(1387, 147, 387, 6),
(1388, 148, 387, 3),
(1389, 149, 387, 4),
(1390, 194, 388, 1),
(1391, 172, 390, 11),
(1392, 173, 390, 38),
(1393, 174, 390, 28),
(1394, 172, 396, 42),
(1395, 173, 396, 35),
(1396, 174, 396, 6),
(1397, 162, 397, 18),
(1398, 163, 397, 38),
(1399, 164, 397, 3),
(1400, 165, 397, 34),
(1401, 166, 397, 27),
(1402, 167, 397, 2),
(1403, 168, 397, 4),
(1404, 169, 397, 30),
(1405, 170, 397, 27),
(1406, 171, 397, 4),
(1407, 221, 398, 10),
(1408, 222, 398, 12),
(1409, 19, 400, 22),
(1410, 20, 400, 6),
(1411, 21, 400, 40),
(1412, 117, 401, 28),
(1413, 118, 401, NULL),
(1414, 211, 402, 15),
(1415, 212, 402, 31),
(1416, 213, 402, NULL),
(1417, 214, 402, 14),
(1418, 215, 402, 5),
(1419, 216, 402, 20),
(1420, 217, 402, 14),
(1421, 218, 402, 23),
(1422, 219, 402, 19),
(1423, 220, 402, 27),
(1424, 22, 403, 10),
(1425, 23, 403, 9),
(1426, 24, 403, 15),
(1427, 25, 403, 33),
(1428, 26, 403, 1),
(1429, 27, 403, 11),
(1430, 28, 403, 17),
(1431, 29, 403, 23),
(1432, 30, 404, 25),
(1433, 136, 405, 17),
(1434, 190, 406, 21),
(1435, 191, 406, 28),
(1436, 192, 406, 38),
(1437, 136, 407, 42),
(1438, 74, 408, 17),
(1439, 75, 408, 22),
(1440, 76, 408, 13),
(1441, 77, 408, 11),
(1442, 78, 408, 23),
(1443, 79, 408, 29),
(1444, 80, 408, 19),
(1445, 81, 408, 32),
(1446, 211, 412, 32),
(1447, 212, 412, 4),
(1448, 213, 412, 14),
(1449, 214, 412, 32),
(1450, 215, 412, 3),
(1451, 216, 412, 23),
(1452, 217, 412, 32),
(1453, 218, 412, 24),
(1454, 219, 412, 22),
(1455, 220, 412, 11),
(1456, 90, 416, 13),
(1457, 91, 416, 30),
(1458, 227, 419, 10),
(1459, 228, 419, 28),
(1460, 229, 419, 28),
(1461, 230, 419, 27),
(1462, 188, 420, 34),
(1463, 189, 420, 42),
(1464, 119, 421, 24),
(1465, 120, 421, 16),
(1466, 19, 422, 4),
(1467, 20, 422, 21),
(1468, 21, 422, 21),
(1469, 136, 423, 14),
(1470, 9, 428, 34),
(1471, 10, 428, 16),
(1472, 11, 428, 34),
(1473, 12, 428, 30),
(1474, 13, 428, 15),
(1475, 14, 428, 10),
(1476, 15, 428, 29),
(1477, 16, 428, 14),
(1478, 17, 428, 4),
(1479, 18, 428, 33),
(1480, 43, 430, 8),
(1481, 44, 430, 23),
(1482, 45, 430, 31),
(1483, 46, 430, 2),
(1484, 47, 430, 11),
(1485, 48, 430, 23),
(1486, 49, 430, NULL),
(1487, 50, 430, 20),
(1488, 51, 430, NULL),
(1489, 52, 430, 3),
(1490, 190, 431, 34),
(1491, 191, 431, 27),
(1492, 192, 431, 31),
(1493, 190, 433, 18),
(1494, 191, 433, 8),
(1495, 192, 433, 16),
(1496, 227, 434, 7),
(1497, 228, 434, 10),
(1498, 229, 434, 18),
(1499, 230, 434, NULL),
(1500, 223, 435, 10),
(1501, 224, 435, 7),
(1502, 225, 435, 13),
(1503, 226, 435, 9),
(1504, 150, 441, 23),
(1505, 151, 441, 1),
(1506, 152, 441, NULL),
(1507, 153, 441, 29),
(1508, 175, 442, 19),
(1509, 176, 442, NULL),
(1510, 177, 442, 33),
(1511, 188, 448, 23),
(1512, 189, 448, 23),
(1513, 139, 449, 8),
(1514, 193, 452, 23),
(1515, 140, 455, 17),
(1516, 141, 455, 30),
(1517, 142, 455, 16),
(1518, 143, 455, 10),
(1519, 144, 455, 17),
(1520, 145, 455, 26),
(1521, 146, 455, 29),
(1522, 147, 455, 13),
(1523, 148, 455, 20),
(1524, 149, 455, 36),
(1525, 135, 457, 27),
(1526, 88, 459, 16),
(1527, 89, 459, 23),
(1528, 63, 460, 8),
(1529, 64, 460, 12),
(1530, 65, 460, 15),
(1531, 66, 460, 11),
(1532, 67, 460, 4),
(1533, 68, 460, 8),
(1534, 69, 460, 16),
(1535, 70, 460, 3),
(1536, 71, 460, 26),
(1537, 72, 460, 9),
(1538, 175, 462, 7),
(1539, 176, 462, 1),
(1540, 177, 462, 16),
(1541, 84, 464, 8),
(1542, 85, 464, 23),
(1543, 86, 464, 24),
(1544, 211, 469, 21),
(1545, 212, 469, 27),
(1546, 213, 469, 4),
(1547, 214, 469, 20),
(1548, 215, 469, 25),
(1549, 216, 469, 29),
(1550, 217, 469, 5),
(1551, 218, 469, 32),
(1552, 219, 469, 7),
(1553, 220, 469, 18),
(1554, 135, 472, NULL),
(1555, 43, 474, 25),
(1556, 44, 474, 14),
(1557, 45, 474, 15),
(1558, 46, 474, 13),
(1559, 47, 474, 20),
(1560, 48, 474, NULL),
(1561, 49, 474, 15),
(1562, 50, 474, 12),
(1563, 51, 474, 14),
(1564, 52, 474, 29),
(1565, 92, 481, 6),
(1566, 93, 481, 9),
(1567, 94, 481, 30),
(1568, 95, 481, 15),
(1569, 96, 481, 16),
(1570, 97, 481, 27),
(1571, 98, 481, 8),
(1572, 99, 481, 12),
(1573, 100, 481, 17),
(1574, 101, 481, 13),
(1575, 190, 484, 7),
(1576, 191, 484, 11),
(1577, 192, 484, 35),
(1578, 82, 485, 11),
(1579, 74, 489, 24),
(1580, 75, 489, 24),
(1581, 76, 489, 33),
(1582, 77, 489, 3),
(1583, 78, 489, 14),
(1584, 79, 489, 23),
(1585, 80, 489, 1),
(1586, 81, 489, 15),
(1587, 136, 490, 7),
(1588, 150, 494, 7),
(1589, 151, 494, 19),
(1590, 152, 494, 28),
(1591, 153, 494, 31),
(1592, 39, 502, 13),
(1593, 40, 502, 30),
(1594, 41, 502, 8),
(1595, 42, 502, 33),
(1596, 22, 507, 11),
(1597, 23, 507, 18),
(1598, 24, 507, 3),
(1599, 25, 507, 29),
(1600, 26, 507, 9),
(1601, 27, 507, 6),
(1602, 28, 507, NULL),
(1603, 29, 507, 17),
(1604, 88, 509, 30),
(1605, 89, 509, 5),
(1606, 121, 513, 37),
(1607, 122, 513, 10),
(1608, 123, 513, 2),
(1609, 124, 513, 10),
(1610, 125, 513, NULL),
(1611, 126, 513, 18),
(1612, 127, 513, 19),
(1613, 128, 513, 32),
(1614, 129, 513, 28),
(1615, 130, 513, 23),
(1616, 205, 515, 5),
(1617, 150, 517, 29),
(1618, 151, 517, 35),
(1619, 152, 517, 6),
(1620, 153, 517, 32),
(1621, 92, 519, 24),
(1622, 93, 519, 11),
(1623, 94, 519, 2),
(1624, 95, 519, 10),
(1625, 96, 519, 17),
(1626, 97, 519, 19),
(1627, 98, 519, 25),
(1628, 99, 519, 33),
(1629, 100, 519, 31),
(1630, 101, 519, 26),
(1631, 92, 521, 14),
(1632, 93, 521, 25),
(1633, 94, 521, 29),
(1634, 95, 521, 32),
(1635, 96, 521, 3),
(1636, 97, 521, 13),
(1637, 98, 521, NULL),
(1638, 99, 521, 15),
(1639, 100, 521, 27),
(1640, 101, 521, 9),
(1641, 19, 524, 7),
(1642, 20, 524, 40),
(1643, 21, 524, 16),
(1644, 172, 527, 3),
(1645, 173, 527, 32),
(1646, 174, 527, 1),
(1647, 88, 531, 14),
(1648, 89, 531, 7),
(1649, 231, 535, 7),
(1650, 232, 535, NULL),
(1651, 233, 535, 15),
(1652, 83, 537, 4),
(1653, 88, 538, 7),
(1654, 89, 538, 23),
(1655, 31, 540, 20),
(1656, 32, 540, 10),
(1657, 33, 540, 21),
(1658, 34, 540, 12),
(1659, 35, 540, 5),
(1660, 36, 540, NULL),
(1661, 37, 540, 17),
(1662, 38, 540, 46),
(1663, 131, 546, 23),
(1664, 132, 546, 28),
(1665, 133, 546, 15),
(1666, 134, 546, 7),
(1667, 136, 548, 4),
(1668, 227, 552, 7),
(1669, 228, 552, 5),
(1670, 229, 552, 35),
(1671, 230, 552, 4),
(1672, 188, 556, 1),
(1673, 189, 556, 16),
(1674, 162, 557, 32),
(1675, 163, 557, 30),
(1676, 164, 557, 25),
(1677, 165, 557, 16),
(1678, 166, 557, 38),
(1679, 167, 557, 4),
(1680, 168, 557, 9),
(1681, 169, 557, 31),
(1682, 170, 557, 36),
(1683, 171, 557, 1),
(1684, 1, 558, 3),
(1685, 2, 558, 6),
(1686, 3, 558, 24),
(1687, 4, 558, 30),
(1688, 5, 558, 13),
(1689, 6, 558, 32),
(1690, 7, 558, 9),
(1691, 8, 558, 20),
(1692, 194, 562, 26),
(1693, 82, 563, 25),
(1694, 90, 567, 19),
(1695, 91, 567, 29),
(1696, 22, 570, 11),
(1697, 23, 570, 30),
(1698, 24, 570, NULL),
(1699, 25, 570, 12),
(1700, 26, 570, 22),
(1701, 27, 570, 4),
(1702, 28, 570, 8),
(1703, 29, 570, 12),
(1704, 194, 574, 11),
(1705, 119, 587, 29),
(1706, 120, 587, 26),
(1707, 1, 590, 27),
(1708, 2, 590, 31),
(1709, 3, 590, 26),
(1710, 4, 590, 7),
(1711, 5, 590, 10),
(1712, 6, 590, 24),
(1713, 7, 590, 29),
(1714, 8, 590, 15),
(1715, 194, 594, 41),
(1716, 90, 595, 36),
(1717, 91, 595, 21),
(1718, 231, 596, NULL),
(1719, 232, 596, 3),
(1720, 233, 596, 15),
(1721, 121, 601, 2),
(1722, 122, 601, 25),
(1723, 123, 601, 22),
(1724, 124, 601, 29),
(1725, 125, 601, 16),
(1726, 126, 601, 27),
(1727, 127, 601, 29),
(1728, 128, 601, 1),
(1729, 129, 601, 33),
(1730, 130, 601, 2),
(1731, 113, 603, 38),
(1732, 114, 603, 22),
(1733, 115, 603, 24),
(1734, 116, 603, 21),
(1735, 206, 604, 15),
(1736, 207, 604, 21),
(1737, 208, 604, 6),
(1738, 209, 604, 33),
(1739, 210, 604, 25),
(1740, 73, 613, 28),
(1741, 119, 616, 16),
(1742, 120, 616, 16),
(1743, 102, 619, 26),
(1744, 103, 619, 13),
(1745, 104, 619, 15),
(1746, 63, 620, 20),
(1747, 64, 620, 20),
(1748, 65, 620, 20),
(1749, 66, 620, 4),
(1750, 67, 620, 5),
(1751, 68, 620, 20),
(1752, 69, 620, 13),
(1753, 70, 620, 4),
(1754, 71, 620, 20),
(1755, 72, 620, 10),
(1756, 206, 635, 23),
(1757, 207, 635, 7),
(1758, 208, 635, 5),
(1759, 209, 635, 36),
(1760, 210, 635, 30),
(1761, 92, 639, 10),
(1762, 93, 639, 30),
(1763, 94, 639, 26),
(1764, 95, 639, 11),
(1765, 96, 639, 30),
(1766, 97, 639, 21),
(1767, 98, 639, 7),
(1768, 99, 639, 2),
(1769, 100, 639, 15),
(1770, 101, 639, 14),
(1771, 90, 642, 24),
(1772, 91, 642, 10),
(1773, 205, 646, 34),
(1774, 87, 648, 20),
(1775, 162, 654, 18),
(1776, 163, 654, 15),
(1777, 164, 654, 24),
(1778, 165, 654, 11),
(1779, 166, 654, 21),
(1780, 167, 654, 1),
(1781, 168, 654, 12),
(1782, 169, 654, 25),
(1783, 170, 654, 26),
(1784, 171, 654, 35),
(1785, 43, 663, 27),
(1786, 44, 663, 28),
(1787, 45, 663, 21),
(1788, 46, 663, 32),
(1789, 47, 663, 31),
(1790, 48, 663, 33),
(1791, 49, 663, 32),
(1792, 50, 663, 16),
(1793, 51, 663, 15),
(1794, 52, 663, 11),
(1795, 154, 667, 27),
(1796, 155, 667, 26),
(1797, 156, 667, 31),
(1798, 157, 667, 7),
(1799, 158, 667, 4),
(1800, 159, 667, 24),
(1801, 160, 667, 31),
(1802, 161, 667, 7),
(1803, 227, 672, 32),
(1804, 228, 672, 11),
(1805, 229, 672, 5),
(1806, 230, 672, 29),
(1807, 193, 676, 17),
(1808, 206, 677, 32),
(1809, 207, 677, 9),
(1810, 208, 677, 16),
(1811, 209, 677, 32),
(1812, 210, 677, 29),
(1813, 223, 685, 25),
(1814, 224, 685, 19),
(1815, 225, 685, 27),
(1816, 226, 685, 33),
(1817, 221, 686, 18),
(1818, 222, 686, 33),
(1819, 19, 690, 42),
(1820, 20, 690, 39),
(1821, 21, 690, 22),
(1822, 178, 691, 32),
(1823, 179, 691, 15),
(1824, 180, 691, 33),
(1825, 181, 691, 15),
(1826, 182, 691, 15),
(1827, 183, 691, 14),
(1828, 184, 691, 7),
(1829, 185, 691, 20),
(1830, 186, 691, 20),
(1831, 187, 691, 9),
(1832, 150, 696, 26),
(1833, 151, 696, 24),
(1834, 152, 696, 15),
(1835, 153, 696, 33),
(1836, 188, 697, 1),
(1837, 189, 697, 11),
(1838, 82, 700, 22),
(1839, 88, 707, 23),
(1840, 89, 707, 34),
(1841, 83, 708, 3),
(1842, 9, 730, 8),
(1843, 10, 730, 11),
(1844, 11, 730, 26),
(1845, 12, 730, 7),
(1846, 13, 730, 27),
(1847, 14, 730, 3),
(1848, 15, 730, 13),
(1849, 16, 730, 22),
(1850, 17, 730, NULL),
(1851, 18, 730, 9),
(1852, 63, 732, 10),
(1853, 64, 732, 6),
(1854, 65, 732, 7),
(1855, 66, 732, 12),
(1856, 67, 732, 6),
(1857, 68, 732, 8),
(1858, 69, 732, 7),
(1859, 70, 732, 3),
(1860, 71, 732, 26),
(1861, 72, 732, 13),
(1862, 188, 738, 34),
(1863, 189, 738, 2),
(1864, 223, 739, 17),
(1865, 224, 739, 28),
(1866, 225, 739, 6),
(1867, 226, 739, 4),
(1868, 83, 741, 12),
(1869, 87, 745, 21),
(1870, 193, 747, 9),
(1871, 1, 750, 34),
(1872, 2, 750, 23),
(1873, 3, 750, 5),
(1874, 4, 750, 10),
(1875, 5, 750, 20),
(1876, 6, 750, NULL),
(1877, 7, 750, 24),
(1878, 8, 750, 21),
(1879, 121, 752, 36),
(1880, 122, 752, 23),
(1881, 123, 752, 37),
(1882, 124, 752, 24),
(1883, 125, 752, 11),
(1884, 126, 752, 11),
(1885, 127, 752, 31),
(1886, 128, 752, 17),
(1887, 129, 752, 37),
(1888, 130, 752, 24),
(1889, 175, 758, 28),
(1890, 176, 758, 6),
(1891, 177, 758, 29),
(1892, 150, 759, 32),
(1893, 151, 759, 10),
(1894, 152, 759, 31),
(1895, 153, 759, 35),
(1896, 113, 760, 34),
(1897, 114, 760, 6),
(1898, 115, 760, 9),
(1899, 116, 760, 18),
(1900, 9, 762, 28),
(1901, 10, 762, 5),
(1902, 11, 762, 7),
(1903, 12, 762, 1),
(1904, 13, 762, 37),
(1905, 14, 762, 7),
(1906, 15, 762, 4),
(1907, 16, 762, 14),
(1908, 17, 762, 26),
(1909, 18, 762, 37),
(1910, 30, 763, 14),
(1911, 31, 775, 11),
(1912, 32, 775, 29),
(1913, 33, 775, 22),
(1914, 34, 775, 18),
(1915, 35, 775, 44),
(1916, 36, 775, 35),
(1917, 37, 775, 37),
(1918, 38, 775, 7),
(1919, 140, 781, 14),
(1920, 141, 781, 13),
(1921, 142, 781, 32),
(1922, 143, 781, 22),
(1923, 144, 781, 31),
(1924, 145, 781, 3),
(1925, 146, 781, 9),
(1926, 147, 781, 15),
(1927, 148, 781, 18),
(1928, 149, 781, 22),
(1929, 1, 788, 16),
(1930, 2, 788, 19),
(1931, 3, 788, 13),
(1932, 4, 788, 21),
(1933, 5, 788, 30),
(1934, 6, 788, 25),
(1935, 7, 788, 5),
(1936, 8, 788, 15),
(1937, 223, 791, 7),
(1938, 224, 791, 5),
(1939, 225, 791, 32),
(1940, 226, 791, 24),
(1941, 227, 794, 9),
(1942, 228, 794, 19),
(1943, 229, 794, 23),
(1944, 230, 794, 20),
(1945, 150, 796, 25),
(1946, 151, 796, 17),
(1947, 152, 796, 16),
(1948, 153, 796, 3),
(1949, 87, 797, 32),
(1950, 119, 806, 16),
(1951, 120, 806, 24),
(1952, 117, 834, 23),
(1953, 118, 834, 6),
(1954, 227, 840, 30),
(1955, 228, 840, 33),
(1956, 229, 840, 21),
(1957, 230, 840, 11),
(1958, 39, 851, 29),
(1959, 40, 851, 27),
(1960, 41, 851, 16),
(1961, 42, 851, 9),
(1962, 195, 852, 17),
(1963, 196, 852, 21),
(1964, 197, 852, 3),
(1965, 198, 852, 17),
(1966, 199, 852, 20),
(1967, 200, 852, 3),
(1968, 201, 852, 5),
(1969, 202, 852, 19),
(1970, 203, 852, 10),
(1971, 204, 852, 16),
(1972, 140, 857, 9),
(1973, 141, 857, 21),
(1974, 142, 857, 4),
(1975, 143, 857, 15),
(1976, 144, 857, 27),
(1977, 145, 857, 21),
(1978, 146, 857, 16),
(1979, 147, 857, 5),
(1980, 148, 857, 16),
(1981, 149, 857, 8),
(1982, 105, 858, 26),
(1983, 106, 858, 41),
(1984, 107, 858, 38),
(1985, 108, 858, 30),
(1986, 109, 858, 3),
(1987, 110, 858, 15),
(1988, 111, 858, 19),
(1989, 112, 858, 10),
(1990, 84, 861, 26),
(1991, 85, 861, 13),
(1992, 86, 861, 26),
(1993, 221, 894, 26),
(1994, 222, 894, 6),
(1995, 190, 897, 34),
(1996, 191, 897, 29),
(1997, 192, 897, 13),
(1998, 139, 904, 42),
(1999, 221, 905, 22),
(2000, 222, 905, 26),
(2001, 162, 926, 38),
(2002, 163, 926, NULL),
(2003, 164, 926, 5),
(2004, 165, 926, 9),
(2005, 166, 926, 2),
(2006, 167, 926, 17),
(2007, 168, 926, 20),
(2008, 169, 926, 1),
(2009, 170, 926, 14),
(2010, 171, 926, 33),
(2011, 178, 931, 6),
(2012, 179, 931, 27),
(2013, 180, 931, 9),
(2014, 181, 931, 8),
(2015, 182, 931, 31),
(2016, 183, 931, 12),
(2017, 184, 931, 29),
(2018, 185, 931, 17),
(2019, 186, 931, 3),
(2020, 187, 931, 11),
(2021, 205, 934, 28),
(2022, 131, 937, 15),
(2023, 132, 937, 20),
(2024, 133, 937, 3),
(2025, 134, 937, 25),
(2026, 154, 956, 16),
(2027, 155, 956, 18),
(2028, 156, 956, 13),
(2029, 157, 956, 27),
(2030, 158, 956, 18),
(2031, 159, 956, 2),
(2032, 160, 956, 21),
(2033, 161, 956, 16),
(2034, 205, 959, 17),
(2035, 19, 966, 34),
(2036, 20, 966, 38),
(2037, 21, 966, 38),
(2038, 131, 969, 10),
(2039, 132, 969, 30),
(2040, 133, 969, 3),
(2041, 134, 969, 25),
(2042, 194, 971, 27),
(2043, 154, 973, 21),
(2044, 155, 973, 26),
(2045, 156, 973, 3),
(2046, 157, 973, 25),
(2047, 158, 973, 26),
(2048, 159, 973, 16),
(2049, 160, 973, 22),
(2050, 161, 973, 30),
(2051, 150, 984, 16),
(2052, 151, 984, 30),
(2053, 152, 984, 20),
(2054, 153, 984, 35),
(2055, 131, 987, 13),
(2056, 132, 987, 31),
(2057, 133, 987, 25),
(2058, 134, 987, 21),
(2059, 150, 989, 4),
(2060, 151, 989, 11),
(2061, 152, 989, 16),
(2062, 153, 989, 12),
(2063, 87, 998, 16);

-- --------------------------------------------------------

--
-- Table structure for table `session_has_exam`
--

DROP TABLE IF EXISTS `session_has_exam`;
CREATE TABLE IF NOT EXISTS `session_has_exam` (
  `sessionHasExam_id` int(11) NOT NULL AUTO_INCREMENT,
  `adressExam` varchar(255) DEFAULT NULL,
  `room` varchar(255) DEFAULT NULL,
  `DateTime` datetime DEFAULT NULL,
  `session_id` int(11) NOT NULL,
  `exam_id` int(11) NOT NULL,
  PRIMARY KEY (`sessionHasExam_id`),
  UNIQUE KEY `compositeKey` (`session_id`,`exam_id`),
  KEY `exam_id` (`exam_id`)
) ENGINE=InnoDB AUTO_INCREMENT=234 DEFAULT CHARSET=utf8mb4;

--
-- Dumping data for table `session_has_exam`
--

INSERT INTO `session_has_exam` (`sessionHasExam_id`, `adressExam`, `room`, `DateTime`, `session_id`, `exam_id`) VALUES
(1, '404 Elliot Gateway 49281-1914 Kelsishire', 'Room 12', '2024-04-27 06:10:26', 1, 3),
(2, '47187 Klein Forks 28493 West Domenicmouth', 'Room 12', '2023-12-06 23:25:35', 1, 4),
(3, '833 Schimmel Crest 11970-3386 Union City', 'Room 16', '2023-10-15 05:34:57', 1, 18),
(4, '8181 Raynor Dale 12601 South Stephonside', 'Room 12', '2023-09-17 04:06:44', 1, 20),
(5, '265 Margarete Trafficway 10490-3410 West Bobbieburgh', 'Room 18', '2024-04-30 12:54:48', 1, 23),
(6, '85640 Schaden Rapids 49853-8410 North Kattieville', 'Room 20', '2023-08-23 00:00:42', 1, 38),
(7, '91851 Shayna Forges 06788 Redondo Beach', 'Room 7', '2023-10-23 20:03:18', 1, 40),
(8, '8456 Lawson Spur 59056 West Jettchester', 'Room 11', '2024-01-03 04:27:39', 1, 43),
(9, '271 Scot Rapid 55142 North Judyton', 'Room 14', '2023-11-23 18:34:52', 2, 1),
(10, '353 Little Junction 37154 West Kayaport', 'Room 12', '2023-12-12 13:35:56', 2, 7),
(11, '6347 Fisher Crossing 01905 East Maemouth', 'Room 17', '2023-10-10 18:53:38', 2, 12),
(12, '92963 Cullen Circles 91964 St. Peters', 'Room 3', '2023-10-01 00:23:00', 2, 17),
(13, '44893 Wunsch Throughway 63851-3892 Concord', 'Room 7', '2023-09-03 05:43:25', 2, 19),
(14, '81053 Auer Heights 11164-9766 Lake Cathy', 'Room 9', '2024-04-27 11:42:04', 2, 21),
(15, '343 Gutmann Knoll 67506-7504 Vonland', 'Room 4', '2024-05-15 11:41:58', 2, 24),
(16, '95981 Jamaal Course 85791 Schinnerberg', 'Room 15', '2023-10-31 05:14:02', 2, 32),
(17, '77463 Jessie Track 74337 New Aliyahville', 'Room 3', '2023-06-26 12:43:10', 2, 44),
(18, '080 Schroeder Lock 80015 Carliport', 'Room 18', '2024-03-07 20:42:35', 2, 49),
(19, '3073 Rowe Underpass 50272 Gregmouth', 'Room 6', '2023-12-20 10:05:22', 3, 13),
(20, '956 Anderson Key 34504 Temple', 'Room 7', '2023-12-10 13:59:18', 3, 15),
(21, '6553 Evans Isle 41442-6524 Cutler Bay', 'Room 2', '2023-10-11 13:38:02', 3, 29),
(22, '589 Goodwin Field 45485-5172 Zulauffurt', 'Room 17', '2023-09-18 20:13:29', 4, 3),
(23, '77610 Torey Square 85609 Roswell', 'Room 12', '2023-06-15 00:48:59', 4, 4),
(24, '849 Nels Prairie 30783-1792 New Arnulfomouth', 'Room 1', '2024-03-19 08:34:32', 4, 18),
(25, '2404 Allen Square 07221-2582 New Donatomouth', 'Room 10', '2023-08-15 21:43:51', 4, 20),
(26, '519 Skylar Spur 43862 Davisville', 'Room 19', '2024-03-07 19:24:39', 4, 23),
(27, '405 McDermott Harbors 36931 East Kailynburgh', 'Room 10', '2023-07-22 04:31:30', 4, 38),
(28, '488 Giovani Drives 51209 Lake Darion', 'Room 1', '2024-02-11 09:24:11', 4, 40),
(29, '854 Block Haven 27860 Marianoville', 'Room 17', '2024-05-07 21:45:50', 4, 43),
(30, '96038 Breana Mill 32896-1993 Jurupa Valley', 'Room 6', '2023-07-13 07:05:35', 5, 30),
(31, '39620 Bednar Road 07951 North Alfredofort', 'Room 1', '2024-02-05 01:28:05', 6, 3),
(32, '659 Stoltenberg Extensions 53620-4150 New Leilani', 'Room 19', '2023-08-12 21:35:05', 6, 4),
(33, '15343 Vernie Trail 44663-6725 West Pedro', 'Room 17', '2023-08-05 02:49:25', 6, 18),
(34, '14032 Orin Lake 44640-0686 Rachaelburgh', 'Room 11', '2023-09-09 14:44:55', 6, 20),
(35, '8839 Grace Shoal 59745 Dollyfurt', 'Room 10', '2024-01-16 07:32:57', 6, 23),
(36, '1538 Connelly Road 75959 North Houston', 'Room 2', '2023-10-05 12:32:31', 6, 38),
(37, '93645 Gia Rapids 40656 Koelpinberg', 'Room 2', '2023-07-11 07:05:56', 6, 40),
(38, '87022 Ora Loaf 67137-7309 Christopherfurt', 'Room 18', '2024-03-12 00:57:53', 6, 43),
(39, '20097 Kreiger Forest 94938-5157 Port Antonette', 'Room 2', '2023-07-05 20:18:27', 7, 9),
(40, '854 Seth Ville 22835 Avisborough', 'Room 16', '2024-01-27 07:06:07', 7, 14),
(41, '56663 Luettgen Oval 09414 Elisabethland', 'Room 9', '2024-04-16 00:26:55', 7, 16),
(42, '322 Lang Villages 47694-3123 New Keaganland', 'Room 13', '2023-08-17 06:46:00', 7, 41),
(43, '916 Rex Junction 40425-8409 East Fordton', 'Room 12', '2024-05-02 04:32:51', 8, 1),
(44, '22427 Keaton Loop 25473 Thaddeusstad', 'Room 19', '2024-02-14 07:43:50', 8, 7),
(45, '7610 Brekke Club 26006 Springdale', 'Room 6', '2024-04-27 05:37:31', 8, 12),
(46, '6431 Devan Radial 53302 Thalialand', 'Room 15', '2024-01-14 08:47:23', 8, 17),
(47, '3640 Cruickshank Crescent 52110-5520 Travonstad', 'Room 4', '2024-01-11 23:00:22', 8, 19),
(48, '55729 Giovanny Run 40704-4408 North Lonzotown', 'Room 12', '2024-04-06 12:57:02', 8, 21),
(49, '0351 Grimes Summit 47901 South Kamilleborough', 'Room 2', '2024-04-20 21:09:19', 8, 24),
(50, '7912 Christiansen View 73837-8857 Reichelberg', 'Room 3', '2024-04-25 01:20:35', 8, 32),
(51, '44423 Neal Gateway 79342 Yakima', 'Room 8', '2023-07-26 12:08:55', 8, 44),
(52, '123 Rau Mission 92158-9608 Murrayburgh', 'Room 6', '2023-12-27 10:17:04', 8, 49),
(53, '0815 Britney Track 99270-9728 Edenton', 'Room 4', '2023-09-28 11:15:47', 9, 1),
(54, '71179 Collier Junction 30562-7523 East Leola', 'Room 17', '2023-09-07 13:20:12', 9, 7),
(55, '12607 Sunny Ports 83856-8988 North Melbaton', 'Room 19', '2023-06-25 00:35:05', 9, 12),
(56, '149 Lowe Mall 46476 East Michael', 'Room 20', '2024-04-19 21:58:20', 9, 17),
(57, '581 Sheldon Stravenue 43659 Lake Athenashire', 'Room 10', '2024-01-06 00:29:09', 9, 19),
(58, '165 Kristoffer Lights 21267 Lake Dallas', 'Room 17', '2023-12-23 08:15:17', 9, 21),
(59, '151 Idella Village 72878-2486 West Victoriaberg', 'Room 10', '2023-08-20 07:21:47', 9, 24),
(60, '452 Koss Glens 99864 North Demario', 'Room 4', '2024-04-27 14:50:46', 9, 32),
(61, '6535 Chauncey Camp 44509-5823 Lake Tobytown', 'Room 16', '2023-09-13 19:40:43', 9, 44),
(62, '073 Conroy Landing 74960-3590 Port Angelitamouth', 'Room 20', '2023-10-26 02:00:13', 9, 49),
(63, '73957 Hodkiewicz Track 12803 New Abigayleberg', 'Room 14', '2024-04-09 02:30:13', 10, 1),
(64, '40758 Jast Summit 17204-9284 Blickshire', 'Room 18', '2024-05-14 16:52:09', 10, 7),
(65, '8328 Schmidt Groves 47044-0291 Homestead', 'Room 1', '2024-02-02 00:28:57', 10, 12),
(66, '796 Rohan Villages 75144-8752 Oscarport', 'Room 11', '2024-04-24 04:10:09', 10, 17),
(67, '939 Marquardt Squares 66594-7240 Lowell', 'Room 1', '2023-12-05 23:48:05', 10, 19),
(68, '8079 Dicki River 83049 New Leannside', 'Room 13', '2024-03-16 03:33:09', 10, 21),
(69, '880 Bogan Bridge 97530 Lake Janick', 'Room 20', '2023-07-18 18:16:52', 10, 24),
(70, '3532 Rylee Turnpike 99011-5481 Goodwinmouth', 'Room 17', '2023-12-22 04:03:20', 10, 32),
(71, '212 Hills Spur 11003-4340 West Rosario', 'Room 9', '2023-11-21 02:15:28', 10, 44),
(72, '90211 Neal Burg 69798 Kuhnshire', 'Room 15', '2023-11-03 20:22:55', 10, 49),
(73, '139 Jarrell Forks 72119 Tevinfurt', 'Room 12', '2024-05-06 07:12:28', 11, 37),
(74, '7613 Kirlin Place 00835 North Effie', 'Room 16', '2023-06-25 10:12:40', 12, 3),
(75, '69814 O\'Reilly Gateway 68591 Ferrystad', 'Room 17', '2023-12-04 15:34:00', 12, 4),
(76, '3877 Ortiz View 65136-4983 Bashirianshire', 'Room 14', '2023-11-06 14:35:18', 12, 18),
(77, '30933 Emmie Trail 10230 Eau Claire', 'Room 18', '2023-10-13 00:33:49', 12, 20),
(78, '5174 Winfield Brook 95113-1780 South Caroleport', 'Room 12', '2024-03-13 11:49:20', 12, 23),
(79, '46645 Margarett Hill 01056 Longview', 'Room 13', '2023-08-06 14:14:49', 12, 38),
(80, '86491 Viva Vista 37751 Yakima', 'Room 19', '2023-11-27 21:07:42', 12, 40),
(81, '4911 Timmothy Parks 99934-8851 New Brody', 'Room 7', '2023-06-13 10:07:42', 12, 43),
(82, '4742 Schaefer Keys 55125 West Brendon', 'Room 1', '2024-01-18 12:11:26', 13, 31),
(83, '329 Rice Path 80366 Anaheim', 'Room 1', '2023-11-02 05:49:58', 14, 48),
(84, '18055 O\'Reilly Grove 20989-7287 Durganberg', 'Room 15', '2023-09-02 17:33:26', 15, 28),
(85, '419 Boehm Fort 33043 Muellerview', 'Room 4', '2024-03-15 21:18:00', 15, 42),
(86, '2971 Blair Port 68547 Hellerberg', 'Room 5', '2024-02-09 01:52:27', 15, 47),
(87, '3547 Boehm Valleys 91946-8270 Leoraville', 'Room 7', '2024-04-12 17:05:17', 16, 31),
(88, '5175 Granville Parkways 15191 North Luemouth', 'Room 5', '2023-07-15 10:24:43', 17, 35),
(89, '46323 Dorthy Tunnel 09808-4851 New Cooper', 'Room 13', '2024-02-03 22:37:16', 17, 36),
(90, '51295 Kattie Ramp 36039 Port Lavinaside', 'Room 10', '2023-07-18 07:06:14', 18, 35),
(91, '995 Rosenbaum Plains 45462-0794 West Dinoton', 'Room 15', '2023-05-28 21:39:12', 18, 36),
(92, '4434 Summer Road 43611 Lake Jorge', 'Room 17', '2023-08-26 08:47:11', 19, 1),
(93, '42295 Smitham Stravenue 89662 Casperchester', 'Room 8', '2024-04-20 11:11:11', 19, 7),
(94, '3397 Mann Passage 84154 Titusville', 'Room 20', '2024-02-04 23:29:40', 19, 12),
(95, '3386 Schuster Curve 46793-0750 New Maximo', 'Room 6', '2023-08-23 12:25:24', 19, 17),
(96, '91763 Jones Alley 64345-7524 North Charleshaven', 'Room 13', '2024-05-15 02:11:19', 19, 19),
(97, '2892 Hettinger Springs 03613 Suffolk', 'Room 18', '2024-01-05 20:36:35', 19, 21),
(98, '6017 Schowalter Stream 97987-0329 North Alfonso', 'Room 17', '2023-10-07 20:49:44', 19, 24),
(99, '090 Stark Ford 05170-3673 Roswell', 'Room 7', '2024-02-08 04:31:53', 19, 32),
(100, '0715 Kutch Oval 58500-2841 Horacetown', 'Room 4', '2024-02-10 09:19:41', 19, 44),
(101, '6667 Noah Forge 72476 Borermouth', 'Room 4', '2023-06-10 18:54:53', 19, 49),
(102, '368 Zieme Valley 24786-3851 Scottsdale', 'Room 18', '2024-03-05 14:35:10', 20, 5),
(103, '428 Clair Pines 12612-4394 Schummfurt', 'Room 1', '2024-04-17 20:16:58', 20, 11),
(104, '360 Darian Union 32568-1500 East Providence', 'Room 12', '2024-01-16 07:15:26', 20, 46),
(105, '970 Thiel Port 14731-8410 South Portertown', 'Room 15', '2023-06-19 23:55:43', 21, 3),
(106, '5580 Von Lodge 10292 Ziemannstad', 'Room 2', '2023-12-27 16:16:17', 21, 4),
(107, '059 Wilderman Locks 13934 Alexandrinefort', 'Room 16', '2023-07-22 23:50:41', 21, 18),
(108, '5495 Maureen Plains 66369-3915 North Leonardhaven', 'Room 13', '2024-02-02 09:23:50', 21, 20),
(109, '4888 Taryn Alley 02236 Irving', 'Room 2', '2024-05-13 20:10:52', 21, 23),
(110, '8979 Skiles Glens 65452 Kihnton', 'Room 5', '2023-10-18 22:26:38', 21, 38),
(111, '4602 Steuber Neck 88970-7164 Pansyshire', 'Room 5', '2023-08-11 19:50:02', 21, 40),
(112, '32082 Keagan Island 55072 Douglasville', 'Room 3', '2023-10-10 16:32:47', 21, 43),
(113, '4068 Jennyfer Land 55547-5442 Okeyton', 'Room 17', '2023-10-08 10:17:43', 22, 9),
(114, '4707 Ondricka Forest 85655-4208 Parker', 'Room 7', '2023-07-18 09:46:12', 22, 14),
(115, '17328 Adrienne Coves 56409 Eladioville', 'Room 12', '2023-07-16 16:44:49', 22, 16),
(116, '491 Emma Heights 81923 Lebsackburgh', 'Room 9', '2024-04-05 11:48:23', 22, 41),
(117, '632 Bernardo Land 64824-1492 Sarasota', 'Room 3', '2024-03-13 14:49:14', 23, 6),
(118, '0314 Cronin Gardens 44873-2188 West Vladimir', 'Room 6', '2024-03-13 08:04:45', 23, 10),
(119, '452 Braxton Brooks 38249-4016 Weston', 'Room 14', '2023-11-11 21:24:15', 24, 8),
(120, '56630 Schumm Hollow 50022-1173 Estevanhaven', 'Room 9', '2023-12-08 16:20:02', 24, 34),
(121, '3600 Goldner Estate 66464-6334 Port Raheem', 'Room 20', '2023-12-25 22:57:46', 25, 1),
(122, '29329 McKenzie Trafficway 62623-1856 Charleyland', 'Room 9', '2024-01-08 18:18:01', 25, 7),
(123, '6739 Anika Plains 60458 Lake Caleigh', 'Room 4', '2024-05-13 03:25:32', 25, 12),
(124, '8763 Bode Bridge 40998 East Pearlieside', 'Room 7', '2023-11-27 05:44:45', 25, 17),
(125, '4856 McGlynn Point 08689-3594 Apopka', 'Room 12', '2023-10-29 05:19:33', 25, 19),
(126, '123 Jermaine Drives 01286 South Breanne', 'Room 20', '2023-09-14 07:32:45', 25, 21),
(127, '9112 Vilma Heights 41963-3740 Ortizside', 'Room 9', '2023-08-26 15:36:58', 25, 24),
(128, '345 Daisy Hills 11403-2284 Madalineland', 'Room 4', '2023-07-28 02:04:05', 25, 32),
(129, '8171 Melvin Ways 63119 Marinaview', 'Room 17', '2023-10-19 02:11:39', 25, 44),
(130, '80243 Chanelle Circle 40860 Tessland', 'Room 12', '2024-03-23 17:19:17', 25, 49),
(131, '022 Yasmin Inlet 84502 Beckerberg', 'Room 9', '2024-02-08 00:16:23', 26, 9),
(132, '00273 Grace Trail 44925-1120 Edaborough', 'Room 10', '2023-07-06 21:54:44', 26, 14),
(133, '281 Beier Circle 80539 Walshchester', 'Room 7', '2023-07-05 22:24:31', 26, 16),
(134, '1104 Avery Lodge 59013 Alanport', 'Room 6', '2024-02-18 08:25:35', 26, 41),
(135, '59128 Larissa Extensions 67087-2925 Santee', 'Room 13', '2024-02-29 23:17:35', 27, 30),
(136, '52788 Claudie Trail 48843 Sauershire', 'Room 17', '2023-10-15 03:41:29', 28, 30),
(137, '962 Prohaska Islands 24404 Portsmouth', 'Room 13', '2023-08-17 18:44:48', 29, 8),
(138, '9442 Lebsack Street 95079 Port Aletha', 'Room 20', '2023-06-15 01:30:22', 29, 34),
(139, '208 Waelchi Dam 08862-4289 Dundalk', 'Room 17', '2024-05-03 22:32:47', 30, 37),
(140, '1716 Ankunding Throughway 61501-4128 Vandervortville', 'Room 17', '2023-07-19 01:10:41', 31, 1),
(141, '5966 Bechtelar Parks 00861 Crystelberg', 'Room 7', '2024-01-29 00:32:39', 31, 7),
(142, '1054 Stephany Crest 93049-3808 East Cathrinechester', 'Room 13', '2023-11-27 10:31:58', 31, 12),
(143, '21475 Kling Common 95541 Metzbury', 'Room 4', '2024-04-19 20:14:46', 31, 17),
(144, '0836 Dooley Road 05804-6609 Lake Tavareshaven', 'Room 14', '2024-03-03 20:13:13', 31, 19),
(145, '6095 Mckenzie Isle 92085 Coconut Creek', 'Room 9', '2024-04-27 11:34:23', 31, 21),
(146, '841 Joey Manor 38826-7575 East Torey', 'Room 15', '2023-10-03 02:46:40', 31, 24),
(147, '4149 Edison Meadows 53936 Tempe', 'Room 17', '2024-01-06 06:15:43', 31, 32),
(148, '65325 Johnston Prairie 34276-2472 La Habra', 'Room 3', '2023-07-20 08:20:12', 31, 44),
(149, '00849 Drake Street 96543 Doral', 'Room 15', '2023-09-28 15:36:16', 31, 49),
(150, '3805 Janiya Pines 86288-3133 Austin', 'Room 16', '2024-05-21 23:29:33', 32, 9),
(151, '2083 Josefina Fall 75677 New Levifort', 'Room 9', '2024-02-29 14:45:08', 32, 14),
(152, '3472 Witting Union 68545 Murfreesboro', 'Room 1', '2023-09-25 11:53:25', 32, 16),
(153, '19557 Elenora Gardens 13223 Milpitas', 'Room 1', '2023-05-28 01:43:40', 32, 41),
(154, '85097 Schulist Spring 49095 Gresham', 'Room 3', '2024-01-22 21:07:17', 33, 3),
(155, '5319 Wolf Harbors 28819-2108 South Amarachester', 'Room 4', '2023-11-22 06:42:37', 33, 4),
(156, '94841 Edna Underpass 70454 Wandafort', 'Room 4', '2023-08-05 03:54:26', 33, 18),
(157, '99221 Cummerata Squares 72558 Palm Coast', 'Room 16', '2023-11-23 21:41:59', 33, 20),
(158, '2068 Geovany Locks 97683-2626 Lake Ludie', 'Room 6', '2023-09-05 21:00:02', 33, 23),
(159, '9007 Virgil Alley 09559 Rippinfurt', 'Room 19', '2023-06-07 16:41:10', 33, 38),
(160, '3376 Schneider Canyon 88704-6717 Lake Laruehaven', 'Room 8', '2023-06-10 10:22:40', 33, 40),
(161, '459 Kaitlyn Courts 44536-5748 Hutchinson', 'Room 20', '2024-02-23 17:39:10', 33, 43),
(162, '92675 Norris Wall 59610-7426 Alannaberg', 'Room 3', '2023-12-22 22:35:57', 34, 1),
(163, '428 Savanah Knoll 79655-3143 Lake Delbertview', 'Room 1', '2023-10-23 01:06:37', 34, 7),
(164, '094 Fletcher Views 14740 Marionshire', 'Room 12', '2023-05-24 10:03:56', 34, 12),
(165, '9829 Wyman Road 30730-0385 Colehaven', 'Room 3', '2023-07-30 21:46:36', 34, 17),
(166, '89829 Yazmin Pines 08526-7483 Kianside', 'Room 19', '2023-05-31 09:09:58', 34, 19),
(167, '7100 Armstrong Valleys 44825 Alvinachester', 'Room 6', '2023-05-25 15:46:58', 34, 21),
(168, '92252 Emelie Mission 43185-8501 Port Kaleyberg', 'Room 15', '2024-04-16 01:58:44', 34, 24),
(169, '96364 Block Mall 62370-2142 Nienowfurt', 'Room 4', '2023-07-19 01:56:57', 34, 32),
(170, '75072 Greenholt Way 59947 Broken Arrow', 'Room 11', '2023-07-20 10:45:20', 34, 44),
(171, '9417 Gracie Pine 55863-3178 Feeneyside', 'Room 2', '2023-11-03 10:28:23', 34, 49),
(172, '56556 Abe Run 99041-6967 East Katharina', 'Room 2', '2023-07-28 14:51:52', 35, 13),
(173, '778 Heller Valleys 78595 Port Leonmouth', 'Room 12', '2024-01-28 08:03:22', 35, 15),
(174, '4021 Hand Coves 65802-3003 Port Jaylonstad', 'Room 12', '2024-01-21 11:15:04', 35, 29),
(175, '6442 Baumbach Branch 49553 Emorytown', 'Room 17', '2024-03-01 16:22:25', 36, 13),
(176, '766 Rowe Terrace 88253 Nadiamouth', 'Room 16', '2024-02-15 17:16:17', 36, 15),
(177, '7053 Kerluke Fields 78825-4519 Friesenborough', 'Room 9', '2024-05-05 04:42:50', 36, 29),
(178, '35442 Odessa Creek 62623 Lavinahaven', 'Room 15', '2024-04-15 21:28:22', 37, 1),
(179, '017 Hallie Walk 45789 Feesthaven', 'Room 13', '2023-06-13 03:31:47', 37, 7),
(180, '35709 Amparo Path 41507 Boehmtown', 'Room 4', '2023-10-19 07:08:27', 37, 12),
(181, '106 Deonte Views 86383-5324 Kulasland', 'Room 8', '2023-10-02 09:56:09', 37, 17),
(182, '2597 Amelie Cove 76315-7196 North Manuelview', 'Room 6', '2024-03-13 11:26:00', 37, 19),
(183, '2570 Friesen Port 10514-5645 Todmouth', 'Room 14', '2024-03-24 23:27:18', 37, 21),
(184, '40446 Julio Way 50759-9416 North Anibalfort', 'Room 4', '2024-02-29 05:20:35', 37, 24),
(185, '9915 Carroll Tunnel 87469-4938 Winifredshire', 'Room 19', '2024-03-22 01:08:51', 37, 32),
(186, '643 Travis Mountains 94835 Lake Elbert', 'Room 11', '2023-10-31 15:37:46', 37, 44),
(187, '927 Royal Causeway 98336-4570 Port Caroleville', 'Room 9', '2023-07-14 07:38:53', 37, 49),
(188, '969 Schiller Cliff 78599 East Cobyville', 'Room 17', '2023-11-02 20:15:11', 38, 6),
(189, '952 Sadye Pike 01884-2948 Greenfelderbury', 'Room 19', '2023-06-26 06:55:16', 38, 10),
(190, '40936 Annamae Summit 38497-1657 Yazminburgh', 'Room 20', '2024-03-09 23:23:54', 39, 13),
(191, '92572 Amir Throughway 85723 The Villages', 'Room 8', '2023-09-13 09:20:23', 39, 15),
(192, '1898 Sim Mountain 43918-8020 West Orinbury', 'Room 12', '2023-08-25 14:04:03', 39, 29),
(193, '71861 Jovani Summit 41884 North Adolfotown', 'Room 7', '2023-06-19 23:42:47', 40, 30),
(194, '6088 VonRueden Trafficway 94173-0599 Bechtelarhaven', 'Room 11', '2024-05-03 01:07:07', 41, 48),
(195, '2296 Stoltenberg Way 74641 North Nickolas', 'Room 13', '2024-04-15 17:01:33', 42, 1),
(196, '3480 Langosh Rue 42259-5112 South Rosalindberg', 'Room 5', '2023-11-07 08:39:34', 42, 7),
(197, '3097 Padberg Mall 65522-8394 New Camronburgh', 'Room 3', '2023-09-11 10:32:20', 42, 12),
(198, '9884 Mckenna Summit 55324 Bessieview', 'Room 5', '2023-05-25 11:59:15', 42, 17),
(199, '272 Cremin Road 14837-9471 Tiffanyburgh', 'Room 8', '2024-04-07 12:38:41', 42, 19),
(200, '49333 Seth Ramp 94463-5865 West Alaynaberg', 'Room 11', '2023-07-07 11:50:26', 42, 21),
(201, '7853 Kessler Divide 74812-1340 West Malcolm', 'Room 16', '2024-05-02 23:49:03', 42, 24),
(202, '125 Pagac Summit 67050-2027 San Leandro', 'Room 5', '2023-10-03 14:21:31', 42, 32),
(203, '33427 Stuart Inlet 49909-9950 Port Lewis', 'Room 18', '2024-01-22 08:03:43', 42, 44),
(204, '02885 Douglas Hill 94222-9265 Bechtelarton', 'Room 14', '2023-07-08 10:54:47', 42, 49),
(205, '5403 Sawayn Loop 86711-5693 Kingberg', 'Room 9', '2024-03-28 19:24:10', 43, 30),
(206, '482 Schmitt Village 50108 Lake Cortez', 'Room 3', '2024-02-25 23:10:39', 44, 2),
(207, '012 Koepp Springs 91675 New Sageside', 'Room 7', '2024-03-03 22:02:05', 44, 22),
(208, '408 Telly Crescent 06120 Rialto', 'Room 13', '2024-03-22 00:56:42', 44, 26),
(209, '099 Lauren Canyon 55703 Bodeborough', 'Room 7', '2023-09-29 19:56:08', 44, 27),
(210, '40773 Fisher Lakes 67243-7165 New Haileyshire', 'Room 11', '2023-11-10 16:12:52', 44, 39),
(211, '636 Rice Motorway 56693 Lake Leola', 'Room 8', '2023-08-04 07:01:35', 45, 1),
(212, '230 Caesar Pine 52791 New Kennatown', 'Room 7', '2024-02-28 22:26:04', 45, 7),
(213, '7251 Lynch Highway 54245 Zachariahview', 'Room 9', '2023-11-30 17:58:46', 45, 12),
(214, '611 Ida Ville 50401 Marcellusshire', 'Room 13', '2023-10-13 08:47:53', 45, 17),
(215, '795 Pouros Cape 39549-0678 Jennieberg', 'Room 14', '2023-09-21 20:05:00', 45, 19),
(216, '64693 Idell Turnpike 97096 South Wilson', 'Room 13', '2024-03-08 21:16:48', 45, 21),
(217, '531 Mosciski Grove 24789-9100 Port Haleyton', 'Room 9', '2023-12-31 03:08:36', 45, 24),
(218, '166 Powlowski Mews 61793-4099 Port Otisland', 'Room 16', '2024-01-04 02:59:52', 45, 32),
(219, '619 Eloise Drive 76498-7931 Cassinton', 'Room 19', '2023-06-08 04:57:56', 45, 44),
(220, '4866 Haley Corner 61778 Lake Josefaport', 'Room 4', '2024-03-02 16:31:36', 45, 49),
(221, '65672 Lavinia Terrace 50528 Merletown', 'Room 19', '2024-02-26 23:40:49', 46, 8),
(222, '729 Jones Stream 57463-9619 Ryanfurt', 'Room 15', '2023-10-25 08:57:59', 46, 34),
(223, '29116 Kirlin Path 82394 Evanston', 'Room 14', '2023-06-08 04:01:15', 47, 9),
(224, '6491 Jerde Port 92667-0048 East Amos', 'Room 5', '2023-07-24 18:39:09', 47, 14),
(225, '530 Bernhard Keys 26962 Moreno Valley', 'Room 8', '2023-11-24 04:05:30', 47, 16),
(226, '50210 Parisian Courts 77230-7904 Carrollhaven', 'Room 8', '2024-05-06 15:00:46', 47, 41),
(227, '2868 Kuhn Common 67154 Altenwerthshire', 'Room 1', '2023-09-18 09:15:00', 48, 9),
(228, '4333 Delores Prairie 36520-2240 East Mariannaborough', 'Room 6', '2023-08-26 04:32:36', 48, 14),
(229, '61213 Laverne Fords 27936 Lake Fridaburgh', 'Room 13', '2023-07-18 12:16:36', 48, 16),
(230, '966 Donato Ways 86699 North Stefanfort', 'Room 14', '2024-01-20 12:21:27', 48, 41),
(231, '82618 Ruecker Summit 83124 Lilaburgh', 'Room 5', '2023-06-07 23:59:59', 49, 28),
(232, '88117 Romaguera Fall 68675-0528 South Makaylaborough', 'Room 7', '2024-01-06 16:49:06', 49, 42),
(233, '086 Mosciski Way 34106 East German', 'Room 7', '2023-10-14 20:31:16', 49, 47);

-- --------------------------------------------------------

--
-- Table structure for table `session_hist`
--

DROP TABLE IF EXISTS `session_hist`;
CREATE TABLE IF NOT EXISTS `session_hist` (
  `session_id` int(11) NOT NULL AUTO_INCREMENT,
  `institut_id` int(11) NOT NULL,
  `start` datetime NOT NULL,
  `end` datetime NOT NULL,
  `limitDateSubscribe` datetime NOT NULL,
  `placeAvailable` int(11) NOT NULL,
  `validation` tinyint(1) NOT NULL DEFAULT 0,
  `test_id` int(11) NOT NULL,
  `level_id` int(11) DEFAULT NULL,
  `createdAt` datetime NOT NULL,
  `updatedAt` datetime NOT NULL,
  PRIMARY KEY (`session_id`)
) ENGINE=InnoDB DEFAULT CHARSET=utf8mb4;

-- --------------------------------------------------------

--
-- Table structure for table `session_user_hist`
--

DROP TABLE IF EXISTS `session_user_hist`;
CREATE TABLE IF NOT EXISTS `session_user_hist` (
  `sessionUser_id` int(11) NOT NULL AUTO_INCREMENT,
  `session_id` int(11) DEFAULT NULL,
  `user_id` int(11) DEFAULT NULL,
  `paymentMode` int(11) DEFAULT NULL,
  `numInscrAnt` varchar(255) DEFAULT NULL,
  `inscription` datetime DEFAULT '2023-05-24 10:01:30',
  `hasPaid` tinyint(1) DEFAULT NULL,
  `informations` text DEFAULT NULL,
  `createdAt` datetime NOT NULL,
  `updatedAt` datetime NOT NULL,
  PRIMARY KEY (`sessionUser_id`),
  UNIQUE KEY `compositeKey` (`session_id`,`user_id`)
) ENGINE=InnoDB DEFAULT CHARSET=utf8mb4;

-- --------------------------------------------------------

--
-- Table structure for table `session_user_option`
--

DROP TABLE IF EXISTS `session_user_option`;
CREATE TABLE IF NOT EXISTS `session_user_option` (
  `option_id` int(11) NOT NULL AUTO_INCREMENT,
  `user_price` int(11) DEFAULT NULL,
  `tva` float DEFAULT NULL,
  `addressExam` text DEFAULT NULL,
  `isCandidate` tinyint(1) DEFAULT NULL,
  `DateTime` datetime DEFAULT NULL,
  `sessionUser_id` int(11) NOT NULL,
  `exam_id` int(11) DEFAULT NULL,
  PRIMARY KEY (`option_id`),
  KEY `sessionUser_id` (`sessionUser_id`),
  KEY `exam_id` (`exam_id`)
) ENGINE=InnoDB AUTO_INCREMENT=1724 DEFAULT CHARSET=utf8mb4;

--
-- Dumping data for table `session_user_option`
--

INSERT INTO `session_user_option` (`option_id`, `user_price`, `tva`, `addressExam`, `isCandidate`, `DateTime`, `sessionUser_id`, `exam_id`) VALUES
(1, NULL, NULL, '306 Jacobs Bridge 38527 Lake Donny', 0, '2024-04-14 12:45:19', 1, 1),
(2, NULL, NULL, '66744 O\'Reilly Way 42441 Kutchside', 0, '2023-08-13 10:05:33', 1, 7),
(3, 272, 17, '80397 Kuphal Fork 80780 Noramouth', 0, '2024-02-21 11:58:10', 1, 12),
(4, NULL, NULL, '0985 Avis Village 91530 New Oren', 1, '2024-05-12 20:49:04', 1, 17),
(5, NULL, NULL, '5156 Maud Turnpike 95630 O\'Keefefurt', 0, '2023-06-18 08:49:30', 1, 19),
(6, 551, 14, '524 Gutkowski Skyway 31601 Goodwinhaven', 1, '2023-11-21 02:46:58', 1, 21),
(7, NULL, NULL, '52533 Padberg Path 82246-7188 Lehnerfurt', 0, '2023-08-22 19:15:56', 1, 24),
(8, NULL, NULL, '374 Osinski Overpass 54567-3721 Luettgenhaven', 1, '2023-07-12 10:52:00', 1, 32),
(9, NULL, NULL, '54270 Fisher Fort 27088-1769 Ethylstad', 0, '2023-12-01 06:33:37', 1, 44),
(10, NULL, NULL, '8623 Aaliyah Harbors 94385 Langworthtown', 1, '2024-05-13 03:18:55', 1, 49),
(11, 821, 20, '1091 Cruz Neck 65074-0707 Lake Alaina', 1, '2023-07-19 22:02:01', 2, 6),
(12, NULL, NULL, '84687 Kunze Canyon 95297 Lake Brettmouth', 0, '2023-11-05 01:52:11', 2, 10),
(13, NULL, NULL, '46675 Jacobson Vista 41599-7191 Emeliatown', 0, '2023-09-15 11:59:32', 3, 8),
(14, NULL, NULL, '743 Schoen Row 41999-0101 Lake Williamside', 0, '2024-03-12 11:17:07', 3, 34),
(15, NULL, NULL, '53913 Franco Track 29904-7796 South Claudbury', 0, '2023-12-29 03:29:56', 4, 3),
(16, NULL, NULL, '6810 Ricardo Pike 72382 Port Shakira', 0, '2023-10-21 00:35:12', 4, 4),
(17, NULL, NULL, '318 Nicolette Cape 70817 Schroederport', 1, '2023-08-13 20:25:24', 4, 18),
(18, NULL, NULL, '7907 Wehner Plaza 91739 Warrenton', 0, '2023-06-21 02:43:40', 4, 20),
(19, NULL, NULL, '318 Pfannerstill Mission 37754 Marksville', 1, '2023-07-11 12:10:54', 4, 23),
(20, NULL, NULL, '162 Lorena Squares 27438 New Madelyn', 1, '2023-10-10 05:53:28', 4, 38),
(21, NULL, NULL, '37330 Winfield Mews 75024 Jaskolskiland', 1, '2024-03-07 06:51:24', 4, 40),
(22, 425, 14, '62186 Coty Cape 63073-4941 Gerardomouth', 0, '2024-04-17 18:06:19', 4, 43),
(23, 699, 12, '3438 Carrie Mews 08623 West Laney', 0, '2023-06-03 08:43:41', 5, 3),
(24, NULL, NULL, '7723 Durgan Lake 70064-3818 North Camille', 0, '2023-12-23 20:47:31', 5, 4),
(25, NULL, NULL, '1998 Waelchi Extension 75061 Jaylenton', 1, '2024-04-30 02:44:14', 5, 18),
(26, NULL, NULL, '1355 Krajcik Crossroad 98313 Dedricview', 0, '2023-09-29 03:12:09', 5, 20),
(27, NULL, NULL, '072 Renee Station 63666-9846 Livermore', 1, '2023-06-03 13:34:09', 5, 23),
(28, NULL, NULL, '011 Dudley Corner 89771 Gunnarport', 1, '2023-07-11 01:45:36', 5, 38),
(29, NULL, NULL, '3840 Shayna Pines 29517 North Jaredshire', 1, '2024-05-06 15:58:06', 5, 40),
(30, NULL, NULL, '7601 Irwin Common 78896 East Gregville', 0, '2024-03-24 05:34:15', 5, 43),
(31, NULL, NULL, '47048 Willms Crossing 95777-6657 Torpport', 1, '2023-07-14 11:52:48', 6, 28),
(32, 744, 16, '680 Ullrich Village 79699-4182 South Freeman', 0, '2024-04-14 01:21:47', 6, 42),
(33, 276, 18, '132 Lubowitz Forest 72998 Lynnfort', 1, '2024-04-05 19:30:55', 6, 47),
(34, 971, 15, '682 Duane Pike 74555 New Maximilian', 0, '2023-12-10 22:30:59', 7, 3),
(35, 535, 11, '5863 Tyrell Spur 05638 New Deshaun', 0, '2024-02-06 05:08:17', 7, 4),
(36, NULL, NULL, '43499 Mekhi Route 19291 North Marlenestad', 1, '2023-09-02 05:18:32', 7, 18),
(37, NULL, NULL, '340 Jaren Islands 21570 Dustyport', 0, '2023-09-14 20:03:36', 7, 20),
(38, NULL, NULL, '888 Bella Neck 92867-0524 Klockoshire', 1, '2023-12-16 00:24:15', 7, 23),
(39, 616, 20, '93653 Harvey Station 87842 Emieshire', 1, '2023-07-01 14:56:02', 7, 38),
(40, NULL, NULL, '4419 Becker Neck 88506 South Christelle', 1, '2024-03-19 12:29:09', 7, 40),
(41, 699, 20, '8504 Delbert Cove 71689-4039 Brekkestad', 0, '2023-12-11 19:00:09', 7, 43),
(42, NULL, NULL, '916 Maegan Port 85902 Dwightside', 0, '2023-06-15 23:11:38', 8, 5),
(43, NULL, NULL, '384 Mabel Island 18401 Williamsonport', 0, '2024-04-15 17:18:10', 8, 11),
(44, NULL, NULL, '25505 Heathcote Pines 02993-7977 West New York', 1, '2023-09-30 17:47:43', 8, 46),
(45, 961, 17, '31889 Kaley Forge 70927-9914 Litteltown', 0, '2023-09-07 23:32:15', 9, 8),
(46, NULL, NULL, '1338 Flatley Via 64919 Mountain View', 0, '2024-02-15 03:52:16', 9, 34),
(47, 217, 15, '5778 Maudie Club 32897 Plano', 0, '2024-03-12 10:40:10', 10, 8),
(48, NULL, NULL, '793 Kassulke Neck 85086 Jeanneberg', 0, '2023-11-08 17:35:48', 10, 34),
(49, NULL, NULL, '7565 Larissa Walks 21876 Daphneefort', 1, '2024-02-15 05:13:24', 11, 28),
(50, NULL, NULL, '94730 Hessel Course 15393 Abdulbury', 0, '2023-10-23 18:01:21', 11, 42),
(51, NULL, NULL, '3852 Kuhic Wells 04986 Bel Air South', 1, '2023-07-12 09:20:44', 11, 47),
(52, NULL, NULL, '289 Terry Lane 11741-9094 North Marietta', 0, '2023-05-27 02:27:32', 12, 1),
(53, NULL, NULL, '75410 Hahn Springs 92609-9256 Greenville', 0, '2023-11-28 23:16:15', 12, 7),
(54, NULL, NULL, '314 Ciara Springs 75829-3512 Durganton', 0, '2023-11-15 11:25:45', 12, 12),
(55, NULL, NULL, '662 Hoppe Turnpike 54380-4861 East Amirmouth', 1, '2023-10-16 01:43:19', 12, 17),
(56, 488, 13, '7048 Mertz Mountains 90697-3663 Stillwater', 0, '2023-09-03 07:01:23', 12, 19),
(57, 718, 15, '194 Mertz Lodge 01884-8947 Port Sisterburgh', 1, '2023-08-19 16:43:54', 12, 21),
(58, 439, 20, '148 Collin Harbors 76313 Bayershire', 0, '2024-04-30 16:32:51', 12, 24),
(59, NULL, NULL, '41125 Frida Crest 37956-8276 East Hayley', 1, '2024-04-25 04:25:18', 12, 32),
(60, NULL, NULL, '484 Hackett Pine 52534-7868 Lake Vickie', 0, '2024-04-21 14:19:41', 12, 44),
(61, NULL, NULL, '0014 Maximillian Pike 90752-3458 Hankberg', 1, '2023-08-23 07:36:34', 12, 49),
(62, 762, 14, '822 Andres Fords 89335-1599 Miami Beach', 0, '2023-08-16 08:07:42', 13, 1),
(63, 367, 18, '60652 Waters Hill 74236 East Haskellside', 0, '2024-02-15 22:25:29', 13, 7),
(64, NULL, NULL, '2100 Nyah Plaza 73062 New Lauryn', 0, '2023-09-15 21:57:13', 13, 12),
(65, NULL, NULL, '980 Daugherty Station 78368-5219 Port Alba', 1, '2023-07-16 09:47:27', 13, 17),
(66, NULL, NULL, '95540 Berge Avenue 43988-8514 Port Fred', 0, '2023-07-22 12:15:28', 13, 19),
(67, NULL, NULL, '03315 Bergnaum Cliff 47176 Morgan Hill', 1, '2023-06-04 16:55:27', 13, 21),
(68, NULL, NULL, '29373 Loren Plains 64375-2566 Eileenshire', 0, '2023-10-26 18:27:55', 13, 24),
(69, NULL, NULL, '773 Vernice Ridges 93556 Port Keyshawnton', 1, '2024-03-29 15:53:55', 13, 32),
(70, 456, 10, '89290 Reilly Motorway 37875 Beckerfort', 0, '2024-04-23 08:59:27', 13, 44),
(71, 801, 20, '0941 Estevan Trail 06061-0271 Port Ally', 1, '2024-01-14 02:59:20', 13, 49),
(72, NULL, NULL, '68484 Quitzon Keys 49018-4484 Lake Tyreeborough', 1, '2023-06-10 17:26:28', 14, 9),
(73, 630, 12, '2427 Mann Estate 46839 Welchberg', 0, '2023-08-25 06:09:30', 14, 14),
(74, 538, 12, '387 Melissa Row 90757-7405 Howellville', 0, '2023-09-20 10:11:18', 14, 16),
(75, NULL, NULL, '835 Mabel Track 37494-8620 North Krystalchester', 1, '2023-08-17 21:41:01', 14, 41),
(76, NULL, NULL, '2701 Ziemann Island 55215-0187 Declanfurt', 1, '2023-09-12 04:07:50', 15, 6),
(77, NULL, NULL, '765 Gerlach Place 69046-5569 Lake Aniyabury', 0, '2024-05-14 23:41:54', 15, 10),
(78, NULL, NULL, '7548 Runolfsdottir Ports 16894 East Frankieview', 0, '2024-04-19 23:37:33', 16, 8),
(79, NULL, NULL, '64421 Abigale Points 67165 Vitaburgh', 0, '2024-01-10 10:56:30', 16, 34),
(80, NULL, NULL, '666 Feest Road 04550 Barrowstown', 0, '2023-09-10 07:54:24', 17, 3),
(81, 426, 14, '211 Lockman Union 88361-0831 Littleton', 0, '2023-12-14 22:42:09', 17, 4),
(82, 530, 11, '6383 Heidenreich Stravenue 23095-7504 South Brainhaven', 1, '2024-01-12 12:17:04', 17, 18),
(83, NULL, NULL, '87072 McClure Stravenue 13210-6954 Port Arlene', 0, '2024-05-22 21:47:24', 17, 20),
(84, NULL, NULL, '3060 Kuhic Mountain 49159 Hyattberg', 1, '2024-04-20 08:36:47', 17, 23),
(85, 689, 19, '5462 Gorczany Plain 19323-7202 Hellerchester', 1, '2024-05-03 00:51:32', 17, 38),
(86, NULL, NULL, '075 Devin Stream 09261 Kayleetown', 1, '2024-05-19 04:38:42', 17, 40),
(87, NULL, NULL, '6828 Maureen Fields 92747-7891 Schowalterchester', 0, '2023-12-04 14:28:07', 17, 43),
(88, NULL, NULL, '416 Noemi Glen 75441 Port Vaughnfort', 0, '2023-09-10 23:16:15', 18, 1),
(89, 654, 17, '89179 Stamm Tunnel 78034-4150 Florissant', 0, '2023-09-25 19:51:58', 18, 7),
(90, NULL, NULL, '083 Kadin Mews 61184-1030 Port Wyattfort', 0, '2024-04-28 11:56:42', 18, 12),
(91, NULL, NULL, '161 Johns Stream 82954-8583 Mountain View', 1, '2023-08-16 05:19:18', 18, 17),
(92, NULL, NULL, '354 Miracle Crest 19034-2294 North Bennettview', 0, '2023-07-19 10:56:38', 18, 19),
(93, NULL, NULL, '65539 Frami Wall 86349 Kuvalisborough', 1, '2023-09-14 00:57:13', 18, 21),
(94, NULL, NULL, '3265 Stacy Station 71381-4154 North Araceli', 0, '2024-04-01 16:03:00', 18, 24),
(95, NULL, NULL, '42656 Goyette Alley 09228 Lake Tyrese', 1, '2023-08-09 11:39:43', 18, 32),
(96, NULL, NULL, '550 Percy Alley 29780-0220 Clearwater', 0, '2024-05-06 03:24:58', 18, 44),
(97, NULL, NULL, '86219 Zulauf Mall 33585-3869 Harveymouth', 1, '2024-03-17 14:24:15', 18, 49),
(98, NULL, NULL, '738 McCullough Trail 58872-1263 Schneiderland', 0, '2023-11-19 20:06:56', 19, 3),
(99, NULL, NULL, '80572 Kling Point 16778-9212 Placentia', 0, '2023-08-21 05:01:57', 19, 4),
(100, NULL, NULL, '89216 Harris Lodge 21682 South Nickolasborough', 1, '2023-07-17 02:08:17', 19, 18),
(101, 391, 16, '5956 Granville Union 65069 South Aidanville', 0, '2023-09-17 10:05:52', 19, 20),
(102, NULL, NULL, '599 Rippin Square 51331-3277 Catherinefurt', 1, '2023-06-02 19:44:16', 19, 23),
(103, NULL, NULL, '882 Lee Path 90245-3092 New Loufort', 1, '2023-11-15 19:18:48', 19, 38),
(104, NULL, NULL, '4205 Gusikowski Lakes 40222-4261 New Rahsaan', 1, '2023-11-19 13:02:53', 19, 40),
(105, 352, 16, '54476 Lebsack Mountains 50296 Frederick', 0, '2023-12-08 01:43:28', 19, 43),
(106, NULL, NULL, '5888 Gust Isle 08691 Ottoberg', 1, '2023-09-12 02:06:51', 20, 9),
(107, NULL, NULL, '6687 Ritchie Ways 07239 Ceres', 0, '2024-01-03 08:15:39', 20, 14),
(108, NULL, NULL, '662 Langworth Locks 14044-5806 Schoenmouth', 0, '2024-05-01 16:11:33', 20, 16),
(109, 571, 20, '283 Gerhold Islands 20035 South Brennan', 1, '2023-07-03 10:41:52', 20, 41),
(110, NULL, NULL, '124 Jena Gateway 56296 Haroldmouth', 0, '2023-12-01 11:48:10', 21, 1),
(111, NULL, NULL, '39794 Gay Alley 32994-0937 Nicolaschester', 0, '2023-10-23 22:18:40', 21, 7),
(112, NULL, NULL, '887 Grant Ford 92794 Port Arnaldo', 0, '2023-08-29 13:23:30', 21, 12),
(113, NULL, NULL, '355 Kelley Common 25758-9924 Juliechester', 1, '2024-05-08 15:57:24', 21, 17),
(114, NULL, NULL, '60412 Runte Turnpike 67930-4981 East Winonaville', 0, '2023-11-14 02:48:26', 21, 19),
(115, NULL, NULL, '444 Johnny Plaza 63554-8034 West Alba', 1, '2023-12-18 05:38:29', 21, 21),
(116, NULL, NULL, '479 Dorothy Ville 16962 New Jermainland', 0, '2023-06-22 09:20:14', 21, 24),
(117, NULL, NULL, '41480 Hermiston Fork 36692-4460 Los Angeles', 1, '2023-05-27 01:57:37', 21, 32),
(118, NULL, NULL, '2334 Hettinger Avenue 79803 New Aliza', 0, '2024-03-30 01:31:51', 21, 44),
(119, NULL, NULL, '6524 Ziemann Stream 46787 New Chanelleside', 1, '2024-02-29 11:01:00', 21, 49),
(120, NULL, NULL, '553 Soledad Square 62768-5524 East Kadin', 0, '2023-07-29 04:45:59', 22, 1),
(121, NULL, NULL, '4326 Rolfson Extensions 30944 West Reese', 0, '2024-02-25 02:06:05', 22, 7),
(122, NULL, NULL, '92206 Bernhard Throughway 96650 North Kevenbury', 0, '2023-09-15 10:24:01', 22, 12),
(123, NULL, NULL, '8661 Mable Burg 79663-7844 South Jordan', 1, '2024-05-12 20:52:09', 22, 17),
(124, 229, 11, '0706 Torp Ridges 58796-2241 Longmont', 0, '2023-08-21 08:37:33', 22, 19),
(125, 408, 16, '73350 Clair Viaduct 61916 South Calefort', 1, '2023-07-17 06:57:48', 22, 21),
(126, 933, 12, '781 Greenfelder Grove 46074 Hackensack', 0, '2023-11-20 09:00:18', 22, 24),
(127, NULL, NULL, '550 Moises Mill 69559-2229 East Akeem', 1, '2023-06-25 06:25:34', 22, 32),
(128, NULL, NULL, '355 Streich Lodge 20627-2354 Georgiannafort', 0, '2024-02-12 06:16:36', 22, 44),
(129, NULL, NULL, '678 Jones Flats 05168-3306 Gaylordmouth', 1, '2023-09-21 04:09:26', 22, 49),
(130, NULL, NULL, '76121 Sawayn Drive 55974 Kamrynhaven', 1, '2024-03-07 18:00:20', 23, 35),
(131, NULL, NULL, '6369 Randall Cliffs 81733-3279 Guadalupeside', 1, '2024-02-02 04:03:00', 23, 36),
(132, NULL, NULL, '4335 Jameson Lodge 10435 Barnstable Town', 0, '2024-03-14 06:32:35', 24, 3),
(133, NULL, NULL, '00486 Okuneva Alley 93311 Wellington', 0, '2023-08-15 13:00:28', 24, 4),
(134, NULL, NULL, '956 O\'Connell Ranch 72267-2000 South Treverport', 1, '2023-10-19 19:09:38', 24, 18),
(135, NULL, NULL, '426 Weber Island 57295-5236 East Sarai', 0, '2023-10-09 18:36:22', 24, 20),
(136, NULL, NULL, '15371 Thaddeus Isle 72078 Port Donatobury', 1, '2023-07-10 12:20:25', 24, 23),
(137, NULL, NULL, '419 Mitchell Isle 96795-2373 New Teresa', 1, '2024-02-20 00:48:19', 24, 38),
(138, NULL, NULL, '163 Francesca Shores 23929-2070 Kingview', 1, '2024-02-14 17:41:17', 24, 40),
(139, NULL, NULL, '47773 Hayes Crossing 92274-8824 Lolaberg', 0, '2023-06-05 13:30:05', 24, 43),
(140, NULL, NULL, '91834 Mraz Manor 53723 Rapid City', 0, '2023-08-30 19:20:40', 25, 3),
(141, NULL, NULL, '654 Kellie Valley 45656 Jenniferstad', 0, '2023-10-28 02:28:59', 25, 4),
(142, NULL, NULL, '213 River Inlet 50709 Brekkechester', 1, '2023-06-19 05:54:17', 25, 18),
(143, NULL, NULL, '81035 Schinner Cove 93805-9802 Taraborough', 0, '2024-02-07 06:26:24', 25, 20),
(144, NULL, NULL, '04246 Grady Locks 00589 Carmichael', 1, '2023-08-21 10:02:04', 25, 23),
(145, NULL, NULL, '785 Krajcik Drive 86252-8249 New Thelma', 1, '2024-01-04 21:11:30', 25, 38),
(146, NULL, NULL, '102 Elta Springs 90765 Taunton', 1, '2023-11-30 03:21:35', 25, 40),
(147, NULL, NULL, '5974 Kulas Club 94533 East Dexter', 0, '2023-10-21 06:44:36', 25, 43),
(148, 320, 20, '593 Prohaska Square 18175-5277 East Tyreemouth', 0, '2023-09-12 21:00:00', 26, 3),
(149, 363, 10, '934 Maybell Pass 77424 West Consueloville', 0, '2024-01-30 00:49:09', 26, 4),
(150, NULL, NULL, '930 Teagan Light 58952-7512 Lake Oswaldland', 1, '2024-01-14 09:47:39', 26, 18),
(151, 317, 18, '2443 Heller Center 52161-0587 Devanteton', 0, '2023-11-26 22:24:38', 26, 20),
(152, NULL, NULL, '6396 Javon Lodge 02517-4466 Rogelioberg', 1, '2023-06-09 12:44:45', 26, 23),
(153, NULL, NULL, '658 Toni Roads 93597 South Bret', 1, '2023-12-15 02:10:04', 26, 38),
(154, NULL, NULL, '838 Kim Street 81086-9839 Hermannshire', 1, '2023-11-03 18:31:25', 26, 40),
(155, 784, 16, '6192 Felicity Centers 83657-2172 Lakinbury', 0, '2023-10-04 18:47:29', 26, 43),
(156, NULL, NULL, '237 Roselyn Lodge 22944-5177 Worcester', 0, '2024-05-12 21:43:53', 27, 13),
(157, 959, 18, '70671 Jettie Hollow 98107 New Manuelmouth', 0, '2024-03-10 09:53:42', 27, 15),
(158, NULL, NULL, '9709 Bogan Garden 39580 DuBuqueport', 1, '2023-12-07 15:19:46', 27, 29),
(159, NULL, NULL, '0527 Charlotte Land 61186-3909 Rutherfordville', 0, '2023-10-29 14:03:28', 28, 8),
(160, NULL, NULL, '7856 Braden Lane 48325 Charlottesville', 0, '2023-10-16 20:37:04', 28, 34),
(161, NULL, NULL, '4685 Ratke Keys 02113 Altamonte Springs', 0, '2023-11-18 23:03:24', 29, 30),
(162, 540, 21, '73647 Mosciski Fort 28293-2264 Batzside', 1, '2024-04-10 07:40:44', 30, 9),
(163, NULL, NULL, '333 Steuber Manors 44509-0422 East Rayside', 0, '2024-03-14 04:51:23', 30, 14),
(164, 264, 11, '61274 Torp Camp 15303 Dillonhaven', 0, '2023-07-08 16:53:58', 30, 16),
(165, 806, 14, '02474 Smith Mountain 08488-3773 West Fayeview', 1, '2023-10-05 17:54:00', 30, 41),
(166, 313, 21, '54140 Altenwerth Burgs 01551-8808 Bartlett', 0, '2023-12-18 19:35:18', 31, 1),
(167, NULL, NULL, '3471 Delores Dale 05005-8251 Scottieton', 0, '2023-09-24 05:02:17', 31, 7),
(168, NULL, NULL, '12067 Keshawn Plain 33161 Port Lulumouth', 0, '2023-11-08 23:10:18', 31, 12),
(169, 727, 15, '580 Hagenes Dale 14851 New Leopoldmouth', 1, '2023-07-15 01:28:17', 31, 17),
(170, NULL, NULL, '495 Zoila Stravenue 34958 West Des Moines', 0, '2024-05-14 23:54:50', 31, 19),
(171, NULL, NULL, '680 Deondre Land 47507 Norman', 1, '2024-03-13 19:51:04', 31, 21),
(172, NULL, NULL, '820 Liam Pines 44374-8866 Emilianoton', 0, '2023-07-30 16:20:04', 31, 24),
(173, 710, 11, '45428 Geovanny Village 90959-3619 North Reggie', 1, '2023-07-17 05:03:11', 31, 32),
(174, 615, 11, '32040 Satterfield Track 24314-5229 East Trace', 0, '2024-01-06 08:11:02', 31, 44),
(175, 991, 16, '1241 McGlynn Stravenue 84088-2565 Maxinebury', 1, '2024-01-02 15:01:37', 31, 49),
(176, NULL, NULL, '59449 Milo Mount 78778-8552 Dale City', 1, '2023-09-18 11:04:15', 32, 9),
(177, NULL, NULL, '84557 Silas Rapid 14555-9681 Moorechester', 0, '2024-02-07 16:45:25', 32, 14),
(178, 289, 21, '567 Monahan Mill 78500 North Shaneview', 0, '2023-07-23 22:31:52', 32, 16),
(179, NULL, NULL, '89415 Romaguera Orchard 63075 Norwalk', 1, '2023-10-29 08:20:37', 32, 41),
(180, NULL, NULL, '76220 Theo Cape 98927 Evansville', 0, '2024-03-29 12:58:50', 33, 3),
(181, NULL, NULL, '6471 Koelpin Park 27215 Tiafort', 0, '2023-07-31 03:15:53', 33, 4),
(182, 799, 16, '1708 McGlynn Flats 03509-0637 Jurupa Valley', 1, '2023-06-01 05:44:17', 33, 18),
(183, NULL, NULL, '6414 Dickens Squares 63376 North Amya', 0, '2023-07-27 13:53:26', 33, 20),
(184, NULL, NULL, '928 Kuhic Inlet 54023-4237 Birdiechester', 1, '2024-03-09 14:26:58', 33, 23),
(185, NULL, NULL, '202 Abe Grove 33010 West Rasheed', 1, '2023-08-04 06:31:04', 33, 38),
(186, NULL, NULL, '08416 Mariela Junction 80463-5700 Parkerhaven', 1, '2023-08-20 01:10:10', 33, 40),
(187, 575, 13, '30693 Lincoln Pike 28991-4951 Steubershire', 0, '2024-03-29 22:48:53', 33, 43),
(188, 573, 14, '2950 Corkery Drive 84428 Carson', 0, '2023-07-10 15:54:23', 35, 3),
(189, NULL, NULL, '51066 Feeney Islands 13236-6321 East Nils', 0, '2023-12-06 11:46:01', 35, 4),
(190, NULL, NULL, '16496 Kuhic Well 22221 Emeliemouth', 1, '2023-08-08 10:58:10', 35, 18),
(191, NULL, NULL, '0632 McCullough Terrace 39249 Lake Rasheedmouth', 0, '2024-02-03 12:23:57', 35, 20),
(192, NULL, NULL, '0364 Barton Heights 49366 North Tessiechester', 1, '2023-06-30 11:26:39', 35, 23),
(193, NULL, NULL, '42922 Halvorson Highway 94540-1994 Odahaven', 1, '2023-10-23 19:03:37', 35, 38),
(194, NULL, NULL, '438 Bo Fields 18872 North Henry', 1, '2023-06-04 06:07:18', 35, 40),
(195, NULL, NULL, '248 Javier Viaduct 87414-7641 New Lyla', 0, '2023-08-02 06:37:32', 35, 43),
(196, 553, 14, '6988 Lemke Square 22972-1421 Rhodaville', 1, '2023-06-20 04:29:19', 36, 9),
(197, NULL, NULL, '8293 Halvorson Fort 63852-5475 Downey', 0, '2023-07-26 00:09:27', 36, 14),
(198, NULL, NULL, '71270 Gorczany Throughway 77596 Lake Forest', 0, '2023-11-03 17:48:02', 36, 16),
(199, NULL, NULL, '01757 Helena Pike 16432 Gary', 1, '2024-03-13 22:54:55', 36, 41),
(200, NULL, NULL, '30109 Kutch Path 61963-3946 South Davinton', 0, '2023-07-13 23:42:59', 37, 1),
(201, NULL, NULL, '695 Jerrod Pines 15722 Jacobsmouth', 0, '2023-11-10 06:54:38', 37, 7),
(202, NULL, NULL, '855 Addison Place 64137 Coeur d\'Alene', 0, '2023-12-08 00:48:58', 37, 12),
(203, 863, 22, '30438 MacGyver Extension 00621-8783 West Nobletown', 1, '2023-09-01 11:31:53', 37, 17),
(204, 586, 13, '4850 Willie Spur 25044-5209 Emersonton', 0, '2023-06-11 22:46:39', 37, 19),
(205, NULL, NULL, '629 Volkman Mission 48821-9626 Joshstad', 1, '2023-11-02 21:58:53', 37, 21),
(206, NULL, NULL, '16335 Brenden Locks 57298 Baltimore', 0, '2023-05-25 02:37:27', 37, 24),
(207, NULL, NULL, '22742 Gerlach Glens 20571-9111 East Yasmine', 1, '2023-12-30 19:19:36', 37, 32),
(208, NULL, NULL, '003 Alvah Inlet 79728 Jettchester', 0, '2023-06-05 01:19:07', 37, 44),
(209, 260, 18, '76444 Hackett Trafficway 07935 Gerholdhaven', 1, '2024-05-04 08:28:58', 37, 49),
(210, 573, 13, '70144 Kris Junctions 03924 Lake Roberto', 0, '2023-10-27 15:16:02', 38, 8),
(211, 667, 19, '371 Fae Branch 81055-0637 West Cordieview', 0, '2023-08-16 22:28:37', 38, 34),
(212, NULL, NULL, '4952 Lolita Motorway 54251 South Alexys', 1, '2024-01-02 05:40:33', 39, 9),
(213, 834, 19, '142 Kutch Fork 74392-8012 West Seneca', 0, '2024-03-20 05:46:30', 39, 14),
(214, NULL, NULL, '83974 Schroeder Union 36433 Lake Imeldaville', 0, '2023-07-14 00:03:54', 39, 16),
(215, NULL, NULL, '7058 Leopoldo Courts 31402 New Nikolas', 1, '2023-08-12 05:25:19', 39, 41),
(216, NULL, NULL, '35969 Rohan Island 20037-1106 Davie', 0, '2023-10-27 03:16:51', 40, 8),
(217, 274, 17, '36304 Annabell Oval 90035-4707 New Malikastad', 0, '2023-06-06 09:38:07', 40, 34),
(218, NULL, NULL, '8961 Aryanna Ridges 52330 Lake Cassandra', 0, '2023-07-18 17:21:06', 43, 1),
(219, 710, 20, '858 Javier Spur 83721-5873 North Seth', 0, '2023-08-11 08:31:14', 43, 7),
(220, 242, 17, '167 Lysanne Mall 42625 Hectormouth', 0, '2023-07-24 09:10:00', 43, 12),
(221, NULL, NULL, '6496 Tyree Island 01933-3450 Reynoldstown', 1, '2023-12-20 17:27:53', 43, 17),
(222, 704, 16, '68063 Moore Ramp 49696-7457 South Odie', 0, '2024-02-07 11:42:52', 43, 19),
(223, NULL, NULL, '502 Elwin Burgs 03826 Petaluma', 1, '2024-04-14 04:15:12', 43, 21),
(224, 444, 16, '5933 Justina Islands 15415 Hermanland', 0, '2023-08-09 15:11:48', 43, 24),
(225, NULL, NULL, '807 Janelle Street 01411 Wilson', 1, '2024-02-13 14:48:56', 43, 32),
(226, NULL, NULL, '02188 Hintz Tunnel 66081-7531 Cupertino', 0, '2023-07-28 06:09:51', 43, 44),
(227, NULL, NULL, '597 Denesik Union 46993 North Kellie', 1, '2023-08-07 11:12:02', 43, 49),
(228, NULL, NULL, '023 Bergnaum Gateway 63509-6877 Lake Lyla', 0, '2023-07-04 20:47:58', 44, 3),
(229, NULL, NULL, '5465 Jacobs Fork 68889 Metzmouth', 0, '2023-06-08 14:12:10', 44, 4),
(230, 546, 12, '057 Ignatius Passage 52495-6306 Port Casimir', 1, '2024-03-07 18:39:31', 44, 18),
(231, NULL, NULL, '566 Strosin Shoal 79704-9274 Connieland', 0, '2023-11-08 21:59:41', 44, 20),
(232, NULL, NULL, '0006 Toni Key 47280 East Dayna', 1, '2024-05-04 14:29:01', 44, 23),
(233, NULL, NULL, '490 Nicole Mountains 40769 Beckerborough', 1, '2023-08-07 11:46:16', 44, 38),
(234, NULL, NULL, '2298 Alana View 17941 Goodwinville', 1, '2024-05-20 18:10:10', 44, 40),
(235, NULL, NULL, '393 Taryn Plaza 01313-2967 West Kamillemouth', 0, '2024-01-21 06:23:37', 44, 43),
(236, NULL, NULL, '98737 Hermann Alley 37850 Graceburgh', 1, '2024-02-28 21:18:17', 46, 6),
(237, NULL, NULL, '65263 Wiza Tunnel 04654 Lakinberg', 0, '2023-07-15 11:49:33', 46, 10),
(238, NULL, NULL, '854 Huels Loop 25812-1740 Framiton', 0, '2023-11-23 23:30:27', 47, 1),
(239, 384, 20, '9242 Eldred Cliff 87885-9938 Hellerton', 0, '2023-11-14 10:51:14', 47, 7),
(240, NULL, NULL, '7367 Hoppe Lakes 47800 East Nicola', 0, '2023-07-16 10:52:36', 47, 12),
(241, NULL, NULL, '1813 Horacio Fork 63579-4891 Kunzehaven', 1, '2023-07-19 07:26:21', 47, 17),
(242, 795, 10, '62786 Moen Place 17104 Anikahaven', 0, '2023-11-16 22:49:59', 47, 19),
(243, NULL, NULL, '98586 Robert Loaf 23255 Utica', 1, '2024-03-24 17:05:29', 47, 21),
(244, NULL, NULL, '78304 Medhurst Tunnel 39902-9223 East Kevinstad', 0, '2023-12-25 16:15:46', 47, 24),
(245, 827, 18, '6415 Grady Creek 21919-1051 Auburn', 1, '2024-01-06 06:08:31', 47, 32),
(246, NULL, NULL, '69514 Kuhn Springs 86029 Salinas', 0, '2023-10-09 23:38:47', 47, 44),
(247, NULL, NULL, '3518 Diego Springs 57094-0915 Jonesfort', 1, '2023-12-28 21:12:29', 47, 49),
(248, NULL, NULL, '73713 Aurelio Lights 07588 Berkeley', 0, '2023-06-22 11:29:35', 48, 3),
(249, NULL, NULL, '48283 Marjory Meadows 56052-2379 Emilianoberg', 0, '2024-04-17 00:24:14', 48, 4),
(250, NULL, NULL, '22022 Huel Overpass 25497 Port Iva', 1, '2023-06-18 19:50:18', 48, 18),
(251, NULL, NULL, '148 Runolfsdottir Orchard 18537 Southfield', 0, '2023-09-15 06:46:18', 48, 20),
(252, NULL, NULL, '63944 Friedrich Ports 12278-5633 Jameybury', 1, '2023-10-16 11:13:23', 48, 23),
(253, NULL, NULL, '281 Edgardo Rue 39898-0857 Santa Clara', 1, '2024-05-22 21:17:07', 48, 38),
(254, NULL, NULL, '461 Johnston Mount 03863-3662 Nyasiashire', 1, '2023-10-10 11:06:11', 48, 40),
(255, NULL, NULL, '52406 Jerel Key 16877-6413 West Allison', 0, '2023-12-12 03:28:28', 48, 43),
(256, NULL, NULL, '9343 O\'Conner Fords 93716-4474 Kuhlmanberg', 0, '2024-04-20 10:53:20', 49, 48),
(257, 537, 17, '1092 Dooley Islands 47690-9180 Apex', 1, '2024-05-18 09:55:04', 50, 37),
(258, NULL, NULL, '82028 Percival Trail 04166 Port Jarredshire', 1, '2023-08-11 17:12:09', 51, 6),
(259, NULL, NULL, '322 Theresa Mission 85443 Raquelfurt', 0, '2023-09-25 09:13:26', 51, 10),
(260, NULL, NULL, '53324 Wiegand Village 12077 Randallmouth', 0, '2024-01-12 04:53:26', 53, 1),
(261, NULL, NULL, '702 Grant Corner 30986-7601 Kingburgh', 0, '2023-10-12 12:28:45', 53, 7),
(262, NULL, NULL, '0022 Ethel Trace 52365 Reynaville', 0, '2023-11-05 06:44:19', 53, 12),
(263, 340, 13, '9011 Furman View 68240 Euless', 1, '2024-01-27 13:28:05', 53, 17),
(264, 252, 13, '5886 Eleazar Tunnel 82741 Port Loraine', 0, '2023-07-13 22:58:32', 53, 19),
(265, NULL, NULL, '2429 Rosenbaum Flats 51365 Norwalk', 1, '2024-02-29 06:42:38', 53, 21),
(266, 393, 14, '527 Bernhard Camp 85350-6679 Schaumburg', 0, '2024-04-01 10:57:07', 53, 24),
(267, 886, 15, '86415 Lowe Neck 37814 Lake Kiaramouth', 1, '2023-08-16 13:58:41', 53, 32),
(268, NULL, NULL, '199 Camden Burgs 17106 Ariannahaven', 0, '2023-10-16 18:53:51', 53, 44),
(269, 917, 17, '47691 Berenice Shore 81234 Gleasonburgh', 1, '2024-01-26 00:31:41', 53, 49),
(270, NULL, NULL, '23202 Conn Light 64012-8526 Port Isaacton', 0, '2023-09-27 16:06:26', 54, 1),
(271, NULL, NULL, '3954 Kertzmann Unions 56027 Llewellynfurt', 0, '2023-09-02 23:13:22', 54, 7),
(272, NULL, NULL, '33930 Viola Village 48452-0685 Macejkovicmouth', 0, '2024-03-14 00:29:28', 54, 12),
(273, NULL, NULL, '85470 Cristian Junction 95006-9310 South Carlie', 1, '2024-01-14 03:57:54', 54, 17),
(274, NULL, NULL, '06297 Goldner Stream 71352-4378 North Sophiemouth', 0, '2023-12-28 02:50:26', 54, 19),
(275, NULL, NULL, '4523 Cloyd Common 99044-7878 Port Marlenburgh', 1, '2024-01-28 11:23:13', 54, 21),
(276, NULL, NULL, '82020 Huel Fields 04863 Port Elyssaburgh', 0, '2024-03-09 16:18:34', 54, 24),
(277, 914, 20, '4964 Brenna Fort 08208-4102 Eden Prairie', 1, '2024-05-09 06:42:36', 54, 32),
(278, NULL, NULL, '3072 Eugene Grove 87801 West Emeliastad', 0, '2023-09-23 05:23:56', 54, 44),
(279, NULL, NULL, '899 Cummings Valleys 67924-7073 The Hammocks', 1, '2024-02-04 07:04:48', 54, 49),
(280, NULL, NULL, '8613 Gianni Junction 68288 Marcoburgh', 1, '2024-05-13 00:48:30', 55, 35),
(281, NULL, NULL, '5137 Alphonso Lodge 89043 Pasadena', 1, '2023-12-12 14:51:52', 55, 36),
(282, NULL, NULL, '89623 Nestor Rapid 28114-1202 New Mathiasland', 0, '2023-08-05 00:15:47', 56, 48),
(283, NULL, NULL, '372 Santa Station 76595-6977 North Moniquechester', 0, '2024-05-05 03:11:09', 57, 30),
(284, NULL, NULL, '36378 Watsica Springs 59423 Charleston', 1, '2024-05-23 03:23:28', 58, 35),
(285, NULL, NULL, '7901 Brandyn Creek 89664 South Joana', 1, '2024-03-08 14:42:02', 58, 36),
(286, NULL, NULL, '33285 Gusikowski Ville 07248 Santa Ana', 0, '2023-08-05 19:54:12', 59, 8),
(287, NULL, NULL, '4749 Swift Inlet 89832-2815 Kerlukeport', 0, '2023-07-13 17:06:39', 59, 34),
(288, 570, 18, '3883 Isom Ridges 61194 Trantowland', 1, '2024-05-14 02:47:20', 60, 9),
(289, NULL, NULL, '9686 Cummings Knoll 17127-9182 Port Alessandroport', 0, '2024-02-05 05:21:20', 60, 14),
(290, NULL, NULL, '2398 Melody Lakes 91025-8551 Pine Hills', 0, '2023-06-09 17:10:46', 60, 16),
(291, 212, 15, '329 Goodwin Fields 19040 Omerchester', 1, '2024-04-18 14:32:51', 60, 41),
(292, NULL, NULL, '656 Kacey Springs 70747-5673 Port Deltaberg', 0, '2024-03-26 08:55:31', 61, 1),
(293, NULL, NULL, '16211 Hilpert Valleys 47898-4238 North Emilioport', 0, '2023-09-21 06:09:21', 61, 7),
(294, NULL, NULL, '4367 Kovacek Crescent 15767 Temecula', 0, '2023-10-04 23:06:50', 61, 12),
(295, NULL, NULL, '438 Dicki Point 11532 Reichertstad', 1, '2024-04-14 11:46:58', 61, 17),
(296, NULL, NULL, '708 Waters Bypass 41344 Lucasville', 0, '2023-11-12 09:00:07', 61, 19),
(297, NULL, NULL, '13062 Hudson Island 43388-7161 Port Jamir', 1, '2024-05-01 12:15:36', 61, 21),
(298, NULL, NULL, '516 Bahringer Unions 27592 Daytonbury', 0, '2024-04-04 14:02:17', 61, 24),
(299, 566, 17, '68318 Strosin Mission 87177 West Karolann', 1, '2023-05-27 16:46:16', 61, 32),
(300, NULL, NULL, '87096 Akeem Isle 31876 North Theron', 0, '2024-04-22 05:38:02', 61, 44),
(301, 201, 14, '3070 Ned Mountains 92777-1159 Turlock', 1, '2023-10-31 20:19:36', 61, 49),
(302, NULL, NULL, '78487 Margie Plaza 91114-8388 New Amiya', 0, '2024-05-07 09:02:12', 63, 1),
(303, NULL, NULL, '552 Jarrett Summit 83677 Lake Ellie', 0, '2023-12-17 21:38:15', 63, 7),
(304, NULL, NULL, '0790 Willms Ridges 03592-9317 West Earl', 0, '2024-02-24 05:32:34', 63, 12),
(305, NULL, NULL, '4042 Tre Vista 81751-2775 East Cornell', 1, '2024-02-01 06:17:24', 63, 17),
(306, 844, 21, '7500 Skiles Isle 24279 Rooseveltfurt', 0, '2023-08-31 10:00:14', 63, 19),
(307, NULL, NULL, '973 Heber Shoal 43455 Lake Kaia', 1, '2024-03-22 17:43:19', 63, 21),
(308, NULL, NULL, '25259 Johnathan Point 77742 Theresabury', 0, '2023-11-27 09:01:07', 63, 24),
(309, NULL, NULL, '716 Wilkinson Route 76049-5890 Balistreriburgh', 1, '2023-10-19 06:51:10', 63, 32),
(310, NULL, NULL, '102 Wiza Mills 84639 Lynnport', 0, '2023-07-28 00:43:22', 63, 44),
(311, NULL, NULL, '1481 Bergstrom Dam 06586 Enid', 1, '2024-01-05 16:21:02', 63, 49),
(312, 266, 18, '2752 Silas Mount 58502-9794 Lake Fern', 0, '2023-12-19 08:02:40', 64, 1),
(313, 897, 20, '2401 Boehm Station 58281-3085 Port Heathport', 0, '2024-05-15 15:30:47', 64, 7),
(314, NULL, NULL, '860 Amya Street 94960 Port Alexa', 0, '2024-03-28 10:11:53', 64, 12),
(315, NULL, NULL, '19358 Barton Haven 46807 New Antonioside', 1, '2024-02-05 10:29:42', 64, 17),
(316, NULL, NULL, '51089 Williamson River 98115-8646 Muellerchester', 0, '2023-12-17 08:26:35', 64, 19),
(317, NULL, NULL, '58119 Ernesto Tunnel 91951 Port Adaline', 1, '2023-09-10 22:48:26', 64, 21),
(318, 656, 22, '61443 Kiera Run 78636 Cartwrightburgh', 0, '2023-09-05 05:04:11', 64, 24),
(319, NULL, NULL, '5087 Donnelly Row 24190-5505 West Grover', 1, '2024-04-14 16:17:32', 64, 32),
(320, NULL, NULL, '8941 Frami Plains 61783 Abbigailhaven', 0, '2023-11-11 09:31:07', 64, 44),
(321, NULL, NULL, '4581 Larkin Ferry 43179 Ernserborough', 1, '2024-03-05 00:00:44', 64, 49),
(322, NULL, NULL, '90229 Bruen Islands 92328 Heaneyberg', 0, '2023-10-07 04:51:22', 65, 1),
(323, NULL, NULL, '01450 Sebastian Cove 03041 Harveymouth', 0, '2023-08-23 05:10:35', 65, 7),
(324, NULL, NULL, '7857 Gudrun Parkways 43439-1491 Hilllside', 0, '2024-01-08 12:50:02', 65, 12),
(325, NULL, NULL, '983 Jarod Meadows 49170 Aminaside', 1, '2023-09-23 17:10:34', 65, 17),
(326, NULL, NULL, '4153 Arielle Shore 65445-7651 Charleston', 0, '2024-03-08 15:06:43', 65, 19),
(327, NULL, NULL, '4784 Camilla Station 12057 Pittsburgh', 1, '2024-04-05 07:50:02', 65, 21),
(328, 690, 12, '8206 Langosh Manor 80981-5803 North Lowellstad', 0, '2023-12-03 06:35:49', 65, 24),
(329, 931, 18, '06862 Hauck Fort 35979 South Madilyn', 1, '2024-04-26 07:08:03', 65, 32),
(330, NULL, NULL, '2006 Mertz Ramp 39675 Framishire', 0, '2023-06-27 15:49:11', 65, 44),
(331, NULL, NULL, '6968 Gutmann Ridge 33423 Beaumont', 1, '2024-01-20 03:46:59', 65, 49),
(332, NULL, NULL, '093 Trantow Stream 73465-4693 West Lavernaberg', 0, '2023-08-21 00:23:23', 67, 13),
(333, 664, 15, '722 Garth Creek 81617-3552 West Jacinthe', 0, '2023-10-15 10:11:51', 67, 15),
(334, NULL, NULL, '14071 Ora Glen 83395 Port Titus', 1, '2024-03-03 23:26:41', 67, 29),
(335, NULL, NULL, '260 Jaydon Freeway 40648 North Hayleehaven', 1, '2023-06-11 06:11:26', 68, 28),
(336, NULL, NULL, '38593 Dave Falls 15157-5186 Ullrichstad', 0, '2023-11-13 09:53:23', 68, 42),
(337, 657, 12, '9815 Gulgowski Dam 32723 Kesslershire', 1, '2024-04-11 18:19:06', 68, 47),
(338, NULL, NULL, '429 Wiegand Roads 28828 East Aurore', 0, '2023-12-01 17:06:03', 69, 48),
(339, NULL, NULL, '29116 Collier Mountain 12857 Toyfort', 0, '2023-12-26 16:56:19', 70, 13),
(340, NULL, NULL, '282 Graham Mall 55149-1882 Delphiaton', 0, '2024-02-08 22:36:27', 70, 15),
(341, NULL, NULL, '4771 Wisozk Hill 31161 West Caterina', 1, '2024-01-12 06:46:04', 70, 29),
(342, NULL, NULL, '6867 Moen Station 12476 Chazshire', 0, '2024-03-09 06:51:57', 71, 8),
(343, 746, 10, '72622 Molly Spur 34202 Port Damionhaven', 0, '2024-02-11 07:36:45', 71, 34),
(344, NULL, NULL, '06953 Isabelle Extension 94624-7402 Kubbury', 0, '2023-11-15 04:52:26', 72, 30),
(345, NULL, NULL, '55263 Hanna Fork 77517 St. Clair Shores', 0, '2023-06-18 16:37:53', 73, 13),
(346, NULL, NULL, '2820 Bergnaum Street 97388-7205 Alameda', 0, '2023-12-01 01:28:36', 73, 15),
(347, NULL, NULL, '343 Hauck Trail 35013-8261 North Eusebioside', 1, '2024-03-16 18:31:40', 73, 29),
(348, NULL, NULL, '060 McClure Course 26676 North Melvin', 1, '2023-10-01 00:03:51', 74, 9),
(349, NULL, NULL, '68099 Gottlieb Estate 55984-6576 Eugeneville', 0, '2023-07-07 00:44:58', 74, 14),
(350, 780, 21, '2474 Ashly Gateway 51620-2388 Eladiostad', 0, '2024-03-14 01:14:08', 74, 16),
(351, NULL, NULL, '76473 Grimes Glens 40000 South Houston', 1, '2023-08-04 16:04:46', 74, 41),
(352, 788, 16, '68005 Bashirian Fort 08151 Kochview', 0, '2023-10-09 09:17:47', 75, 1),
(353, NULL, NULL, '952 Dickinson Manor 01509-2715 Pine Hills', 0, '2023-09-16 07:28:13', 75, 7),
(354, NULL, NULL, '85226 Hessel Square 82937 Jeanneland', 0, '2023-12-09 21:13:29', 75, 12),
(355, NULL, NULL, '4063 Gilberto Creek 23681-0136 Lilyshire', 1, '2023-09-02 02:19:56', 75, 17),
(356, NULL, NULL, '32951 Gracie Locks 65277 Port Reilly', 0, '2024-02-16 10:51:05', 75, 19),
(357, NULL, NULL, '6241 Johnson Villages 42219 Gerryport', 1, '2023-09-29 03:12:00', 75, 21),
(358, NULL, NULL, '615 Kessler Park 99018 Bashirianview', 0, '2023-06-24 11:10:17', 75, 24),
(359, NULL, NULL, '433 Goyette Springs 02327 New Letha', 1, '2023-10-07 22:29:17', 75, 32),
(360, NULL, NULL, '10259 Enrico Orchard 04619-5697 Lake Gardner', 0, '2023-07-16 22:14:15', 75, 44),
(361, 335, 16, '36100 Robel Motorway 76606-9817 Lake Cordell', 1, '2024-05-04 17:34:56', 75, 49),
(362, NULL, NULL, '26039 Demarco Flats 53362 East Justice', 1, '2023-12-10 14:47:45', 76, 6),
(363, NULL, NULL, '520 Cortez Common 44518-5064 Medhurstview', 0, '2023-08-07 22:51:52', 76, 10),
(364, NULL, NULL, '988 Shemar Villages 76683 North Alda', 0, '2023-06-28 02:27:57', 77, 1),
(365, NULL, NULL, '189 Grant Views 03667 Lake Gladycebury', 0, '2023-08-09 03:01:47', 77, 7),
(366, NULL, NULL, '2195 Gulgowski Dam 72168 Tillmanport', 0, '2023-11-24 08:12:02', 77, 12),
(367, 968, 11, '40210 Bruen Drive 63650-3329 Collinsberg', 1, '2023-08-19 17:25:29', 77, 17),
(368, NULL, NULL, '2540 Zane Mission 99180 Kavonville', 0, '2023-12-06 21:02:19', 77, 19),
(369, NULL, NULL, '9954 Teresa Branch 05664 Greensboro', 1, '2024-05-17 05:17:51', 77, 21),
(370, NULL, NULL, '437 Skiles Squares 23244-4155 Binghamton', 0, '2023-12-12 02:32:43', 77, 24),
(371, NULL, NULL, '008 Kory Locks 54493 Buckeye', 1, '2023-09-14 11:11:44', 77, 32),
(372, NULL, NULL, '8671 Lakin Summit 82636-6505 Jarrodport', 0, '2023-08-10 09:41:28', 77, 44),
(373, NULL, NULL, '7726 Horacio Keys 72657 Lake Quinn', 1, '2024-05-01 17:44:32', 77, 49),
(374, NULL, NULL, '076 Bette Forest 39453 Camarillo', 1, '2024-01-29 01:22:24', 78, 35),
(375, 790, 12, '822 Brock Street 05246-6961 East Dangelo', 1, '2023-08-06 20:43:02', 78, 36),
(376, NULL, NULL, '9098 Jordyn Mall 20044-2412 Port Kale', 0, '2023-11-04 17:13:57', 80, 3),
(377, NULL, NULL, '31768 Philip Square 45655-5120 Nestormouth', 0, '2024-03-18 20:54:12', 80, 4),
(378, NULL, NULL, '6097 Pagac Island 26614 South Georgette', 1, '2023-08-10 13:10:21', 80, 18),
(379, NULL, NULL, '97420 Nichole Valleys 46640 Turcotteburgh', 0, '2023-05-27 18:33:36', 80, 20),
(380, NULL, NULL, '6757 Deonte Meadow 80446 Willmsberg', 1, '2023-11-28 00:35:30', 80, 23),
(381, 348, 18, '470 Celia Summit 00273-9561 Jacintoburgh', 1, '2024-04-04 10:51:26', 80, 38),
(382, 680, 13, '29457 Kling Trail 50762-6450 Kesslerton', 1, '2024-03-03 17:52:44', 80, 40),
(383, 677, 22, '16302 Jayce Pines 60425 Emmerichfurt', 0, '2023-10-22 11:04:57', 80, 43),
(384, NULL, NULL, '501 Monty Coves 61825 North Giles', 0, '2024-02-05 13:11:43', 81, 13),
(385, NULL, NULL, '613 Katelyn Trace 35606 West Justonbury', 0, '2024-02-22 18:19:35', 81, 15),
(386, NULL, NULL, '62443 Kuvalis Cape 63598-5142 D\'Amoreshire', 1, '2023-12-24 10:04:18', 81, 29),
(387, NULL, NULL, '27524 Hertha Ports 78823 Port Don', 0, '2024-03-03 01:30:49', 83, 13),
(388, NULL, NULL, '582 Cooper Skyway 47566-1754 Feestton', 0, '2023-09-30 12:39:57', 83, 15),
(389, NULL, NULL, '82228 Kenyatta Station 26838 New Nyah', 1, '2023-12-15 15:50:46', 83, 29),
(390, NULL, NULL, '5380 Barrows Ferry 02649 Lake Dallasstad', 1, '2023-10-17 08:46:29', 85, 9),
(391, 701, 22, '894 Camden Corners 17081 Mooreshire', 0, '2023-11-17 01:40:06', 85, 14),
(392, NULL, NULL, '961 Waylon Ranch 53082 Luzchester', 0, '2024-04-04 01:05:42', 85, 16),
(393, 633, 12, '05643 Lockman Key 73350-1872 Kurtischester', 1, '2024-05-01 14:30:40', 85, 41),
(394, NULL, NULL, '2040 O\'Conner Wall 78615 North Nataliaberg', 0, '2024-01-17 20:58:02', 86, 8),
(395, NULL, NULL, '99354 Halie Loop 58215-8364 Port Amani', 0, '2023-12-11 10:53:20', 86, 34),
(396, 942, 12, '837 Antone Lane 76812-4817 Adamsport', 0, '2023-11-20 17:12:33', 87, 31),
(397, NULL, NULL, '823 Brittany Parks 61147-5139 Rahulchester', 1, '2023-09-05 01:40:10', 88, 28),
(398, NULL, NULL, '013 Katelynn Crossroad 81858 Palm Coast', 0, '2023-10-26 02:47:22', 88, 42),
(399, NULL, NULL, '891 Velma Greens 66435 Pasadena', 1, '2024-05-15 03:31:03', 88, 47),
(400, NULL, NULL, '3370 Clotilde Lakes 21859-6687 Bodechester', 0, '2024-04-07 06:53:36', 89, 1),
(401, NULL, NULL, '48843 Spencer Union 62343 New Trevionville', 0, '2023-12-04 12:55:20', 89, 7),
(402, NULL, NULL, '261 Donnelly Cliffs 80624-8949 East Sammyland', 0, '2023-08-31 06:35:32', 89, 12),
(403, NULL, NULL, '9385 Emmerich Freeway 20642-7288 West Israel', 1, '2023-08-22 00:11:35', 89, 17),
(404, 619, 12, '95977 Arnold Haven 39865 Lake Magdalenborough', 0, '2024-05-20 03:43:11', 89, 19),
(405, NULL, NULL, '00318 Bernier Union 66172 Robertsstad', 1, '2023-07-26 04:57:44', 89, 21),
(406, NULL, NULL, '6065 Lindgren View 72924-0861 Mrazshire', 0, '2023-11-11 14:19:01', 89, 24),
(407, NULL, NULL, '902 Darby Rapid 93660 West Mariela', 1, '2023-09-19 22:45:41', 89, 32),
(408, NULL, NULL, '6396 Nikolaus Plaza 83918 West Darlene', 0, '2024-04-28 08:38:49', 89, 44),
(409, NULL, NULL, '2379 Albert Radial 67186-5758 Blacksburg', 1, '2023-06-22 12:49:42', 89, 49),
(410, NULL, NULL, '997 Perry Rue 15229 Miami', 0, '2024-03-07 04:17:02', 90, 3),
(411, NULL, NULL, '00326 Allie Burgs 84912-5137 East Antonia', 0, '2023-05-26 23:36:11', 90, 4),
(412, NULL, NULL, '39087 Shanahan Row 51813-7518 DeSoto', 1, '2023-07-27 14:04:55', 90, 18),
(413, NULL, NULL, '704 Bashirian Dam 75669-0870 Port Dockside', 0, '2023-12-25 22:57:59', 90, 20),
(414, NULL, NULL, '642 Schmidt Parkways 84541 Krystalstad', 1, '2024-05-02 22:08:19', 90, 23),
(415, NULL, NULL, '123 Lemke Flat 37725-4358 East Shemarfurt', 1, '2024-03-04 22:26:58', 90, 38),
(416, NULL, NULL, '095 Denesik Pass 35851 New Manley', 1, '2023-10-18 19:38:04', 90, 40),
(417, NULL, NULL, '37118 Zachariah Extensions 96303 Damiantown', 0, '2023-10-06 16:36:30', 90, 43),
(418, NULL, NULL, '4847 Dibbert Knolls 43272 Malden', 1, '2023-12-23 01:11:28', 91, 28),
(419, NULL, NULL, '5941 Adalberto Flat 38433-0463 Bloomington', 0, '2024-05-06 02:25:33', 91, 42),
(420, NULL, NULL, '54241 Bruen Plains 08698 Bechtelarview', 1, '2024-01-02 18:39:08', 91, 47),
(421, NULL, NULL, '5063 Moriah Common 64898-0788 New Tania', 1, '2023-06-19 17:47:47', 92, 6),
(422, NULL, NULL, '028 Adams Corners 17057 Wisozkmouth', 0, '2023-11-24 03:35:55', 92, 10),
(423, NULL, NULL, '16050 Price Ports 72559 Port Cindy', 0, '2023-12-21 01:26:53', 93, 48),
(424, NULL, NULL, '274 Terrance Island 59380-1505 New Germaineland', 0, '2023-08-24 10:28:02', 94, 30),
(425, NULL, NULL, '350 O\'Conner Cliffs 31099-3594 Romanview', 1, '2023-08-14 13:46:57', 95, 35),
(426, NULL, NULL, '97069 Creola Lights 66030 San Luis Obispo', 1, '2024-03-13 14:26:05', 95, 36),
(427, NULL, NULL, '607 Reichel Orchard 77944 North Stevie', 1, '2023-07-14 21:31:34', 97, 6),
(428, 347, 14, '3968 Collins Corner 58366 Welchport', 0, '2024-01-13 18:54:29', 97, 10),
(429, 814, 12, '963 Grayce View 66425 Jeanneton', 1, '2024-04-15 14:36:55', 99, 9),
(430, NULL, NULL, '5832 Alexandra Corner 86566-0600 East Mario', 0, '2023-12-17 15:39:51', 99, 14),
(431, NULL, NULL, '40393 Chadrick Expressway 16941 Folsom', 0, '2024-02-29 11:29:12', 99, 16),
(432, NULL, NULL, '01135 Bergnaum Row 54856 Port Lizaview', 1, '2023-09-25 21:55:22', 99, 41),
(433, NULL, NULL, '569 Hazel Junction 62480 Kreigerside', 0, '2023-07-09 02:03:46', 101, 3),
(434, NULL, NULL, '7304 Ahmad Keys 61251 Lake Garry', 0, '2024-03-08 03:29:36', 101, 4),
(435, NULL, NULL, '63642 Oberbrunner Mountains 86339 Jadonmouth', 1, '2023-06-14 06:55:21', 101, 18),
(436, NULL, NULL, '731 Hahn Lakes 92545-7123 East Jasper', 0, '2023-12-18 06:09:57', 101, 20),
(437, NULL, NULL, '809 Parker Divide 93658-8485 Daly City', 1, '2024-04-06 00:58:58', 101, 23),
(438, 463, 12, '75368 Predovic Viaduct 70571 Hawthorne', 1, '2023-06-18 01:29:28', 101, 38),
(439, NULL, NULL, '10138 Kreiger Meadow 06785 Lake Pinkie', 1, '2023-09-29 21:04:14', 101, 40),
(440, 640, 19, '81430 Christop Ports 88355-4756 Schmittmouth', 0, '2023-07-25 21:29:28', 101, 43),
(441, NULL, NULL, '34077 Torphy Rapid 27407-4065 South Dawson', 1, '2024-02-20 11:44:40', 102, 37),
(442, NULL, NULL, '2277 Armstrong Canyon 73915 North Jayme', 0, '2023-06-04 16:04:44', 103, 1),
(443, NULL, NULL, '01124 Lyric Avenue 67251 Waterbury', 0, '2024-03-08 06:42:24', 103, 7),
(444, NULL, NULL, '5954 Romaguera Fords 09448-6623 Margate', 0, '2024-05-13 13:30:29', 103, 12),
(445, 894, 10, '11268 Trantow Village 34770-6600 Lake Amelia', 1, '2024-05-22 20:42:03', 103, 17),
(446, NULL, NULL, '0179 Colten Roads 92880 West Aronside', 0, '2023-06-19 06:34:57', 103, 19),
(447, 634, 21, '937 Mann Village 79841 South Gregchester', 1, '2024-04-12 14:38:19', 103, 21),
(448, NULL, NULL, '4513 Ethan Heights 84460 Fannyville', 0, '2024-03-14 18:34:47', 103, 24),
(449, NULL, NULL, '24111 Anderson Oval 41174 Clarissaberg', 1, '2023-06-14 02:24:43', 103, 32),
(450, NULL, NULL, '99835 Krajcik Canyon 71613 Waltonfort', 0, '2024-05-21 02:23:21', 103, 44),
(451, NULL, NULL, '56503 Lehner Cliffs 85782-4533 New Otholand', 1, '2023-10-17 07:17:58', 103, 49),
(452, 232, 13, '933 Demarco Summit 35978-8961 Rialto', 0, '2024-04-16 23:07:09', 104, 3),
(453, NULL, NULL, '674 Lemke Squares 07340-0134 Marquardtshire', 0, '2024-05-02 12:58:15', 104, 4),
(454, 926, 16, '01273 Emerald Pine 69762 Mariefort', 1, '2024-03-11 11:12:19', 104, 18),
(455, NULL, NULL, '502 Gideon Turnpike 20560 Alisonchester', 0, '2023-06-17 12:02:52', 104, 20),
(456, NULL, NULL, '3968 Kovacek Pine 99649-4623 Volkmanbury', 1, '2024-04-04 19:43:04', 104, 23),
(457, NULL, NULL, '896 Schinner Shoal 03472-8715 Potomac', 1, '2023-07-08 21:44:01', 104, 38),
(458, NULL, NULL, '035 Esteban Underpass 80015 Gleasonland', 1, '2023-12-10 17:47:55', 104, 40),
(459, NULL, NULL, '5239 Koch Loaf 15073 West Jade', 0, '2023-09-26 03:23:48', 104, 43),
(460, NULL, NULL, '0479 Germaine Falls 31186-0257 Heathcotefurt', 1, '2023-09-25 01:56:44', 105, 37),
(461, NULL, NULL, '8170 Ward Hill 72318 Port Narcisoborough', 1, '2023-08-24 11:19:11', 106, 28),
(462, NULL, NULL, '5363 Frami Lock 25798 Irving', 0, '2024-05-20 18:31:57', 106, 42),
(463, NULL, NULL, '7175 McClure Circle 31865-2624 Olsonville', 1, '2023-11-20 14:27:51', 106, 47),
(464, NULL, NULL, '2466 Bosco Freeway 77165 Carrollbury', 0, '2023-08-22 16:25:23', 107, 30),
(465, NULL, NULL, '51504 Daniel Mill 08346 Penelopeland', 0, '2023-12-18 13:37:40', 108, 1),
(466, 872, 19, '0762 Reichel Fords 80076-5905 North Deonbury', 0, '2024-05-20 05:40:19', 108, 7),
(467, NULL, NULL, '61207 Aditya Creek 59011 East Dimitri', 0, '2024-04-27 01:40:49', 108, 12),
(468, 487, 11, '4072 Anastasia Turnpike 28151 South Frederic', 1, '2024-05-22 16:16:12', 108, 17),
(469, NULL, NULL, '76833 Abigayle Fields 16368 Oak Park', 0, '2023-07-12 20:43:13', 108, 19),
(470, NULL, NULL, '593 Mark Village 08937 East Raymond', 1, '2023-06-01 15:25:11', 108, 21),
(471, 484, 21, '5656 Altenwerth Lakes 79889 Buckridgechester', 0, '2024-03-21 07:26:11', 108, 24),
(472, NULL, NULL, '8690 Gottlieb Gardens 24602 Berwyn', 1, '2023-11-18 02:27:03', 108, 32),
(473, 260, 17, '070 Raynor Knoll 67687 Croninview', 0, '2024-04-28 14:16:29', 108, 44),
(474, NULL, NULL, '1983 Bettie Brook 58788-3268 West Jarrod', 1, '2024-02-28 00:54:27', 108, 49),
(475, NULL, NULL, '11597 Labadie Pines 77127 Dunwoody', 0, '2024-03-20 19:30:24', 109, 31),
(476, NULL, NULL, '328 Breitenberg Loaf 78561-2997 Waldorf', 0, '2023-10-21 02:48:54', 111, 13),
(477, NULL, NULL, '1885 Torey Gateway 92689-4093 Marvinmouth', 0, '2023-08-20 11:49:20', 111, 15),
(478, NULL, NULL, '397 Sawayn Center 68675-2706 Cliffordberg', 1, '2024-03-15 09:09:08', 111, 29),
(479, NULL, NULL, '517 Declan Forges 28956-0936 Dejonshire', 0, '2024-05-23 02:34:54', 112, 1),
(480, NULL, NULL, '02243 Sylvan Fork 84417 New Gunnar', 0, '2024-02-14 23:16:22', 112, 7),
(481, NULL, NULL, '69064 Mann Loop 37740-0557 Bergeberg', 0, '2024-02-06 12:26:29', 112, 12),
(482, NULL, NULL, '870 Jesus Highway 80012-5148 Schinnerstad', 1, '2023-10-04 05:34:34', 112, 17),
(483, NULL, NULL, '2559 Adam Crossing 28230-7952 Lake Harold', 0, '2023-08-24 11:12:31', 112, 19),
(484, NULL, NULL, '065 Tevin Ford 87478 North Curtisville', 1, '2023-07-10 00:41:27', 112, 21),
(485, NULL, NULL, '2691 Koby Summit 90590-8598 New Samara', 0, '2023-07-05 12:23:41', 112, 24),
(486, 946, 15, '921 Britney Shoals 97833 Port Arnaldofort', 1, '2023-11-18 05:40:19', 112, 32),
(487, NULL, NULL, '15779 Brianne Locks 75311 Klingside', 0, '2023-07-09 20:43:19', 112, 44),
(488, NULL, NULL, '96302 Mariah Island 22537-2018 Gaylordhaven', 1, '2023-10-20 18:35:50', 112, 49),
(489, NULL, NULL, '625 Hansen Rue 15229-1483 Lake Jerrellburgh', 0, '2024-03-30 00:54:16', 114, 1),
(490, 971, 17, '84199 Feeney Burg 27082 Lake Allie', 0, '2023-09-12 11:55:34', 114, 7),
(491, 769, 16, '685 Maggio Crossroad 80201 North Emanuel', 0, '2023-10-24 12:01:41', 114, 12),
(492, NULL, NULL, '073 Yost Mountain 93135-2430 Giovannaville', 1, '2024-03-02 06:00:42', 114, 17),
(493, NULL, NULL, '432 Kuhlman Keys 65004 Hermistonside', 0, '2023-05-29 09:35:24', 114, 19),
(494, NULL, NULL, '30043 Barton Estate 55768 Manteland', 1, '2023-11-19 14:22:35', 114, 21),
(495, 372, 19, '6630 Marks Terrace 67879-5157 Bismarck', 0, '2023-10-14 13:46:01', 114, 24),
(496, NULL, NULL, '9782 Bins Land 27602-2975 Independence', 1, '2023-06-10 13:36:43', 114, 32),
(497, NULL, NULL, '571 Charley Ville 12586-5410 Lake Mallorymouth', 0, '2023-09-04 23:01:28', 114, 44),
(498, 976, 17, '789 Schaefer Lock 82167-1897 South Michel', 1, '2023-09-18 13:42:08', 114, 49),
(499, NULL, NULL, '362 Dolores Mountains 32682 Bergnaumville', 0, '2023-12-20 10:34:23', 116, 30),
(500, NULL, NULL, '04592 Bruen Forest 68859-5000 New Emiliano', 0, '2023-10-06 16:26:57', 118, 30),
(501, NULL, NULL, '792 Ashley Views 24035 Jonesview', 0, '2023-06-19 05:38:11', 119, 13),
(502, NULL, NULL, '916 Kunze Centers 21133-1302 North Lavonneborough', 0, '2023-07-23 23:21:22', 119, 15),
(503, NULL, NULL, '70628 Peggie Loaf 55061-8132 Farmington Hills', 1, '2023-06-11 05:12:37', 119, 29),
(504, NULL, NULL, '1233 Hilpert Well 26098 Hodkiewiczfort', 0, '2024-04-23 03:44:27', 122, 31),
(505, NULL, NULL, '68218 Tess Valleys 02985 Port Weldon', 1, '2023-06-16 04:04:29', 123, 9),
(506, NULL, NULL, '527 Blick Grove 30400 Macon-Bibb County', 0, '2023-08-22 08:57:30', 123, 14),
(507, NULL, NULL, '05658 Alfonzo Canyon 77670 Southaven', 0, '2023-07-02 18:36:16', 123, 16),
(508, NULL, NULL, '2202 Austen Camp 79970-4584 Spinkabury', 1, '2023-09-19 16:26:46', 123, 41),
(509, NULL, NULL, '83657 Lang Hills 12360-0849 VonRuedenbury', 0, '2024-04-08 21:58:02', 126, 13),
(510, NULL, NULL, '1899 Abdiel Harbor 17715-1738 Lelafurt', 0, '2023-06-15 04:21:05', 126, 15),
(511, NULL, NULL, '72912 Corwin Crossroad 79826 Hettingerport', 1, '2023-11-05 23:25:51', 126, 29),
(512, 780, 22, '08243 Borer Union 14463 Stamford', 0, '2024-02-26 13:32:51', 127, 13),
(513, NULL, NULL, '2968 Christelle Street 15394-8194 East Angelitatown', 0, '2023-07-19 11:52:10', 127, 15),
(514, NULL, NULL, '75475 Sporer Inlet 48060 Gislasonport', 1, '2023-06-01 18:57:38', 127, 29),
(515, NULL, NULL, '21191 Kayli Bypass 91943-6266 Schusterbury', 0, '2023-06-21 06:16:36', 131, 3),
(516, NULL, NULL, '47305 Hills Park 88596-3121 Canton', 0, '2024-01-27 06:21:56', 131, 4),
(517, NULL, NULL, '4937 Seamus Oval 25426 Port Kaitlin', 1, '2023-12-21 21:02:22', 131, 18),
(518, NULL, NULL, '5699 Orn Squares 95097-9649 South Alvah', 0, '2023-06-28 21:48:13', 131, 20),
(519, NULL, NULL, '7115 Nyasia Shore 76305-6192 Newton', 1, '2024-04-24 05:38:58', 131, 23),
(520, NULL, NULL, '3361 Weissnat Views 58581 Kozeyberg', 1, '2024-04-20 09:53:08', 131, 38),
(521, NULL, NULL, '8265 Kamron Alley 00825 Ozellatown', 1, '2023-10-28 19:40:59', 131, 40),
(522, NULL, NULL, '994 Efrain Inlet 35105 Hailiefurt', 0, '2024-04-04 07:49:06', 131, 43),
(523, NULL, NULL, '5237 Gerardo Flats 62217-7813 Asaville', 0, '2023-11-05 07:32:41', 132, 8),
(524, NULL, NULL, '06500 Lou Prairie 55517-9435 Columbia', 0, '2023-06-14 18:23:01', 132, 34),
(525, 478, 12, '474 Nienow Vista 81414 New Rickieborough', 0, '2024-01-01 13:34:54', 133, 13),
(526, 389, 22, '8564 Goldner Meadows 00109 Lynchstad', 0, '2024-02-28 17:55:28', 133, 15),
(527, 819, 16, '44798 Reilly Knoll 27984 Wallaceton', 1, '2023-10-11 15:44:20', 133, 29),
(528, NULL, NULL, '61781 Gutkowski Viaduct 54331 Kennewick', 0, '2024-02-08 20:28:06', 134, 31),
(529, NULL, NULL, '44893 Balistreri Club 71767 New Orloborough', 0, '2023-09-10 10:55:04', 135, 13),
(530, NULL, NULL, '927 Wava Unions 03734 Balistrerishire', 0, '2023-12-21 16:06:51', 135, 15),
(531, 811, 10, '5893 Kelli Common 49515-3942 Port Jasonbury', 1, '2024-01-07 17:35:12', 135, 29),
(532, NULL, NULL, '80321 Gottlieb Rue 16952 Port Brandyn', 1, '2024-02-08 08:06:55', 138, 9),
(533, NULL, NULL, '3998 Eloy Junction 70290 North Melbafort', 0, '2023-07-05 20:09:14', 138, 14),
(534, 550, 11, '7936 Parker Bridge 16694 East Benedict', 0, '2023-07-30 18:20:53', 138, 16),
(535, NULL, NULL, '12266 Delfina Mills 18296-7812 New Jenniferport', 1, '2024-05-23 09:30:34', 138, 41),
(536, NULL, NULL, '65003 Camilla Pass 49893-4740 Mariellestad', 0, '2023-10-09 22:52:01', 139, 13),
(537, NULL, NULL, '83882 Percy Heights 25032 Port Irvingfurt', 0, '2023-07-18 06:10:07', 139, 15),
(538, NULL, NULL, '5727 Schmitt Fords 39435-8242 Lake Martin', 1, '2024-04-20 15:22:02', 139, 29);
INSERT INTO `session_user_option` (`option_id`, `user_price`, `tva`, `addressExam`, `isCandidate`, `DateTime`, `sessionUser_id`, `exam_id`) VALUES
(539, 662, 18, '949 Schinner Underpass 39994 Tressietown', 0, '2023-12-28 23:21:54', 140, 1),
(540, NULL, NULL, '095 Katherine Knoll 98493-4036 Hollywood', 0, '2023-08-20 08:06:21', 140, 7),
(541, NULL, NULL, '774 Spinka Fords 64747-1767 Port Hilario', 0, '2024-03-14 09:25:37', 140, 12),
(542, NULL, NULL, '610 Elyse Common 75909-5134 North Bettie', 1, '2023-12-16 06:36:18', 140, 17),
(543, 914, 16, '170 Aufderhar Forges 67618-4253 Brekkeport', 0, '2023-12-12 21:30:14', 140, 19),
(544, 395, 21, '14190 Simone Brooks 13399 West Shaneview', 1, '2024-04-22 22:22:59', 140, 21),
(545, NULL, NULL, '6164 Ottilie Lakes 04635 Schneiderborough', 0, '2023-11-03 16:43:39', 140, 24),
(546, 643, 20, '26895 Bruen Oval 80569 Littelburgh', 1, '2023-12-05 12:41:57', 140, 32),
(547, 553, 11, '05811 Murray Spurs 81549-0906 East Georgiannaton', 0, '2023-05-27 19:30:26', 140, 44),
(548, NULL, NULL, '741 Kling Course 52025-0721 New Venabury', 1, '2023-11-29 01:55:27', 140, 49),
(549, NULL, NULL, '9788 Ankunding Cliff 54598 Lake Aprilborough', 0, '2023-12-28 18:05:36', 141, 1),
(550, 836, 16, '13102 Loy Burg 57001-4130 Uptonborough', 0, '2023-06-22 07:54:50', 141, 7),
(551, NULL, NULL, '180 Buckridge Walk 39952 North Rebeccaland', 0, '2024-03-18 22:35:53', 141, 12),
(552, NULL, NULL, '713 Noelia Light 67366-7089 Dinostad', 1, '2023-10-31 05:05:11', 141, 17),
(553, 520, 18, '3955 Treutel Crossroad 20793-3075 North Little Rock', 0, '2023-10-27 22:00:21', 141, 19),
(554, NULL, NULL, '1223 Olen View 66585 Rubieton', 1, '2023-10-18 00:15:41', 141, 21),
(555, 223, 21, '5169 Leuschke Parks 70099-8854 Lake Marleehaven', 0, '2023-12-12 04:13:45', 141, 24),
(556, NULL, NULL, '38281 Millie Underpass 57136 New Reynoldhaven', 1, '2024-04-09 11:09:03', 141, 32),
(557, NULL, NULL, '3196 Mosciski Center 44348 East Frankiemouth', 0, '2023-08-05 17:43:28', 141, 44),
(558, NULL, NULL, '0515 Lelia Ridge 87991 Ferryfurt', 1, '2023-08-23 18:14:44', 141, 49),
(559, NULL, NULL, '1556 Leland Street 95425 Kesslerchester', 0, '2024-05-11 11:14:00', 143, 1),
(560, NULL, NULL, '9408 Kirlin Way 99939 Heidenreichborough', 0, '2023-09-22 19:56:49', 143, 7),
(561, NULL, NULL, '066 Madonna Creek 42869 Paramount', 0, '2024-05-05 14:31:51', 143, 12),
(562, NULL, NULL, '841 Margarette Unions 25074-5068 Lake Kathleenville', 1, '2024-02-27 21:44:38', 143, 17),
(563, 881, 21, '1425 Doyle Corner 12123 Kyraberg', 0, '2023-12-02 07:22:27', 143, 19),
(564, 378, 16, '640 Franecki Knoll 09493-3428 Aniyaton', 1, '2023-08-16 11:56:32', 143, 21),
(565, 476, 11, '2480 Hilll Keys 38108-2061 Grand Junction', 0, '2023-10-22 00:49:05', 143, 24),
(566, NULL, NULL, '26264 Hahn Way 01673 Jewellport', 1, '2023-09-30 02:16:02', 143, 32),
(567, NULL, NULL, '9679 Iliana Inlet 89535-8050 North Agustinachester', 0, '2024-04-11 05:06:40', 143, 44),
(568, NULL, NULL, '67640 Graham Shoal 95749 Nataliebury', 1, '2023-06-24 22:12:18', 143, 49),
(569, NULL, NULL, '10236 Conroy Falls 03471 Ethachester', 0, '2023-12-14 16:14:09', 145, 13),
(570, NULL, NULL, '4210 Blair Center 67722-0653 East Jadeville', 0, '2024-01-04 17:56:39', 145, 15),
(571, NULL, NULL, '2825 Alfreda Mission 45672-2734 Hillsfurt', 1, '2024-05-14 11:55:53', 145, 29),
(572, 307, 13, '26705 Collier Junction 25946-3138 North Novella', 1, '2023-12-09 15:30:05', 146, 9),
(573, 682, 18, '2718 Frieda Locks 75576-6246 Port Kenyatta', 0, '2024-04-17 22:22:02', 146, 14),
(574, NULL, NULL, '4830 Simonis Field 98498 West Russel', 0, '2023-10-15 07:43:47', 146, 16),
(575, NULL, NULL, '120 Brown Streets 35265 Jefferson City', 1, '2024-02-20 19:32:12', 146, 41),
(576, NULL, NULL, '01607 Feeney Squares 77130 Caguas', 0, '2023-06-19 05:52:36', 147, 30),
(577, NULL, NULL, '5256 Cummerata Green 15357 Port Justice', 0, '2023-12-09 03:57:48', 149, 30),
(578, 871, 10, '35320 Brisa Circles 36570-1290 Coral Springs', 1, '2023-12-24 11:47:25', 150, 28),
(579, NULL, NULL, '8757 Hyman Plains 63089 New Hermannberg', 0, '2023-09-13 20:10:23', 150, 42),
(580, 218, 13, '642 Hamill Inlet 55098-2394 Kendall', 1, '2023-11-29 11:33:48', 150, 47),
(581, NULL, NULL, '250 Kuphal Squares 18590 Shoreline', 0, '2023-09-14 10:13:53', 151, 3),
(582, NULL, NULL, '7878 Jovanny Alley 88158-3066 Littlemouth', 0, '2023-10-08 20:27:39', 151, 4),
(583, 434, 16, '105 O\'Kon Crest 84031-7285 North Lenora', 1, '2023-06-08 05:20:08', 151, 18),
(584, NULL, NULL, '26324 Elissa Court 71139 Lake Laneshire', 0, '2024-01-19 04:51:25', 151, 20),
(585, NULL, NULL, '26802 Flatley Centers 89573 Rocky Mount', 1, '2023-07-07 05:18:32', 151, 23),
(586, 451, 12, '0358 Wunsch Track 69243 Salem', 1, '2024-05-18 22:12:34', 151, 38),
(587, 523, 10, '074 Rita Gateway 40062 Johnsonstad', 1, '2023-12-20 02:46:09', 151, 40),
(588, NULL, NULL, '73163 Hoeger Cape 41975-7568 Lake Tito', 0, '2023-10-08 14:14:32', 151, 43),
(589, NULL, NULL, '55855 Shanahan Corners 10836-5269 Port Madisenside', 1, '2023-12-11 07:51:40', 152, 35),
(590, NULL, NULL, '53361 Fahey Overpass 63535 North Vincenza', 1, '2023-07-18 10:37:06', 152, 36),
(591, NULL, NULL, '714 Zboncak Views 89206 East Kobe', 0, '2024-04-13 16:25:58', 153, 13),
(592, NULL, NULL, '378 Tiana Track 83164-2513 North Daleton', 0, '2023-06-22 00:59:41', 153, 15),
(593, NULL, NULL, '3020 Jordi Rest 90753-4615 East Allyfort', 1, '2023-10-01 16:18:44', 153, 29),
(594, NULL, NULL, '27538 Purdy Mountains 98513-8619 Metairie', 0, '2023-10-02 05:10:42', 156, 8),
(595, 830, 18, '3781 Johns Inlet 75652 Reyville', 0, '2023-09-05 05:04:03', 156, 34),
(596, NULL, NULL, '041 Botsford Prairie 18115-8648 East Quinton', 1, '2023-08-29 18:44:28', 157, 37),
(597, NULL, NULL, '10015 Feest Club 84061-7073 Gustavefort', 0, '2024-01-31 15:55:57', 158, 31),
(598, 978, 13, '754 Powlowski Track 30806 Schummstad', 0, '2024-01-22 08:13:41', 160, 1),
(599, NULL, NULL, '47347 Stoltenberg Square 04617-0410 Cheektowaga', 0, '2024-01-05 20:16:50', 160, 7),
(600, NULL, NULL, '646 Morissette Mountains 19386-7629 Fort Smith', 0, '2024-03-11 13:13:21', 160, 12),
(601, 428, 21, '430 Waters Fort 82556-1956 Morissettemouth', 1, '2024-02-05 00:04:46', 160, 17),
(602, NULL, NULL, '19542 Hartmann Causeway 40154-3867 Lebsackmouth', 0, '2024-04-23 13:16:51', 160, 19),
(603, NULL, NULL, '41716 Milford Mountain 92970 Laurencebury', 1, '2023-12-10 01:53:06', 160, 21),
(604, NULL, NULL, '5251 Farrell Mission 88376-5582 Trompchester', 0, '2024-04-05 09:45:07', 160, 24),
(605, NULL, NULL, '945 Freeda Parks 57545 West Mona', 1, '2024-04-16 03:57:18', 160, 32),
(606, NULL, NULL, '45748 Evert Forest 71251 Loyceside', 0, '2023-06-15 06:05:16', 160, 44),
(607, NULL, NULL, '83158 Dare Fields 26695 Lake Bernhardton', 1, '2023-10-31 09:40:24', 160, 49),
(608, NULL, NULL, '40305 Danika Motorway 80494-0920 West Santina', 0, '2023-10-03 16:20:32', 161, 1),
(609, NULL, NULL, '4494 Marcelina Station 78950-4907 South Jacquelynstad', 0, '2023-07-15 17:52:36', 161, 7),
(610, NULL, NULL, '06293 Towne Shoals 26563-7304 Christaview', 0, '2023-05-25 08:57:27', 161, 12),
(611, NULL, NULL, '17941 Lance Mill 72942 New Devan', 1, '2023-08-18 20:21:07', 161, 17),
(612, 477, 10, '55664 Boehm Club 32869 Lake Marie', 0, '2024-03-20 20:10:42', 161, 19),
(613, NULL, NULL, '7565 Westley Glen 94355-1651 Adelberttown', 1, '2023-07-05 04:26:00', 161, 21),
(614, NULL, NULL, '700 Stoltenberg Rapid 82952 Sallyview', 0, '2023-09-21 21:39:03', 161, 24),
(615, 930, 20, '3619 Ford Field 61453 Stammhaven', 1, '2024-03-17 09:10:44', 161, 32),
(616, NULL, NULL, '8922 Ziemann Mission 08656 Ashburn', 0, '2024-01-02 00:50:53', 161, 44),
(617, NULL, NULL, '443 King Valleys 46612 South Mylenechester', 1, '2023-07-20 00:57:47', 161, 49),
(618, 427, 14, '7694 Muller Falls 52469-3936 Catonsville', 0, '2023-08-15 09:50:21', 164, 1),
(619, 716, 17, '3076 Goldner Land 88326-3518 Kshlerinshire', 0, '2023-12-04 02:04:16', 164, 7),
(620, NULL, NULL, '887 Ratke Mountains 36744-7047 East Reneeville', 0, '2023-07-24 10:23:45', 164, 12),
(621, NULL, NULL, '9799 Gerhold Trace 81811 Twin Falls', 1, '2024-02-25 20:32:04', 164, 17),
(622, NULL, NULL, '60060 Wunsch Club 79513 Betsyburgh', 0, '2023-09-26 18:54:26', 164, 19),
(623, NULL, NULL, '89146 Kassulke Trafficway 42053-8049 East Kaleighchester', 1, '2023-11-23 12:43:48', 164, 21),
(624, NULL, NULL, '5352 Schmidt Island 98807-9875 Philadelphia', 0, '2024-04-19 22:10:12', 164, 24),
(625, NULL, NULL, '297 Feil Branch 09078-4101 Sayreville', 1, '2023-12-12 05:13:22', 164, 32),
(626, 378, 17, '889 Olson Canyon 54297-3950 Mohrberg', 0, '2023-12-26 14:08:14', 164, 44),
(627, NULL, NULL, '983 Bauch Ramp 47187-9474 Lake Lonniemouth', 1, '2023-06-09 16:14:08', 164, 49),
(628, NULL, NULL, '75830 Shanahan Creek 77968-5259 O\'Fallon', 0, '2024-02-13 19:44:44', 165, 48),
(629, NULL, NULL, '3048 Anne Center 82462-6417 Haileeside', 0, '2024-02-25 06:12:09', 166, 1),
(630, NULL, NULL, '9848 Sandra Mountain 64118 Simonisfort', 0, '2023-05-31 04:26:43', 166, 7),
(631, NULL, NULL, '77406 Teresa Stream 65354-6276 East Brandonberg', 0, '2023-08-12 00:48:06', 166, 12),
(632, NULL, NULL, '35515 Rosina Spring 43218-5668 San Francisco', 1, '2023-10-19 00:09:06', 166, 17),
(633, 408, 17, '408 Tyson Lakes 16544-2588 Mauricioshire', 0, '2024-02-29 21:36:13', 166, 19),
(634, NULL, NULL, '4801 Huel Lakes 91503-1213 Somerville', 1, '2023-06-19 21:14:20', 166, 21),
(635, NULL, NULL, '214 Dayne Port 20300 South Yvonne', 0, '2024-03-13 12:57:22', 166, 24),
(636, NULL, NULL, '527 Anissa Summit 88333-0520 West Augusta', 1, '2024-03-02 22:08:44', 166, 32),
(637, NULL, NULL, '1986 Hortense Locks 76818-4148 Lake Glendaton', 0, '2023-05-25 23:11:52', 166, 44),
(638, 463, 18, '266 Huels Mill 74986 Nikitatown', 1, '2024-01-26 22:25:59', 166, 49),
(639, NULL, NULL, '50112 Walker Fields 84702-8765 Maureenmouth', 1, '2023-11-17 00:54:13', 168, 35),
(640, 954, 10, '9221 Katelynn Stravenue 11055 New Travonstad', 1, '2024-04-27 13:41:22', 168, 36),
(641, NULL, NULL, '8547 Rolfson Gateway 01585 Tyshawnview', 0, '2023-05-28 05:17:23', 169, 3),
(642, NULL, NULL, '09461 Watsica Mountains 83054 Effiechester', 0, '2023-08-07 13:36:22', 169, 4),
(643, 377, 18, '495 Rosemary Route 90577-9915 Kiarraborough', 1, '2023-12-19 05:14:03', 169, 18),
(644, NULL, NULL, '48195 Mateo Meadow 42448 Flagstaff', 0, '2023-10-25 23:43:56', 169, 20),
(645, 741, 10, '5528 Samara Forest 77321-2616 Wichita Falls', 1, '2023-11-28 00:35:07', 169, 23),
(646, NULL, NULL, '76703 Hildegard Junctions 88874-7086 Haagborough', 1, '2023-09-17 18:30:57', 169, 38),
(647, NULL, NULL, '94688 Stoltenberg Terrace 96084-7965 West Corenemouth', 1, '2023-07-04 21:01:31', 169, 40),
(648, NULL, NULL, '6716 Goldner Harbor 09365 Des Plaines', 0, '2023-06-15 23:57:25', 169, 43),
(649, NULL, NULL, '6803 Miller Grove 90862-2046 West Gersonton', 1, '2024-04-02 16:57:42', 170, 28),
(650, NULL, NULL, '6172 Alysa Terrace 37548-9177 Hialeah', 0, '2023-11-11 12:31:26', 170, 42),
(651, NULL, NULL, '19124 Medhurst Cliffs 49656-7892 Schulisthaven', 1, '2024-02-18 06:35:44', 170, 47),
(652, NULL, NULL, '890 Rath Inlet 64890-1095 Lake Seamus', 1, '2023-11-20 17:01:58', 171, 37),
(653, NULL, NULL, '6724 O\'Connell Drives 48220 Edinburg', 1, '2024-03-03 18:51:20', 172, 35),
(654, NULL, NULL, '7562 Sienna Valley 66447-4565 Port Tryciaville', 1, '2023-12-23 01:44:42', 172, 36),
(655, NULL, NULL, '321 Lyla Flats 07177-5531 Gracielaside', 0, '2024-04-06 08:04:04', 173, 1),
(656, NULL, NULL, '851 Clarissa Bridge 78599 Compton', 0, '2024-03-25 02:17:54', 173, 7),
(657, NULL, NULL, '83585 Sunny Dam 09954-6046 Kameronborough', 0, '2024-04-12 13:18:59', 173, 12),
(658, NULL, NULL, '143 Berniece Spur 13637-1651 New Mose', 1, '2023-06-11 03:59:52', 173, 17),
(659, 532, 21, '427 Toy Manors 55254-0984 Lake Camille', 0, '2023-09-01 04:49:09', 173, 19),
(660, NULL, NULL, '4838 Schamberger Trafficway 38108-5202 Elkhart', 1, '2024-04-06 09:34:50', 173, 21),
(661, NULL, NULL, '968 Becker Circle 45386-0444 Chaimhaven', 0, '2023-07-21 22:36:03', 173, 24),
(662, 722, 13, '39488 Brown Cove 06561-1590 Paucekborough', 1, '2024-01-23 01:58:48', 173, 32),
(663, NULL, NULL, '6101 Lubowitz Wall 64658-2536 Lynchburg', 0, '2023-11-01 18:42:58', 173, 44),
(664, NULL, NULL, '45794 Hahn Flats 86834-4191 North Christian', 1, '2024-03-10 09:52:00', 173, 49),
(665, 546, 22, '080 Raynor Mews 71343 East Rose', 0, '2023-09-19 21:46:33', 175, 1),
(666, NULL, NULL, '9460 Parker Locks 29814 West Geovannychester', 0, '2023-07-23 12:12:37', 175, 7),
(667, NULL, NULL, '09588 Beatty Trace 50885 North Weldon', 0, '2023-06-06 11:35:23', 175, 12),
(668, 204, 18, '9879 Kovacek Tunnel 21538-2893 North Samanta', 1, '2024-01-20 22:03:12', 175, 17),
(669, NULL, NULL, '056 Jada Trail 37862-0620 Yonkers', 0, '2023-11-13 12:35:23', 175, 19),
(670, NULL, NULL, '575 Marques Cove 08462-1640 East Norris', 1, '2024-02-19 17:57:42', 175, 21),
(671, NULL, NULL, '8305 Erdman Haven 21493 North Misty', 0, '2023-10-03 06:25:19', 175, 24),
(672, NULL, NULL, '37257 Kelton Walk 46134 Lancaster', 1, '2024-02-20 04:33:37', 175, 32),
(673, 843, 17, '25536 Antonietta Shores 41523-1817 West Brycenside', 0, '2024-05-19 15:10:11', 175, 44),
(674, NULL, NULL, '10237 Helena Dale 46030-8249 Elnoraview', 1, '2024-01-15 07:30:10', 175, 49),
(675, 522, 21, '5317 Martin Causeway 11113-2460 Luisabury', 1, '2024-01-31 06:37:08', 178, 28),
(676, NULL, NULL, '615 Emard Fork 82169-8252 Port Pearl', 0, '2023-07-30 15:30:29', 178, 42),
(677, NULL, NULL, '9546 Arturo Overpass 56538-2498 West Gertrude', 1, '2024-05-08 21:49:10', 178, 47),
(678, NULL, NULL, '621 Aurore Plaza 34459 Port Calebstad', 0, '2023-09-19 19:07:20', 179, 31),
(679, NULL, NULL, '937 Hilll Locks 86074-1645 Connellyview', 0, '2023-12-31 15:43:28', 180, 5),
(680, 651, 22, '8042 Shanon Freeway 75289 East Dinotown', 0, '2023-10-18 05:48:31', 180, 11),
(681, NULL, NULL, '2609 O\'Conner Bridge 00787-0715 San Jose', 1, '2023-12-21 20:11:21', 180, 46),
(682, 687, 18, '442 Volkman Pike 40056-4658 Borisburgh', 0, '2023-05-27 12:10:54', 182, 8),
(683, 213, 14, '24357 Roxanne Villages 79370 West Hoseaton', 0, '2024-01-07 14:35:50', 182, 34),
(684, 932, 19, '10946 Mohr Motorway 88182-0726 Jaronhaven', 1, '2024-01-21 15:53:39', 184, 2),
(685, 453, 18, '1511 Jacobi River 94874-9217 West Palm Beach', 0, '2023-10-20 01:21:48', 184, 22),
(686, 368, 18, '39302 Kassulke Forge 51907 West Eunice', 0, '2023-08-18 19:34:57', 184, 26),
(687, NULL, NULL, '8346 Vincenza Plain 45624-5616 East Rosina', 1, '2023-07-21 01:05:23', 184, 27),
(688, NULL, NULL, '33430 Amely Pine 85970 Trevorberg', 0, '2024-02-12 10:11:48', 184, 39),
(689, NULL, NULL, '257 Weber Valleys 84255-1254 Moshefort', 1, '2023-10-27 15:44:08', 186, 35),
(690, NULL, NULL, '09983 Velda Lake 18456 Greenville', 1, '2024-01-18 13:44:04', 186, 36),
(691, 717, 11, '9351 Rowland Mountain 86113-6091 Wymanfort', 0, '2023-10-11 13:22:00', 188, 1),
(692, NULL, NULL, '8197 Malika Parkway 35369 Meghanside', 0, '2023-12-26 06:18:47', 188, 7),
(693, NULL, NULL, '4167 Harry Turnpike 21828-8620 Bryan', 0, '2024-04-21 23:43:12', 188, 12),
(694, NULL, NULL, '623 Kautzer Divide 78709-6754 North Ezequiel', 1, '2023-08-02 08:51:53', 188, 17),
(695, NULL, NULL, '061 Angelo Union 75908-4577 Yasmineborough', 0, '2023-11-13 02:39:19', 188, 19),
(696, 884, 22, '8200 Rickie Haven 03537-8530 Emmanuelville', 1, '2024-01-10 04:23:43', 188, 21),
(697, 206, 22, '83601 Reece Isle 03690-2701 Wauwatosa', 0, '2024-03-06 11:42:57', 188, 24),
(698, NULL, NULL, '1976 Mann Field 39066 Aidanchester', 1, '2023-10-09 06:43:29', 188, 32),
(699, 773, 17, '648 Weimann Key 40833 East Los Angeles', 0, '2023-05-26 19:49:29', 188, 44),
(700, NULL, NULL, '11752 Bud Mountains 60118 Kilbackberg', 1, '2023-10-01 09:44:33', 188, 49),
(701, NULL, NULL, '060 Ned Pike 38526-9145 East Deondrestad', 0, '2023-11-13 00:27:41', 189, 1),
(702, 865, 16, '191 Arnold Meadow 52730 Boca Raton', 0, '2024-05-02 18:31:06', 189, 7),
(703, NULL, NULL, '7328 Oran Mill 85855-3220 Lake Ken', 0, '2023-08-01 19:11:30', 189, 12),
(704, NULL, NULL, '010 Berge Plains 91408-6946 Lake Vitoborough', 1, '2023-08-03 00:57:56', 189, 17),
(705, NULL, NULL, '4818 Spencer Ford 05540 New Alysahaven', 0, '2024-05-19 05:23:43', 189, 19),
(706, NULL, NULL, '643 Green Cliffs 41896 Petaluma', 1, '2024-05-21 04:23:20', 189, 21),
(707, NULL, NULL, '005 Jonathon Islands 91699-1822 Elkhart', 0, '2023-12-01 12:01:22', 189, 24),
(708, NULL, NULL, '818 Leopold Parkway 92067-8792 Huelbury', 1, '2024-04-08 03:01:25', 189, 32),
(709, NULL, NULL, '25552 Torrance Glens 93083 Potomac', 0, '2023-09-21 05:17:24', 189, 44),
(710, NULL, NULL, '9511 Kessler Parkway 91280-6970 South Dave', 1, '2024-02-02 12:22:30', 189, 49),
(711, NULL, NULL, '6999 Junius Trace 20446-0739 Spring Valley', 0, '2023-11-27 09:07:08', 191, 30),
(712, NULL, NULL, '4270 Jessie Ports 55687 Lake Eleanoraburgh', 1, '2023-05-27 01:16:25', 192, 9),
(713, NULL, NULL, '1907 Fay Stream 06829-8657 Spring Valley', 0, '2023-10-30 20:06:12', 192, 14),
(714, 255, 16, '1203 Mckayla Vista 19529 Raleigh', 0, '2023-07-25 22:44:38', 192, 16),
(715, 470, 22, '55406 Austin Fort 63558 Langfurt', 1, '2023-09-05 19:52:09', 192, 41),
(716, NULL, NULL, '61965 Ahmed Canyon 73342 West Kamrenview', 1, '2024-02-03 17:17:45', 195, 35),
(717, NULL, NULL, '42125 Karine Plains 63603-9978 Ricemouth', 1, '2023-06-24 12:29:43', 195, 36),
(718, 394, 18, '58856 Terry Place 24317 Port Madelyntown', 1, '2024-05-23 08:12:40', 197, 28),
(719, 273, 10, '2951 Mann Hill 87810-7704 North Marques', 0, '2023-09-05 19:52:18', 197, 42),
(720, 945, 15, '2930 Emilia River 57854-2300 Bobbieberg', 1, '2023-08-27 07:03:16', 197, 47),
(721, NULL, NULL, '91304 Juliet Walk 23476-7970 New Sister', 1, '2024-02-14 17:36:41', 198, 9),
(722, NULL, NULL, '436 Block Tunnel 03938 East Boydport', 0, '2023-07-30 13:37:36', 198, 14),
(723, NULL, NULL, '0996 Dallas Ramp 70783-8709 New Emmanuelleport', 0, '2023-09-14 08:43:35', 198, 16),
(724, NULL, NULL, '629 Johnathon Land 61048 Izaiahside', 1, '2023-07-06 03:03:56', 198, 41),
(725, NULL, NULL, '688 Marvin Haven 46777-4796 Yostville', 0, '2023-07-01 15:07:36', 199, 1),
(726, NULL, NULL, '149 Fritsch Rapid 60740 Orlando', 0, '2024-01-28 15:59:34', 199, 7),
(727, NULL, NULL, '67753 Brakus Skyway 50865-6184 Port Amalia', 0, '2023-05-25 10:03:47', 199, 12),
(728, NULL, NULL, '9763 Janae Coves 79802 New Einar', 1, '2023-09-12 15:13:08', 199, 17),
(729, NULL, NULL, '8429 Sandrine Dale 06859 Sisterborough', 0, '2023-08-07 03:05:55', 199, 19),
(730, NULL, NULL, '39200 Effertz Cliffs 48332-6948 Port Aiyana', 1, '2023-12-23 11:04:30', 199, 21),
(731, NULL, NULL, '58328 Albertha Coves 87226 Port Margaretville', 0, '2023-10-05 00:56:29', 199, 24),
(732, 962, 20, '9535 Pollich Parkway 57287 Attleboro', 1, '2023-05-28 22:09:30', 199, 32),
(733, 775, 16, '06742 Cole Brook 65361-3562 Carolyneside', 0, '2023-06-06 19:31:59', 199, 44),
(734, NULL, NULL, '9749 Crist Prairie 60310 Port Robb', 1, '2023-06-12 03:59:41', 199, 49),
(735, NULL, NULL, '710 Abbigail Ranch 85580-1478 Malikafurt', 0, '2023-11-28 14:49:41', 201, 8),
(736, NULL, NULL, '6076 Kub Stream 81236-9757 West Effie', 0, '2023-11-09 19:31:49', 201, 34),
(737, NULL, NULL, '95000 Jacobson Coves 17091 North Justontown', 1, '2024-01-26 20:42:20', 202, 9),
(738, NULL, NULL, '1989 Christy Route 17346-7816 Roseville', 0, '2023-08-30 12:03:38', 202, 14),
(739, 433, 14, '911 Magdalena Parkway 54126-7688 Stratford', 0, '2023-06-07 11:41:39', 202, 16),
(740, NULL, NULL, '571 Towne Bridge 86740 Charityberg', 1, '2024-03-29 03:57:55', 202, 41),
(741, NULL, NULL, '2192 Rae Bridge 62100 Lesterfurt', 0, '2023-07-21 17:09:20', 204, 13),
(742, NULL, NULL, '38945 Nathen Curve 87120-8045 South Jaydentown', 0, '2024-03-13 06:09:07', 204, 15),
(743, NULL, NULL, '44893 Koepp Prairie 71202-1280 Jakubowskimouth', 1, '2023-12-22 01:30:35', 204, 29),
(744, NULL, NULL, '41498 Claire Parkways 81943-3458 South Jaleel', 0, '2023-10-22 05:11:39', 205, 31),
(745, 862, 18, '75268 Grant Spring 13619-6430 Portage', 1, '2023-10-18 01:01:28', 207, 9),
(746, NULL, NULL, '524 Schowalter Unions 21406-8848 New Braunfels', 0, '2023-10-30 10:14:32', 207, 14),
(747, NULL, NULL, '5295 Bernier Ford 50462-1458 North Aleneview', 0, '2023-10-09 18:01:50', 207, 16),
(748, NULL, NULL, '1443 Dakota Fall 96114-1361 Smithamborough', 1, '2023-10-09 11:44:36', 207, 41),
(749, NULL, NULL, '26641 Sipes Landing 42999 North Robertoburgh', 0, '2024-03-24 20:19:38', 208, 1),
(750, NULL, NULL, '155 Bradley Fields 43784-5067 Lake Cordiatown', 0, '2023-08-08 04:23:12', 208, 7),
(751, NULL, NULL, '5013 Cruz Camp 15332 Castro Valley', 0, '2023-07-05 15:06:11', 208, 12),
(752, NULL, NULL, '9713 Bahringer Meadow 65202-1573 Koeppland', 1, '2024-03-22 14:48:14', 208, 17),
(753, 520, 10, '120 Alba Bridge 20304 North Xavier', 0, '2023-07-22 06:26:16', 208, 19),
(754, NULL, NULL, '586 Kautzer Trail 84799-0879 Daphneefort', 1, '2023-12-07 07:33:16', 208, 21),
(755, NULL, NULL, '506 Minnie Land 63473 New Erick', 0, '2024-05-15 12:10:00', 208, 24),
(756, NULL, NULL, '3603 Purdy Plains 02440-9440 Aliyahburgh', 1, '2023-08-25 19:58:41', 208, 32),
(757, NULL, NULL, '600 Sipes Camp 67180-2818 New Bonnie', 0, '2023-08-16 22:49:49', 208, 44),
(758, NULL, NULL, '284 Gerald Fields 51543 Lianahaven', 1, '2024-01-15 09:44:49', 208, 49),
(759, NULL, NULL, '363 Runolfsson Drive 66835-8910 Brennahaven', 0, '2024-03-28 02:38:09', 212, 31),
(760, NULL, NULL, '963 McDermott Pass 97831-1574 Medhurststad', 1, '2024-03-11 21:54:16', 213, 9),
(761, NULL, NULL, '22864 Eula Road 68562-3594 New Gerryville', 0, '2023-12-25 10:42:45', 213, 14),
(762, 365, 22, '0080 VonRueden Parkways 71749 North Elmer', 0, '2023-08-23 00:43:08', 213, 16),
(763, 700, 10, '761 Stanton Gardens 06536 Hendersonville', 1, '2023-12-16 23:40:39', 213, 41),
(764, NULL, NULL, '9625 Quigley Parkways 61454 New Josephineberg', 0, '2023-09-22 05:36:10', 216, 1),
(765, NULL, NULL, '40916 Christop Isle 73870-0982 Alexandrochester', 0, '2024-03-15 12:30:37', 216, 7),
(766, 588, 19, '085 Donnelly Club 29380 Shayleeborough', 0, '2023-09-01 05:52:23', 216, 12),
(767, NULL, NULL, '0225 Alisha Alley 96520 Pfannerstillfort', 1, '2023-07-14 10:39:00', 216, 17),
(768, NULL, NULL, '41951 Juston Shoals 88251-1002 North Furmanbury', 0, '2024-01-28 12:06:10', 216, 19),
(769, NULL, NULL, '4729 Donnelly Trace 43691 Port Rociofurt', 1, '2023-07-28 17:57:55', 216, 21),
(770, NULL, NULL, '2897 Evelyn Isle 37530 Lake Rosalind', 0, '2023-12-18 12:10:44', 216, 24),
(771, NULL, NULL, '02059 Rohan Club 50445-5551 East Elise', 1, '2024-02-07 22:04:35', 216, 32),
(772, NULL, NULL, '47347 Aubrey Dale 52231-8617 McLaughlinburgh', 0, '2023-10-17 12:23:28', 216, 44),
(773, 391, 13, '593 Witting Crossroad 09497 New Dulce', 1, '2023-07-04 20:17:38', 216, 49),
(774, NULL, NULL, '89036 Lynch Radial 97936-8807 North Vesta', 0, '2024-03-23 07:19:34', 217, 1),
(775, NULL, NULL, '48580 Melyna Locks 23100 South Ena', 0, '2024-02-10 02:08:07', 217, 7),
(776, NULL, NULL, '1331 Tianna Flats 34389-6346 South Morton', 0, '2024-05-14 15:36:40', 217, 12),
(777, NULL, NULL, '45370 Wilber Inlet 42645 Port Ephraimstad', 1, '2023-08-02 19:58:43', 217, 17),
(778, NULL, NULL, '580 Funk Mission 35741-3928 East Pink', 0, '2024-05-09 14:49:36', 217, 19),
(779, NULL, NULL, '3171 Kunde Hollow 60665-4427 Hamillberg', 1, '2023-06-21 20:39:11', 217, 21),
(780, 836, 10, '376 Renner Meadows 79719 Elwynton', 0, '2024-05-11 07:38:33', 217, 24),
(781, NULL, NULL, '48394 Edwina Port 19774-5136 Watersberg', 1, '2023-11-29 10:06:41', 217, 32),
(782, NULL, NULL, '8548 VonRueden Trail 61658-8239 Ann Arbor', 0, '2023-10-01 19:09:36', 217, 44),
(783, NULL, NULL, '48002 Friesen Underpass 85838-8798 Bulahport', 1, '2023-06-07 05:48:10', 217, 49),
(784, 762, 15, '140 Royce Route 87230 Howellbury', 0, '2023-10-19 03:16:18', 218, 1),
(785, 732, 11, '14095 Crona Tunnel 74020-4605 Jerodmouth', 0, '2023-05-26 15:10:34', 218, 7),
(786, NULL, NULL, '640 Olson Valleys 07926 Country Club', 0, '2023-10-16 10:38:00', 218, 12),
(787, NULL, NULL, '6228 Botsford Path 63522-9483 Lake Courtney', 1, '2024-03-29 10:15:37', 218, 17),
(788, NULL, NULL, '0640 Ebba Street 61097 Lennieville', 0, '2023-10-17 15:56:13', 218, 19),
(789, 670, 16, '886 Kathlyn Neck 29348 Port Robynview', 1, '2023-08-26 06:50:06', 218, 21),
(790, NULL, NULL, '67001 Jerde Heights 46486 Greenfeldermouth', 0, '2023-10-31 04:54:52', 218, 24),
(791, NULL, NULL, '707 Parisian Summit 44835 Milpitas', 1, '2023-11-01 22:12:06', 218, 32),
(792, 867, 22, '082 Gia View 15955 Zitatown', 0, '2023-12-18 21:19:27', 218, 44),
(793, NULL, NULL, '84165 Sydnie Lodge 74321 Emmerichburgh', 1, '2023-09-27 09:22:42', 218, 49),
(794, 971, 10, '2114 Dorothea Prairie 81428 Rosaleehaven', 0, '2024-03-17 08:23:08', 219, 13),
(795, NULL, NULL, '1879 Jacobs Roads 45805-7915 Port Chance', 0, '2023-08-05 22:13:53', 219, 15),
(796, NULL, NULL, '32641 Boyer Crossroad 03491-3673 West Eugenialand', 1, '2023-10-02 11:10:45', 219, 29),
(797, 283, 19, '499 Schmidt Row 90344 Dawsontown', 0, '2024-05-12 01:55:41', 220, 3),
(798, 696, 12, '30619 Conn Square 95048-8627 Janisfort', 0, '2024-01-02 20:58:47', 220, 4),
(799, NULL, NULL, '865 Shanahan Spur 78119-1544 North Tracy', 1, '2023-10-24 11:48:47', 220, 18),
(800, NULL, NULL, '10444 Rutherford Key 77914 East Luciennefort', 0, '2023-12-02 17:12:29', 220, 20),
(801, NULL, NULL, '407 Brakus Roads 69140-1349 Zemlakborough', 1, '2023-11-30 14:42:41', 220, 23),
(802, NULL, NULL, '5243 Savion Prairie 36844-7317 Port Mozellfort', 1, '2023-11-23 09:06:07', 220, 38),
(803, 515, 11, '7512 Thad Cliff 15391 Roanoke', 1, '2023-11-15 20:41:25', 220, 40),
(804, NULL, NULL, '537 Marks Parkway 72390 Deemouth', 0, '2024-03-09 19:00:47', 220, 43),
(805, NULL, NULL, '07558 Ralph Flat 98477-2156 Bettiehaven', 0, '2023-10-22 00:42:00', 222, 1),
(806, NULL, NULL, '08286 Geoffrey Shoals 25100-0005 New Loyceville', 0, '2023-08-03 20:12:07', 222, 7),
(807, 721, 21, '1095 Fern Wall 56593 North Dandre', 0, '2023-06-02 04:07:12', 222, 12),
(808, NULL, NULL, '580 Avis Common 42035 Waldofort', 1, '2023-08-27 01:56:05', 222, 17),
(809, NULL, NULL, '531 Ima Field 59714-3154 Orem', 0, '2023-10-20 10:05:24', 222, 19),
(810, 861, 12, '397 Roy Ridges 61079 Lake General', 1, '2023-10-07 19:39:06', 222, 21),
(811, NULL, NULL, '7813 Grant Plain 05976 New Kenneth', 0, '2023-10-11 20:17:27', 222, 24),
(812, NULL, NULL, '6272 Cole Overpass 33467-0745 Kodychester', 1, '2023-10-27 23:11:59', 222, 32),
(813, NULL, NULL, '20083 Jovan Common 33622 Thereseside', 0, '2023-10-12 03:34:34', 222, 44),
(814, 258, 16, '6791 Isidro Plains 28120 West Gino', 1, '2023-08-27 02:53:18', 222, 49),
(815, 803, 20, '14717 Elmo Park 56464 Kossburgh', 1, '2024-02-04 22:04:49', 224, 37),
(816, NULL, NULL, '3329 Johnston Shore 51964 Andersonville', 1, '2023-08-28 17:36:28', 225, 9),
(817, 392, 19, '71178 Graham Coves 72829 Dooleybury', 0, '2023-06-07 21:45:25', 225, 14),
(818, 561, 16, '8479 Tamara Corners 64323-1950 Timmothyfort', 0, '2023-09-24 10:17:11', 225, 16),
(819, 688, 14, '91780 Hudson Island 81725-2655 North Remington', 1, '2024-02-02 17:12:11', 225, 41),
(820, 872, 13, '60179 Lacey Burg 81898 Silver Spring', 0, '2024-03-23 23:11:49', 226, 1),
(821, 698, 10, '99942 Bonita Square 59558-5160 Goodwinstad', 0, '2024-04-01 15:16:29', 226, 7),
(822, NULL, NULL, '63837 Mosciski Drives 49977 Amberport', 0, '2024-05-18 05:18:03', 226, 12),
(823, NULL, NULL, '1801 Lenora Manor 50125-7383 Brownport', 1, '2024-02-13 17:04:01', 226, 17),
(824, NULL, NULL, '008 Huels Island 86510-4774 Calebberg', 0, '2024-04-02 18:09:04', 226, 19),
(825, NULL, NULL, '6991 Kurtis Extensions 28455-0286 West Rodbury', 1, '2023-12-17 17:12:42', 226, 21),
(826, 603, 22, '69452 Abernathy Fords 15240-9245 East Tyrese', 0, '2023-06-07 20:40:58', 226, 24),
(827, 631, 19, '2185 Heidi Harbors 83692 Pourosmouth', 1, '2023-09-06 07:08:36', 226, 32),
(828, NULL, NULL, '731 Denis Ridges 93093 Hillsstad', 0, '2023-11-25 05:20:50', 226, 44),
(829, 842, 11, '79275 Langosh Tunnel 45311-2779 East Elmorestad', 1, '2024-05-04 08:53:38', 226, 49),
(830, 551, 16, '79476 Reed Ridges 70860 Efrenstad', 0, '2023-07-17 00:11:33', 227, 3),
(831, NULL, NULL, '46500 Ludwig Circles 92978-0700 East Laurie', 0, '2024-04-07 22:39:56', 227, 4),
(832, NULL, NULL, '629 Zella Radial 28579-2584 Kaciside', 1, '2023-08-06 14:01:47', 227, 18),
(833, NULL, NULL, '75968 Bogan Row 20040-1103 Ferryport', 0, '2024-03-10 14:44:39', 227, 20),
(834, NULL, NULL, '316 Mohr Dale 96134 North Jorgeshire', 1, '2024-01-17 22:36:10', 227, 23),
(835, 913, 18, '916 Sheldon Haven 48832-5086 Dooleyport', 1, '2023-06-25 18:27:07', 227, 38),
(836, NULL, NULL, '06204 Collins Skyway 54560-7596 Macejkovicburgh', 1, '2023-10-04 23:10:33', 227, 40),
(837, NULL, NULL, '18715 Volkman Mews 09371-1720 West Tiaton', 0, '2023-10-09 13:35:39', 227, 43),
(838, NULL, NULL, '844 Russ Landing 72204 Jedediahland', 0, '2023-06-12 07:09:29', 228, 3),
(839, 972, 13, '5676 Fausto Square 20485-9499 Roswell', 0, '2023-12-09 15:19:55', 228, 4),
(840, NULL, NULL, '66174 Schmitt Mill 53100-1498 Lake Pearlinebury', 1, '2024-03-05 20:36:57', 228, 18),
(841, 250, 17, '294 Ferry Union 30013 Milanfort', 0, '2023-11-24 20:13:16', 228, 20),
(842, 838, 21, '51571 Mitchell Points 66176 Katarinamouth', 1, '2023-06-28 03:28:07', 228, 23),
(843, NULL, NULL, '65499 Durgan Alley 38466-7211 North Murl', 1, '2023-08-26 07:06:24', 228, 38),
(844, NULL, NULL, '9652 Casimir Ports 63354 South Ila', 1, '2023-10-11 03:06:46', 228, 40),
(845, NULL, NULL, '136 Agustin Well 56421-8766 Commerce City', 0, '2023-08-24 23:34:27', 228, 43),
(846, NULL, NULL, '426 Kassulke Mountains 70148-6627 North Lonnie', 0, '2024-03-28 13:30:02', 229, 31),
(847, NULL, NULL, '70950 Emard Glens 21886 Dothan', 1, '2023-06-24 09:40:19', 230, 37),
(848, NULL, NULL, '645 Bailey Rapid 91055 San Rafael', 0, '2023-12-12 01:29:01', 231, 3),
(849, NULL, NULL, '90685 Durgan Lane 04481-1308 Port Isaiasport', 0, '2023-10-14 08:35:59', 231, 4),
(850, NULL, NULL, '52168 Sipes Mill 82159-1233 Schneiderland', 1, '2024-02-12 20:05:15', 231, 18),
(851, NULL, NULL, '17603 Sheridan Mills 45590 Lake Velva', 0, '2023-08-16 00:22:56', 231, 20),
(852, NULL, NULL, '63544 April Course 78459-4429 Lowemouth', 1, '2024-03-11 18:19:22', 231, 23),
(853, NULL, NULL, '383 Anabel Viaduct 66322-7054 Martinton', 1, '2023-09-05 04:48:14', 231, 38),
(854, 394, 11, '4628 Reid Islands 28258-2687 New Marquis', 1, '2023-11-09 01:02:30', 231, 40),
(855, NULL, NULL, '282 Talia Bridge 07562-7195 North Hattie', 0, '2024-04-30 05:05:39', 231, 43),
(856, NULL, NULL, '25134 Murphy Isle 97841 Altaville', 1, '2023-08-31 03:52:00', 232, 35),
(857, NULL, NULL, '1818 Edwin Inlet 46631 Handmouth', 1, '2024-05-13 07:10:49', 232, 36),
(858, 266, 22, '075 Streich Overpass 27767 North Rhoda', 1, '2023-06-30 06:16:57', 234, 9),
(859, NULL, NULL, '727 Bechtelar Pass 52181 Alisonville', 0, '2023-09-02 23:20:47', 234, 14),
(860, 580, 19, '04927 Alysha Creek 42940 Emilianohaven', 0, '2024-03-19 03:39:50', 234, 16),
(861, NULL, NULL, '0006 Bailey Loop 58337-1839 Durganberg', 1, '2023-10-30 12:58:49', 234, 41),
(862, 289, 14, '27434 Marge Summit 66685-0233 Tampa', 1, '2024-03-11 23:14:49', 235, 9),
(863, NULL, NULL, '201 Roob Ports 14464 Port Macburgh', 0, '2023-07-08 05:07:49', 235, 14),
(864, 883, 16, '42361 Harvey Skyway 04692 Raleigh', 0, '2023-06-30 02:35:23', 235, 16),
(865, NULL, NULL, '07237 O\'Kon Run 65232-5279 Barrowsside', 1, '2023-12-13 08:34:41', 235, 41),
(866, NULL, NULL, '3779 Reinhold Land 02111 Ethylview', 0, '2024-05-12 04:11:53', 236, 1),
(867, NULL, NULL, '738 Arne Overpass 32114-7664 Heidenreichside', 0, '2023-11-03 07:49:05', 236, 7),
(868, 206, 20, '36200 Jace Loop 89890 Schultzside', 0, '2023-06-19 17:23:12', 236, 12),
(869, NULL, NULL, '6579 Boyer Lakes 96191-0121 Oberbrunnershire', 1, '2024-01-09 14:22:16', 236, 17),
(870, 302, 19, '3078 Hettie Tunnel 22994-2100 New Melbaburgh', 0, '2023-10-10 14:50:38', 236, 19),
(871, NULL, NULL, '223 Grimes Ford 52593-9651 Lueilwitztown', 1, '2023-11-23 00:26:33', 236, 21),
(872, NULL, NULL, '4227 Stiedemann Mount 54382 Lydiastad', 0, '2024-03-11 22:48:21', 236, 24),
(873, NULL, NULL, '7934 Nicole Curve 36250 New Ottilie', 1, '2024-03-11 05:19:41', 236, 32),
(874, NULL, NULL, '0119 Waelchi Road 48517 Muellerberg', 0, '2023-09-12 09:40:27', 236, 44),
(875, NULL, NULL, '294 Turcotte Gardens 21216 East Vida', 1, '2024-03-03 22:06:05', 236, 49),
(876, NULL, NULL, '847 Providenci Keys 75805 Lake Micah', 0, '2024-04-30 12:18:42', 239, 1),
(877, 279, 14, '730 Crist Port 46565-9015 East Aniyah', 0, '2023-08-15 17:35:32', 239, 7),
(878, 545, 20, '3355 Adeline Squares 93174 East Blancaton', 0, '2023-10-30 15:46:13', 239, 12),
(879, NULL, NULL, '9431 Corwin Pass 23023-2231 South Narcisohaven', 1, '2023-05-25 07:36:23', 239, 17),
(880, 342, 10, '69841 Layne Curve 13598-5058 West Demario', 0, '2024-03-29 09:11:07', 239, 19),
(881, NULL, NULL, '4207 Gottlieb Manors 22517-8889 Westonchester', 1, '2024-04-19 14:18:13', 239, 21),
(882, NULL, NULL, '08359 Teagan Locks 98473-4215 Toyberg', 0, '2024-03-02 20:05:00', 239, 24),
(883, NULL, NULL, '4187 Brennon Port 51297 New Abigale', 1, '2023-06-11 23:26:48', 239, 32),
(884, NULL, NULL, '9712 Maggio Mills 31010 Port Keyonmouth', 0, '2023-11-09 22:16:11', 239, 44),
(885, NULL, NULL, '04768 Altenwerth Trail 23844 Maxiehaven', 1, '2024-02-08 14:46:22', 239, 49),
(886, 794, 10, '5100 Parker Fort 32251 Port Kaitlin', 0, '2024-04-10 19:15:42', 242, 30),
(887, NULL, NULL, '5327 Pearline Via 65069 Tadmouth', 0, '2024-03-06 08:34:10', 243, 48),
(888, 644, 19, '382 Mann Forges 43489-3600 Jazmynmouth', 1, '2024-02-01 01:43:10', 244, 35),
(889, NULL, NULL, '630 Amelie Spurs 74590-9566 West Darion', 1, '2023-11-19 23:32:49', 244, 36),
(890, 445, 17, '36975 Okuneva Mount 50957 Lowell', 1, '2023-06-21 15:17:48', 246, 9),
(891, NULL, NULL, '334 Shanahan Haven 70507 Robelfurt', 0, '2023-11-10 04:23:20', 246, 14),
(892, NULL, NULL, '18762 Zieme Ridges 32741 Queenland', 0, '2024-02-12 00:17:00', 246, 16),
(893, NULL, NULL, '09710 Conor Pike 69985-7570 West Sacramento', 1, '2024-02-12 15:50:13', 246, 41),
(894, 218, 12, '765 Russel Spring 13511-3994 Des Moines', 0, '2024-05-22 13:09:43', 248, 30),
(895, NULL, NULL, '349 Gust Union 01763 Valdosta', 0, '2023-08-19 18:31:04', 249, 31),
(896, NULL, NULL, '479 Lavina Fort 77588-2041 Wolffberg', 1, '2023-07-24 19:42:58', 250, 37),
(897, 275, 18, '551 Greenfelder Club 06484 Gulgowskishire', 0, '2024-04-02 21:09:11', 251, 3),
(898, NULL, NULL, '23511 Stephen Orchard 95490 North Dustin', 0, '2023-10-22 05:55:44', 251, 4),
(899, NULL, NULL, '58480 Batz Pike 36140-4439 Fairfield', 1, '2023-10-03 04:05:59', 251, 18),
(900, NULL, NULL, '0110 Claire Mountain 59931-4778 Manteview', 0, '2023-06-08 13:39:21', 251, 20),
(901, 623, 16, '0152 Glover Island 08024 East Abbigail', 1, '2024-03-11 01:04:00', 251, 23),
(902, NULL, NULL, '49627 Kutch Via 36516-9646 West Florinemouth', 1, '2024-01-14 16:49:32', 251, 38),
(903, NULL, NULL, '1357 Charlie Mountains 84279 Gaylordview', 1, '2023-09-01 04:42:30', 251, 40),
(904, NULL, NULL, '5753 Katherine Viaduct 96468 Hermanland', 0, '2023-12-16 21:07:04', 251, 43),
(905, NULL, NULL, '5932 Bernier Drive 51617 East Furmanville', 0, '2023-05-29 13:50:15', 252, 8),
(906, 955, 20, '31162 Hailee Shore 89652 North Matteofort', 0, '2024-04-02 01:44:59', 252, 34),
(907, NULL, NULL, '6554 Sanford Brook 56138-5914 West Deion', 0, '2024-04-30 00:35:34', 256, 8),
(908, NULL, NULL, '3767 Agnes Parks 59380 North Oliverburgh', 0, '2024-05-14 03:16:16', 256, 34),
(909, NULL, NULL, '93902 Waelchi Springs 07236 Colton', 0, '2024-05-05 04:03:05', 262, 13),
(910, 950, 21, '589 Monte Parkway 39794 Brandynside', 0, '2023-08-05 13:54:32', 262, 15),
(911, NULL, NULL, '5221 Russel Skyway 36954 Deerfield Beach', 1, '2024-05-12 21:27:10', 262, 29),
(912, 371, 22, '37497 Greenfelder Hollow 98345-9099 Jeromyburgh', 1, '2023-09-28 10:36:29', 266, 35),
(913, NULL, NULL, '4214 Hollis Squares 22521-5148 South Charliemouth', 1, '2023-08-18 03:12:34', 266, 36),
(914, NULL, NULL, '66429 Veum Hills 47376-5356 Tobyfort', 0, '2023-08-01 15:58:36', 268, 13),
(915, NULL, NULL, '82010 Viviane Knoll 96505 Morarborough', 0, '2023-08-15 09:08:42', 268, 15),
(916, NULL, NULL, '1267 Jensen Mountain 43442-4362 Port Violettefurt', 1, '2023-08-20 11:35:25', 268, 29),
(917, NULL, NULL, '765 Hirthe Forks 94039 Port Lavonnehaven', 0, '2024-04-01 22:03:08', 270, 8),
(918, NULL, NULL, '004 Kailey Wells 73516-7097 North Gwendolynport', 0, '2024-04-09 18:14:25', 270, 34),
(919, NULL, NULL, '227 Amira Center 02422-6309 Port Alexys', 0, '2024-04-21 17:53:28', 272, 3),
(920, 836, 21, '24857 Buford Ranch 73763 Flagstaff', 0, '2024-03-06 08:13:08', 272, 4),
(921, NULL, NULL, '00917 Lindsay Estate 54002-5719 Jaimeport', 1, '2023-11-11 17:16:00', 272, 18),
(922, 516, 11, '734 Jacklyn Bridge 64872-9745 Fort Myers', 0, '2023-06-03 18:18:12', 272, 20),
(923, 299, 21, '15147 Strosin Field 73373 Spring Hill', 1, '2023-11-06 11:39:42', 272, 23),
(924, NULL, NULL, '264 Raymond Village 84932 South Richieburgh', 1, '2024-02-13 04:03:13', 272, 38),
(925, NULL, NULL, '02697 West Bypass 28899-1863 Doyleton', 1, '2024-02-28 08:41:55', 272, 40),
(926, NULL, NULL, '736 Kunde Bypass 97620-3789 Lake Ashafurt', 0, '2023-10-10 12:29:20', 272, 43),
(927, NULL, NULL, '44580 Robbie Rue 51766 Port Lesly', 0, '2023-06-09 16:43:16', 273, 1),
(928, NULL, NULL, '83165 Mustafa Harbors 27763-4795 Lake Nashmouth', 0, '2023-08-26 07:24:06', 273, 7),
(929, NULL, NULL, '716 Gaylord Club 86658 Dallas', 0, '2024-02-21 03:34:08', 273, 12),
(930, NULL, NULL, '80801 Bauch Forest 50139 Octaviatown', 1, '2024-04-25 06:13:19', 273, 17),
(931, NULL, NULL, '320 Schuyler Extensions 99550-0260 South Louie', 0, '2023-09-06 14:37:35', 273, 19),
(932, NULL, NULL, '35224 Roxane Gardens 35272-1339 Temecula', 1, '2024-03-16 09:01:14', 273, 21),
(933, 432, 15, '256 Becker Mountains 85437-0836 Faheyfurt', 0, '2023-07-17 09:53:22', 273, 24),
(934, NULL, NULL, '02058 Rosa Burg 89649-0147 Lake Vernice', 1, '2023-11-29 03:26:04', 273, 32),
(935, NULL, NULL, '973 Garett Branch 05797 New Kamron', 0, '2023-07-15 04:40:14', 273, 44),
(936, NULL, NULL, '79163 Quinn Light 45842-0618 Tulsa', 1, '2023-06-28 14:27:04', 273, 49),
(937, NULL, NULL, '519 Alphonso Parkways 08375 Minnetonka', 0, '2023-07-11 04:12:00', 274, 1),
(938, NULL, NULL, '156 Deckow Spring 12563-4636 Bransonstad', 0, '2023-07-30 21:19:34', 274, 7),
(939, 988, 14, '06413 Okuneva Isle 92923-5157 Lake Reagan', 0, '2023-12-19 06:28:09', 274, 12),
(940, NULL, NULL, '043 Myrtie Freeway 87302-9668 Bessiehaven', 1, '2023-10-10 22:22:49', 274, 17),
(941, NULL, NULL, '01975 Ernser Trace 00270-5363 Luigibury', 0, '2023-06-13 14:23:20', 274, 19),
(942, NULL, NULL, '5024 Bailey Street 18155-8425 Huntington', 1, '2024-01-01 12:36:00', 274, 21),
(943, NULL, NULL, '63913 Owen Ports 30957 Kassulkehaven', 0, '2023-08-25 02:06:59', 274, 24),
(944, NULL, NULL, '429 Gislason Gateway 73432-5226 Mateochester', 1, '2024-02-02 15:31:56', 274, 32),
(945, NULL, NULL, '629 Blaise Springs 91307 Hermanview', 0, '2023-10-12 04:42:30', 274, 44),
(946, NULL, NULL, '808 Brittany Hills 26945 Port Ryley', 1, '2023-07-01 11:18:37', 274, 49),
(947, NULL, NULL, '247 Zboncak Turnpike 14893-8241 Cerritos', 0, '2024-03-06 05:13:45', 276, 31),
(948, NULL, NULL, '4284 Calista Trail 90424 Spinkamouth', 0, '2024-03-20 16:56:30', 277, 1),
(949, NULL, NULL, '25983 Padberg Rue 48226-9562 Lake Aric', 0, '2023-07-27 09:17:22', 277, 7),
(950, 960, 19, '9473 Wyman Rue 07382-3574 Midland', 0, '2024-03-18 01:52:18', 277, 12),
(951, NULL, NULL, '416 Genesis Grove 46617 Port Charity', 1, '2023-07-30 05:35:40', 277, 17),
(952, NULL, NULL, '1722 Wolf Drive 80546 Heaneyland', 0, '2024-01-25 22:45:01', 277, 19),
(953, NULL, NULL, '4569 Roberts Road 24964 Hoboken', 1, '2023-08-15 06:52:19', 277, 21),
(954, NULL, NULL, '351 Jacinto Oval 26232 Raphaelleberg', 0, '2024-04-12 20:49:03', 277, 24),
(955, NULL, NULL, '60881 Stark Village 66495 Robelfort', 1, '2024-03-28 14:43:54', 277, 32),
(956, NULL, NULL, '04717 Nora Rue 05578 League City', 0, '2023-08-15 06:48:01', 277, 44),
(957, 788, 12, '86743 Wilbert Ports 92215-2001 Ratketon', 1, '2023-07-27 07:43:08', 277, 49),
(958, NULL, NULL, '37217 Hermann Expressway 04188-9576 Johnstonhaven', 0, '2024-01-23 01:50:52', 282, 1),
(959, NULL, NULL, '5807 Haley Crossroad 48092-6033 El Cajon', 0, '2024-01-10 07:49:11', 282, 7),
(960, NULL, NULL, '69347 Balistreri Flat 79296 Gutkowskishire', 0, '2023-12-06 10:26:25', 282, 12),
(961, 768, 16, '1306 Kerluke Cape 22065-0945 Lake Amosport', 1, '2023-12-26 11:21:04', 282, 17),
(962, NULL, NULL, '871 Jaskolski Pine 83124-1637 West Carolyne', 0, '2023-06-10 16:04:18', 282, 19),
(963, 811, 12, '190 Asa Neck 44381 Hanford', 1, '2024-01-21 11:49:34', 282, 21),
(964, NULL, NULL, '21283 Alta Turnpike 11543-5573 East Harleyview', 0, '2024-03-12 14:52:24', 282, 24),
(965, NULL, NULL, '0955 Hoppe Parkway 96446 South Jordan', 1, '2023-10-09 02:13:04', 282, 32),
(966, NULL, NULL, '074 Matilde Estates 28921-9327 Jacquelyntown', 0, '2023-05-27 17:18:45', 282, 44),
(967, 318, 12, '32327 Legros Union 03922-7975 Brekkeview', 1, '2023-11-27 06:45:21', 282, 49),
(968, NULL, NULL, '160 Hailey Island 72180 Enolashire', 1, '2023-10-25 10:37:06', 283, 9),
(969, NULL, NULL, '57421 Willms Lake 08591 Stratford', 0, '2023-09-02 20:39:02', 283, 14),
(970, NULL, NULL, '2030 Lolita Cape 53555-9846 Osinskiview', 0, '2024-01-13 15:20:15', 283, 16),
(971, NULL, NULL, '3034 Moore Tunnel 67645-8194 Parma', 1, '2023-06-30 04:28:53', 283, 41),
(972, NULL, NULL, '35995 Hamill Trafficway 64858-7435 Raynorville', 0, '2023-12-27 11:30:21', 284, 5),
(973, NULL, NULL, '412 Cartwright Ridges 22558 Grimesmouth', 0, '2024-05-21 23:34:56', 284, 11),
(974, NULL, NULL, '72513 Jadyn Hills 40263 Taniaside', 1, '2023-07-11 02:28:46', 284, 46),
(975, NULL, NULL, '47095 Hane Freeway 16478 Hermistonland', 0, '2024-03-20 23:07:26', 285, 8),
(976, NULL, NULL, '67978 Prohaska Turnpike 64381 South Kim', 0, '2023-11-08 21:44:16', 285, 34),
(977, NULL, NULL, '1934 Adriel Lights 22881 Hegmannton', 1, '2023-06-23 20:43:23', 286, 37),
(978, 814, 16, '134 Colt Loaf 13510 East Willardmouth', 0, '2023-06-13 00:43:45', 287, 31),
(979, NULL, NULL, '77039 Dovie Rest 67119-7215 East Boydside', 0, '2023-09-21 22:30:14', 289, 1),
(980, NULL, NULL, '0101 Dooley Station 03089-0875 Leannonshire', 0, '2023-12-08 17:10:34', 289, 7),
(981, NULL, NULL, '8771 Yundt Station 78697-6512 Port Ethylview', 0, '2023-07-04 11:06:43', 289, 12),
(982, NULL, NULL, '70526 West Ferry 15183-3537 Port Babyville', 1, '2023-06-19 21:44:40', 289, 17),
(983, NULL, NULL, '848 Jamil Spring 05405 North Wilhelmine', 0, '2023-09-22 02:03:46', 289, 19),
(984, NULL, NULL, '7788 Pouros Ports 65461 South Prudenceton', 1, '2023-10-18 04:00:50', 289, 21),
(985, NULL, NULL, '10585 Leila Parkway 47327 Jazlynfort', 0, '2024-01-12 01:09:45', 289, 24),
(986, 768, 12, '6396 Bernier Route 51406 West Victorfurt', 1, '2023-08-30 05:51:17', 289, 32),
(987, NULL, NULL, '6999 Hank Hills 30885-5193 Port Gradyfort', 0, '2023-10-20 20:57:03', 289, 44),
(988, NULL, NULL, '739 Hortense Skyway 16838 Denton', 1, '2023-10-19 17:10:01', 289, 49),
(989, NULL, NULL, '9615 Hickle Lodge 41411 North Arnoldtown', 1, '2024-05-22 21:54:13', 293, 35),
(990, NULL, NULL, '38043 Ben Knoll 92854-5236 Port Olgabury', 1, '2023-06-16 21:48:57', 293, 36),
(991, 744, 21, '86236 Gilbert Mews 64778 Lewisville', 0, '2023-08-08 01:43:24', 295, 3),
(992, 350, 19, '54742 Boyer Junction 30624-0344 Lake Rozellafurt', 0, '2023-10-05 05:24:39', 295, 4),
(993, NULL, NULL, '240 Berge Plains 27260 Lake Sheridan', 1, '2023-10-02 06:21:36', 295, 18),
(994, NULL, NULL, '85608 Mittie Drive 36842-2305 North Hallemouth', 0, '2023-12-24 14:42:00', 295, 20),
(995, NULL, NULL, '284 Hessel Place 81475 Clifton', 1, '2023-10-12 01:46:03', 295, 23),
(996, NULL, NULL, '10629 Davis Oval 50337-6152 South Collin', 1, '2024-05-17 08:57:45', 295, 38),
(997, NULL, NULL, '3280 O\'Conner Neck 41432 Lake Nicola', 1, '2024-05-05 16:11:22', 295, 40),
(998, 934, 18, '8435 Bartoletti Expressway 77534 Huelschester', 0, '2023-05-26 00:47:07', 295, 43),
(999, 666, 10, '6224 Jacey Plains 10777 Josianeport', 0, '2024-01-29 21:47:19', 299, 1),
(1000, 816, 10, '5039 Heidenreich Tunnel 89723 Santa Clarita', 0, '2024-04-10 06:25:31', 299, 7),
(1001, NULL, NULL, '182 Renee Court 12746-8666 Redondo Beach', 0, '2023-07-21 10:27:23', 299, 12),
(1002, NULL, NULL, '2649 Swift Mill 77199-0742 West Angelbury', 1, '2023-05-25 02:33:53', 299, 17),
(1003, 510, 19, '27970 George Mill 45039 Mckennaborough', 0, '2024-03-24 19:09:22', 299, 19),
(1004, 800, 13, '3758 Von Villages 45389 Lake Elton', 1, '2023-08-05 04:01:16', 299, 21),
(1005, 491, 20, '1138 Laverna Brook 93796 Bechtelarfort', 0, '2023-10-14 16:20:58', 299, 24),
(1006, NULL, NULL, '8787 Hammes Canyon 85787-0761 Schneiderbury', 1, '2023-06-30 00:23:23', 299, 32),
(1007, NULL, NULL, '538 Shields Summit 58012 Schinnertown', 0, '2024-05-21 05:54:53', 299, 44),
(1008, 672, 12, '7287 Benjamin Canyon 48930 Izaiahtown', 1, '2024-04-12 15:59:06', 299, 49),
(1009, 686, 11, '3713 Pfannerstill Islands 96828 North Normatown', 0, '2024-05-18 17:21:44', 301, 3),
(1010, NULL, NULL, '91361 Marlin Square 76244 Baronland', 0, '2024-03-26 20:12:51', 301, 4),
(1011, NULL, NULL, '1577 Tad Turnpike 74407-0156 Levittown', 1, '2023-06-14 18:44:46', 301, 18),
(1012, NULL, NULL, '5656 Jeanette Creek 97289 Miami', 0, '2023-05-27 11:48:09', 301, 20),
(1013, NULL, NULL, '0303 Erin Ridge 89629 Leonorville', 1, '2023-08-12 16:23:21', 301, 23),
(1014, NULL, NULL, '13285 Zena Spur 52145-1881 New Haven', 1, '2024-01-07 05:06:28', 301, 38),
(1015, NULL, NULL, '588 Purdy Court 39094 Warner Robins', 1, '2023-06-23 12:53:50', 301, 40),
(1016, NULL, NULL, '035 Zion Spurs 59521 Port Joanny', 0, '2023-11-08 17:24:43', 301, 43),
(1017, NULL, NULL, '40242 Runolfsson Pike 10819 Connfort', 0, '2024-05-15 01:56:22', 302, 31),
(1018, NULL, NULL, '829 Francisca Rest 39515-3033 East Erwinhaven', 0, '2023-12-28 16:36:27', 303, 1),
(1019, NULL, NULL, '4939 Lula Light 13437-9761 Lake Wilmerport', 0, '2023-10-01 12:37:15', 303, 7),
(1020, 971, 20, '67492 Greenfelder Ridges 05465 Omarifurt', 0, '2024-04-01 10:21:30', 303, 12),
(1021, NULL, NULL, '3967 Huels Rapid 63792 New Loma', 1, '2024-01-20 16:43:19', 303, 17),
(1022, NULL, NULL, '755 Casper Harbor 64660-3583 Lake Assunta', 0, '2023-10-02 00:43:06', 303, 19),
(1023, NULL, NULL, '12951 Theresa Landing 10658-7639 North Liam', 1, '2024-02-26 03:33:40', 303, 21),
(1024, 830, 21, '39203 Morgan Harbor 31174 Rodriguezhaven', 0, '2023-09-27 13:44:06', 303, 24),
(1025, NULL, NULL, '047 Maxime Vista 38839-9075 New Soniabury', 1, '2024-05-17 02:26:03', 303, 32),
(1026, NULL, NULL, '625 Prosacco Stream 06160 South Constanceborough', 0, '2023-09-27 23:01:23', 303, 44),
(1027, 701, 15, '2275 Littel Shoal 31682-0668 West Jalonville', 1, '2024-05-14 00:15:58', 303, 49),
(1028, NULL, NULL, '2882 Powlowski Viaduct 67227-1500 Devanteland', 0, '2024-05-09 00:29:02', 304, 1),
(1029, NULL, NULL, '23121 Altenwerth Dale 03962-7822 Murray', 0, '2024-01-26 10:20:52', 304, 7),
(1030, NULL, NULL, '0774 Haylie Skyway 66996 New Meganeville', 0, '2024-05-14 09:19:28', 304, 12),
(1031, 943, 16, '765 Rosenbaum Island 81975-7540 Inglewood', 1, '2023-12-12 20:04:17', 304, 17),
(1032, NULL, NULL, '2886 Senger Lodge 09476-4758 Tylerview', 0, '2023-11-20 08:52:18', 304, 19),
(1033, NULL, NULL, '39223 Swaniawski Trail 88406-2503 South Eduardofort', 1, '2023-08-18 21:26:34', 304, 21),
(1034, 953, 21, '946 Pamela Canyon 60797 Kleinhaven', 0, '2023-07-15 09:31:56', 304, 24),
(1035, NULL, NULL, '43485 Hulda Field 51973-9581 Westland', 1, '2023-12-31 08:36:35', 304, 32),
(1036, NULL, NULL, '27077 Rogelio Fields 31179 Langoshview', 0, '2023-06-16 19:05:58', 304, 44),
(1037, NULL, NULL, '55910 Nicholas Mountains 88397 Volkmanhaven', 1, '2023-10-28 06:27:36', 304, 49),
(1038, NULL, NULL, '019 Botsford Valleys 36762-2640 Springfield', 1, '2024-04-06 23:24:15', 306, 6),
(1039, NULL, NULL, '988 Bartoletti Mountain 98346 Johnsfurt', 0, '2023-12-27 00:28:21', 306, 10),
(1040, NULL, NULL, '31421 Rosario Harbor 66173-4189 Alizeside', 1, '2024-02-16 20:04:20', 309, 37),
(1041, NULL, NULL, '52169 Lera Forks 52769 Mosheland', 0, '2023-12-11 01:13:25', 311, 30),
(1042, NULL, NULL, '5819 Damian Cape 62029 Eliezermouth', 1, '2023-06-07 04:47:58', 312, 28),
(1043, 220, 11, '640 Sanford Flat 31550-5473 Port Israelport', 0, '2023-07-19 16:52:39', 312, 42),
(1044, NULL, NULL, '599 Wilbert Crescent 55151-6859 New Helga', 1, '2023-07-16 05:00:50', 312, 47),
(1045, NULL, NULL, '1231 Langworth Oval 17375-1480 Patiencestad', 0, '2024-04-09 12:55:32', 313, 3),
(1046, NULL, NULL, '9371 Hintz Ranch 83019-1675 Agustinview', 0, '2023-06-26 17:09:30', 313, 4),
(1047, NULL, NULL, '583 Cruickshank Village 42798-1915 Noemistad', 1, '2024-02-05 02:33:19', 313, 18),
(1048, NULL, NULL, '27309 Kohler Ridges 50762 West Ledamouth', 0, '2024-05-18 15:06:27', 313, 20),
(1049, 763, 13, '0386 Elta Passage 57795-4626 North Mckenziestad', 1, '2023-11-11 06:54:22', 313, 23),
(1050, NULL, NULL, '3351 Emerson Inlet 81719-6386 Annamariechester', 1, '2023-07-10 23:00:49', 313, 38),
(1051, NULL, NULL, '634 Doris Drive 43304-6915 Zulaufland', 1, '2023-06-11 21:35:03', 313, 40),
(1052, 419, 13, '02676 Altenwerth Fork 98489 Greenshire', 0, '2024-02-19 05:46:34', 313, 43),
(1053, NULL, NULL, '2374 Devyn Prairie 48183-8981 Beckershire', 1, '2024-04-02 09:41:34', 315, 2),
(1054, NULL, NULL, '712 Koepp Rest 45065-2657 West Bert', 0, '2023-06-16 07:28:09', 315, 22),
(1055, 649, 11, '6071 Violet Manor 06798-9218 Rancho Palos Verdes', 0, '2023-09-17 06:08:28', 315, 26),
(1056, NULL, NULL, '91148 Raleigh Stream 39454 Jonesburgh', 1, '2023-10-15 08:19:47', 315, 27),
(1057, NULL, NULL, '685 Nikolaus Field 17711 Port Coraland', 0, '2024-05-08 16:42:44', 315, 39),
(1058, 928, 16, '8547 O\'Hara View 73203-1147 East Neha', 0, '2023-08-13 14:08:43', 320, 30),
(1059, 618, 17, '8934 Madyson Ports 20430 Jenkinsfurt', 0, '2023-11-01 15:46:43', 322, 30),
(1060, NULL, NULL, '6458 Jenkins Shores 95911-9971 Sterling Heights', 0, '2023-08-12 23:14:00', 324, 8),
(1061, 965, 17, '9948 Diego Wall 86911-1974 Clementhaven', 0, '2023-12-01 12:57:31', 324, 34),
(1062, NULL, NULL, '076 Neil Springs 88528-2237 Hacienda Heights', 1, '2023-07-19 04:25:06', 325, 35),
(1063, NULL, NULL, '462 Feeney Springs 20056-5941 Port Jermainville', 1, '2023-05-30 06:17:37', 325, 36),
(1064, 955, 20, '26797 Vada Parkways 67226 West Daishaland', 0, '2024-01-17 03:31:15', 326, 1),
(1065, NULL, NULL, '2171 Devonte Hills 21892 Lake Zechariahport', 0, '2024-04-03 09:33:28', 326, 7),
(1066, NULL, NULL, '783 Ayana Lights 33606-2984 Reinholdberg', 0, '2024-01-27 03:20:48', 326, 12),
(1067, NULL, NULL, '654 Klein Lane 41694 Noblehaven', 1, '2023-07-19 01:34:20', 326, 17);
INSERT INTO `session_user_option` (`option_id`, `user_price`, `tva`, `addressExam`, `isCandidate`, `DateTime`, `sessionUser_id`, `exam_id`) VALUES
(1068, NULL, NULL, '7140 Stoltenberg Road 38277-3225 Westbury', 0, '2023-06-17 22:49:14', 326, 19),
(1069, 607, 10, '5531 Brandi Keys 79019 Bethlehem', 1, '2024-04-19 21:32:15', 326, 21),
(1070, NULL, NULL, '3113 Sibyl Branch 22042 Markusborough', 0, '2024-04-20 10:41:44', 326, 24),
(1071, 423, 20, '97501 Garry Ways 10909 Emilieside', 1, '2023-06-20 09:44:13', 326, 32),
(1072, NULL, NULL, '217 Leuschke Groves 66866 Hudsonfurt', 0, '2023-07-02 08:07:03', 326, 44),
(1073, NULL, NULL, '85227 Keira Court 45413-2433 Hermannmouth', 1, '2023-08-22 13:13:34', 326, 49),
(1074, NULL, NULL, '1228 Keenan Square 72691-0116 Port Ernestine', 0, '2023-09-08 12:24:07', 327, 1),
(1075, 487, 22, '731 Humberto Skyway 35961 McGlynnborough', 0, '2023-10-30 04:55:39', 327, 7),
(1076, NULL, NULL, '1937 Cormier Estates 72071 Linden', 0, '2023-07-12 22:42:13', 327, 12),
(1077, NULL, NULL, '503 Reichert Forks 68439-6611 South Jailynfort', 1, '2023-12-01 18:00:47', 327, 17),
(1078, NULL, NULL, '07554 Joseph Wall 75607 New Alfordstad', 0, '2023-10-20 07:56:33', 327, 19),
(1079, NULL, NULL, '301 Doris Fields 59991-1988 New Wayne', 1, '2023-12-16 21:40:23', 327, 21),
(1080, NULL, NULL, '6002 Kris Parkways 59021 Erdmanview', 0, '2024-03-23 05:06:22', 327, 24),
(1081, NULL, NULL, '8127 Whitney Expressway 18279-2706 Freddybury', 1, '2024-04-20 13:37:49', 327, 32),
(1082, NULL, NULL, '41846 Sage Station 11878 Folsom', 0, '2023-06-26 00:27:35', 327, 44),
(1083, NULL, NULL, '231 Desmond Squares 12643 West Hannaville', 1, '2023-09-06 06:43:03', 327, 49),
(1084, NULL, NULL, '7059 Metz Club 15532-2887 South Dorthaburgh', 1, '2023-07-10 04:02:53', 328, 35),
(1085, NULL, NULL, '7835 Kovacek Heights 60610-6695 South Raymond', 1, '2024-02-02 02:18:06', 328, 36),
(1086, 377, 12, '5120 Stanton Fields 27026 Jenkinsside', 0, '2024-03-30 12:30:34', 329, 8),
(1087, NULL, NULL, '314 Alden Shoal 27509-9988 Arnoldmouth', 0, '2023-10-14 08:33:09', 329, 34),
(1088, NULL, NULL, '73487 Corkery Summit 32251 Brentwood', 0, '2023-09-10 17:19:59', 331, 1),
(1089, NULL, NULL, '826 Rosenbaum Isle 17439 Ofeliaside', 0, '2024-05-17 05:53:06', 331, 7),
(1090, NULL, NULL, '30545 Freddy Lane 66116-1451 New Henry', 0, '2023-11-08 09:38:20', 331, 12),
(1091, NULL, NULL, '48353 Herzog Stream 01155 Albany', 1, '2023-06-18 14:34:52', 331, 17),
(1092, NULL, NULL, '76729 Buckridge Lakes 74054-9017 West Raphaelfurt', 0, '2023-11-04 10:51:55', 331, 19),
(1093, NULL, NULL, '2011 Wilderman Trace 96966-3742 North Monroefort', 1, '2024-01-13 18:24:32', 331, 21),
(1094, NULL, NULL, '49885 Cummings Pass 86887-1400 New Queenmouth', 0, '2024-02-15 01:59:23', 331, 24),
(1095, NULL, NULL, '04836 Lexus Island 92278-5939 East Nataliaport', 1, '2023-10-08 09:58:04', 331, 32),
(1096, NULL, NULL, '56624 Cyril Turnpike 86387-2291 Phoenix', 0, '2024-03-09 10:32:51', 331, 44),
(1097, 482, 20, '95993 Tromp Ville 33412 Port Maryview', 1, '2024-03-15 18:40:37', 331, 49),
(1098, NULL, NULL, '2809 Brekke Valley 98972 Dietrichmouth', 0, '2023-08-03 09:46:58', 336, 13),
(1099, NULL, NULL, '9575 Block Haven 48425 Fontana', 0, '2024-01-02 06:56:03', 336, 15),
(1100, 628, 15, '00079 Peyton Causeway 85415-8223 West Myrtice', 1, '2023-08-05 09:44:52', 336, 29),
(1101, NULL, NULL, '870 Eric Pines 84749 Turnerville', 0, '2024-01-21 08:07:04', 338, 48),
(1102, NULL, NULL, '6154 Jacobson Circles 67734 East Julietville', 0, '2023-09-01 03:22:13', 339, 13),
(1103, NULL, NULL, '66537 Bernhard Parkways 17645 Twin Falls', 0, '2023-11-06 05:37:59', 339, 15),
(1104, NULL, NULL, '7807 Tyrese Garden 01138-1148 Kendrickborough', 1, '2023-12-15 10:56:12', 339, 29),
(1105, NULL, NULL, '48610 Leda Burg 02741 East Brittanyport', 0, '2024-01-22 13:30:46', 340, 13),
(1106, NULL, NULL, '1846 Schimmel Plaza 93334-7676 Jacobschester', 0, '2024-03-30 20:08:58', 340, 15),
(1107, NULL, NULL, '502 Libby Mission 31204-4778 Lake Jonathanland', 1, '2023-09-14 20:38:52', 340, 29),
(1108, NULL, NULL, '459 Hazel Field 01841-2088 Earlineton', 0, '2023-10-05 19:01:42', 341, 31),
(1109, NULL, NULL, '51821 Antwan Gardens 60766-0514 Roweland', 0, '2023-06-02 20:16:28', 344, 31),
(1110, NULL, NULL, '41870 Martina Lock 33494-3770 Goldnerhaven', 1, '2023-11-30 07:56:37', 351, 9),
(1111, NULL, NULL, '48278 Yvonne Mountain 16150 Janesville', 0, '2023-09-30 17:17:09', 351, 14),
(1112, NULL, NULL, '2510 Weber Dale 03863 West Sydney', 0, '2024-02-25 07:56:35', 351, 16),
(1113, NULL, NULL, '60690 Bessie Light 60884-5565 New Verona', 1, '2023-06-14 10:05:35', 351, 41),
(1114, NULL, NULL, '301 Quitzon Center 97882-0132 Wauwatosa', 0, '2023-06-16 14:37:22', 352, 8),
(1115, 529, 21, '1747 Lesch Shore 49077-4508 Lake Jana', 0, '2023-06-06 04:59:43', 352, 34),
(1116, NULL, NULL, '725 Dicki Causeway 29985 South Merrittside', 1, '2023-11-13 15:14:53', 354, 35),
(1117, NULL, NULL, '9802 Blanda Views 39959-7260 Uptonshire', 1, '2023-09-29 01:01:57', 354, 36),
(1118, NULL, NULL, '664 Aida Fall 48672 Strosinhaven', 0, '2024-02-08 06:32:09', 355, 30),
(1119, NULL, NULL, '711 Kutch Radial 96730-0312 New Orleans', 1, '2023-12-23 04:42:47', 358, 9),
(1120, NULL, NULL, '4463 Barrows Mews 98761-4079 Lake Lonnyside', 0, '2024-01-30 07:46:20', 358, 14),
(1121, 240, 12, '511 Ernser Spur 19224-8187 West Reginald', 0, '2023-10-19 19:01:21', 358, 16),
(1122, NULL, NULL, '115 Sheridan Ways 25825-3534 South Augustusport', 1, '2024-03-16 02:08:29', 358, 41),
(1123, 252, 14, '3692 Jacobs Prairie 80994 South Mortonshire', 0, '2024-02-17 02:20:34', 361, 1),
(1124, NULL, NULL, '20059 Herminio Falls 39449 East Hendersonfurt', 0, '2024-03-02 11:59:49', 361, 7),
(1125, NULL, NULL, '5691 Zboncak Run 42056 Busterton', 0, '2023-11-26 02:20:40', 361, 12),
(1126, 993, 10, '062 Adrian Inlet 05590-8802 Franklin', 1, '2023-12-11 20:12:42', 361, 17),
(1127, 245, 20, '696 Antonette Heights 02309-9417 Blanchebury', 0, '2023-07-22 13:21:08', 361, 19),
(1128, NULL, NULL, '4967 Korbin Passage 38621 West Haylie', 1, '2023-12-28 19:23:50', 361, 21),
(1129, 944, 14, '2084 Dorothea Fort 28007-5694 Harveyfurt', 0, '2024-03-31 10:35:48', 361, 24),
(1130, NULL, NULL, '5616 Sipes Drives 97491-5562 Croninton', 1, '2024-02-28 14:27:35', 361, 32),
(1131, NULL, NULL, '90704 Zoila Knolls 15682-5866 Irondequoit', 0, '2023-10-25 11:13:00', 361, 44),
(1132, 390, 11, '994 Baby Vista 56264 Andersonton', 1, '2024-01-24 21:27:51', 361, 49),
(1133, NULL, NULL, '46305 Dicki Row 99117 East Rudy', 1, '2023-07-17 23:12:17', 362, 35),
(1134, 548, 22, '78367 Rempel Orchard 21917-1058 Lake Darrionburgh', 1, '2023-05-25 22:23:44', 362, 36),
(1135, NULL, NULL, '3275 Rubie Ridges 71133 Port Fredmouth', 0, '2024-01-22 17:35:26', 367, 30),
(1136, 725, 16, '5993 Steuber Unions 81597-4151 Schimmelbury', 1, '2024-02-15 22:56:33', 368, 2),
(1137, NULL, NULL, '0017 Larkin Loaf 73602-5623 South Khalid', 0, '2024-04-06 20:04:04', 368, 22),
(1138, NULL, NULL, '6929 Patrick Flats 94215 Gulgowskiburgh', 0, '2023-08-02 06:35:24', 368, 26),
(1139, NULL, NULL, '6837 Baumbach Springs 70531 Lake Archton', 1, '2023-06-05 13:28:26', 368, 27),
(1140, NULL, NULL, '37018 Polly Village 83229 New Olliefurt', 0, '2023-11-04 22:10:17', 368, 39),
(1141, NULL, NULL, '43769 Muller Gardens 52908-4737 Betteton', 1, '2023-08-11 05:27:42', 369, 9),
(1142, NULL, NULL, '2335 Lowe Cape 70430-0148 East Jakeville', 0, '2023-07-11 16:47:39', 369, 14),
(1143, NULL, NULL, '167 Ken Summit 59208 Schillerside', 0, '2024-03-06 11:35:00', 369, 16),
(1144, NULL, NULL, '43799 Reinger Fork 44364 Enterprise', 1, '2024-04-02 13:26:42', 369, 41),
(1145, NULL, NULL, '713 Corwin Knolls 87959-1952 Krajcikfort', 0, '2023-10-12 19:59:53', 371, 1),
(1146, NULL, NULL, '90591 Hudson Mission 91445-1452 East Lurlinestad', 0, '2023-08-31 11:34:13', 371, 7),
(1147, 296, 22, '837 Lueilwitz Skyway 44742-4570 Oakland', 0, '2024-03-27 07:29:01', 371, 12),
(1148, 427, 10, '19311 Garry Valley 63812 South Assuntaport', 1, '2023-07-09 04:06:00', 371, 17),
(1149, NULL, NULL, '84322 Bechtelar Views 28761-3112 New Aliyahbury', 0, '2024-02-24 10:57:53', 371, 19),
(1150, NULL, NULL, '984 Janelle Avenue 01704-3344 South Chandler', 1, '2023-10-11 07:38:38', 371, 21),
(1151, NULL, NULL, '4541 Dewitt Mills 59534 Margate', 0, '2023-08-24 16:48:19', 371, 24),
(1152, NULL, NULL, '6828 Hegmann Trail 75885-6323 East Emilyside', 1, '2024-01-02 07:02:52', 371, 32),
(1153, NULL, NULL, '67397 Lueilwitz Turnpike 62317 Thousand Oaks', 0, '2023-09-10 00:54:32', 371, 44),
(1154, NULL, NULL, '0455 Jesse Pass 60642-2537 Calistaville', 1, '2024-03-27 18:53:51', 371, 49),
(1155, NULL, NULL, '62469 Joanne Shoal 49818 North Andy', 0, '2023-07-01 01:20:36', 372, 48),
(1156, NULL, NULL, '462 Chester Shoals 13605-0209 Port Aiyana', 0, '2023-06-30 10:51:52', 377, 8),
(1157, 691, 11, '02845 Marilou Plaza 32670 Shanelleland', 0, '2023-07-08 15:46:03', 377, 34),
(1158, NULL, NULL, '621 Leonora Forges 62108 North Rosinafort', 1, '2023-12-08 22:22:35', 379, 35),
(1159, NULL, NULL, '5922 Mueller Club 67027 Port Alvena', 1, '2024-04-21 15:03:32', 379, 36),
(1160, 203, 18, '594 Lurline Park 88721 O\'Reillytown', 0, '2023-06-22 05:16:33', 383, 1),
(1161, 264, 17, '106 Treutel Cove 18856-0907 East Lorenzafurt', 0, '2023-06-30 10:59:47', 383, 7),
(1162, NULL, NULL, '6450 Abernathy Dale 63718 Kamrenside', 0, '2023-10-23 21:08:13', 383, 12),
(1163, 291, 17, '4574 Erick Forest 23778 Noemiland', 1, '2023-12-15 11:03:21', 383, 17),
(1164, NULL, NULL, '3860 William Terrace 79986-7273 West Ricoview', 0, '2023-07-02 04:34:03', 383, 19),
(1165, NULL, NULL, '8412 Mayert Pines 94963 Glendale', 1, '2024-03-18 17:35:52', 383, 21),
(1166, NULL, NULL, '03317 Harvey Points 38850 Olympia', 0, '2023-11-14 00:00:54', 383, 24),
(1167, NULL, NULL, '3501 Price Glen 98846 Lake Christyhaven', 1, '2023-09-13 01:58:45', 383, 32),
(1168, NULL, NULL, '1283 Cade Cliffs 76077-3117 Johannaview', 0, '2024-02-16 00:53:41', 383, 44),
(1169, NULL, NULL, '6865 Camden Manors 08315 Vivaside', 1, '2024-03-23 23:59:03', 383, 49),
(1170, NULL, NULL, '0064 Will Ramp 81036 West Vincentmouth', 0, '2023-09-16 18:56:55', 384, 1),
(1171, NULL, NULL, '97681 Gutmann Turnpike 99473-8753 Port Javierfort', 0, '2023-06-21 05:45:12', 384, 7),
(1172, NULL, NULL, '375 Abagail Green 34649 Ellenside', 0, '2023-07-02 07:42:48', 384, 12),
(1173, 244, 15, '46570 Keeling Point 94745-0146 McLaughlinport', 1, '2024-04-14 02:35:25', 384, 17),
(1174, NULL, NULL, '91470 Kessler Glens 84355 Roobville', 0, '2023-06-12 23:18:28', 384, 19),
(1175, NULL, NULL, '1884 Carroll Circles 32311-7833 Lake Fabianville', 1, '2023-05-24 23:12:27', 384, 21),
(1176, NULL, NULL, '076 Pagac Centers 39507 Port Bulah', 0, '2024-04-22 04:34:45', 384, 24),
(1177, 395, 19, '69442 Brain Heights 81927 Novato', 1, '2023-09-22 16:24:06', 384, 32),
(1178, NULL, NULL, '39174 Maybell Route 98764-5946 Legrosmouth', 0, '2024-01-28 02:21:53', 384, 44),
(1179, NULL, NULL, '35413 Barry Falls 11844 Schinnerbury', 1, '2023-11-28 01:48:17', 384, 49),
(1180, NULL, NULL, '6989 Birdie Plaza 60625 South Vidabury', 0, '2023-09-15 15:21:23', 388, 48),
(1181, 240, 11, '56363 Rogahn Island 88111 West Jefferey', 0, '2024-02-07 11:48:48', 390, 13),
(1182, NULL, NULL, '090 Ziemann Hills 00394-2160 Bountiful', 0, '2024-04-25 22:11:05', 390, 15),
(1183, NULL, NULL, '56188 Jevon Extension 41725-4893 East Gavin', 1, '2023-07-27 11:32:52', 390, 29),
(1184, 215, 20, '327 Botsford View 43383-3064 Breannetown', 0, '2024-04-16 06:52:41', 396, 13),
(1185, NULL, NULL, '5363 Thelma Cape 18704 Peytonside', 0, '2024-02-01 12:23:23', 396, 15),
(1186, 879, 21, '515 Batz Ways 42634-6834 Lake Baileeton', 1, '2023-07-06 20:00:54', 396, 29),
(1187, NULL, NULL, '5324 Torp Hill 57967-9611 Port Kadenchester', 0, '2023-06-04 04:36:46', 397, 1),
(1188, NULL, NULL, '454 Connelly Ports 50172-1581 New Maiachester', 0, '2023-10-11 22:43:36', 397, 7),
(1189, NULL, NULL, '496 Spencer Lights 75216 Lake Drake', 0, '2023-06-29 13:19:20', 397, 12),
(1190, 791, 16, '4021 Emanuel Vista 20284 Raynorburgh', 1, '2024-01-12 02:19:26', 397, 17),
(1191, NULL, NULL, '1571 Balistreri Harbor 68559-9328 South Larryland', 0, '2023-06-20 22:10:21', 397, 19),
(1192, NULL, NULL, '64064 Janie Summit 21884 New Armando', 1, '2024-03-21 07:23:50', 397, 21),
(1193, 661, 12, '181 Eleanore Ports 43470-5379 Fullerton', 0, '2023-09-14 17:39:46', 397, 24),
(1194, NULL, NULL, '743 Yasmine Garden 28510 Kingland', 1, '2023-08-11 00:26:24', 397, 32),
(1195, 825, 21, '9711 Kevon Valley 47797 West Janehaven', 0, '2023-06-06 17:53:09', 397, 44),
(1196, 679, 13, '22928 Emelie Extension 42122 St. Cloud', 1, '2023-06-21 00:36:49', 397, 49),
(1197, NULL, NULL, '448 Isobel Cliffs 45299-1594 Whitemouth', 0, '2024-05-17 23:21:17', 398, 8),
(1198, 405, 10, '39851 Letitia Way 57368-5378 Jacksonville', 0, '2024-02-05 21:23:51', 398, 34),
(1199, NULL, NULL, '68588 Patrick Rapids 09962 South Lauriannehaven', 0, '2023-11-13 22:56:31', 400, 13),
(1200, NULL, NULL, '181 Corwin Light 40881 Kattiechester', 0, '2023-11-18 21:10:34', 400, 15),
(1201, NULL, NULL, '72206 Layla Point 38075 Quitzonhaven', 1, '2023-10-19 06:25:43', 400, 29),
(1202, NULL, NULL, '7746 Goldner Canyon 50532 Leuschkeview', 1, '2024-03-29 02:46:01', 401, 6),
(1203, NULL, NULL, '2142 Stacey Crest 42115 Burnsville', 0, '2024-03-06 02:07:02', 401, 10),
(1204, NULL, NULL, '7889 Collins Lights 23326-1242 Bradtkemouth', 0, '2024-03-04 04:29:32', 402, 1),
(1205, NULL, NULL, '15903 Ashtyn Field 03949 Hoover', 0, '2024-01-30 22:41:15', 402, 7),
(1206, 507, 10, '0814 Belle Forks 12040 Ninamouth', 0, '2023-10-05 03:15:48', 402, 12),
(1207, NULL, NULL, '030 Imelda Route 22858 Jennieside', 1, '2023-08-02 08:17:34', 402, 17),
(1208, NULL, NULL, '4914 Harrison Junctions 09238-7918 Round Rock', 0, '2023-06-11 07:55:33', 402, 19),
(1209, NULL, NULL, '22251 Uriel Stravenue 51430 Mission Viejo', 1, '2024-03-10 06:08:00', 402, 21),
(1210, NULL, NULL, '9285 Dedric Radial 88404 Lake Katarina', 0, '2024-05-22 05:30:09', 402, 24),
(1211, NULL, NULL, '509 Shanahan Walk 86677 Gonzaloburgh', 1, '2024-04-25 22:45:16', 402, 32),
(1212, NULL, NULL, '94934 Emilia Curve 57619-5466 Feilton', 0, '2023-07-23 04:17:58', 402, 44),
(1213, NULL, NULL, '164 Nienow Vista 68430-6844 Emeliebury', 1, '2023-07-24 19:26:18', 402, 49),
(1214, NULL, NULL, '01301 Arely Parkway 70033 Conway', 0, '2024-01-24 16:14:56', 404, 30),
(1215, NULL, NULL, '13947 Otha Branch 84820 Malden', 0, '2023-07-12 15:20:58', 405, 30),
(1216, NULL, NULL, '154 Allene Shoals 68127 Skylafurt', 0, '2024-05-11 08:26:00', 406, 13),
(1217, NULL, NULL, '74296 Tremblay Cliff 33068-5238 Teaganborough', 0, '2024-04-18 10:57:22', 406, 15),
(1218, NULL, NULL, '1659 Donnelly Neck 58487-4169 West Michaela', 1, '2023-12-15 06:30:14', 406, 29),
(1219, NULL, NULL, '831 Kaycee Keys 82737 East Luzville', 0, '2023-07-05 02:38:51', 407, 30),
(1220, NULL, NULL, '154 Crona Street 98595 Beierton', 0, '2024-02-18 14:27:24', 408, 3),
(1221, NULL, NULL, '766 Rasheed Plain 44494 New Nicola', 0, '2023-10-06 19:08:52', 408, 4),
(1222, NULL, NULL, '644 Abbott Circles 08142-8026 South Jesusview', 1, '2024-04-11 05:20:35', 408, 18),
(1223, 660, 14, '1104 Smith Run 63841 University', 0, '2023-12-26 10:51:49', 408, 20),
(1224, 577, 10, '32333 Esteban Branch 47912-6590 East Garrettborough', 1, '2023-10-12 20:44:33', 408, 23),
(1225, 343, 17, '87726 Elva Plain 12884-4029 New Zola', 1, '2023-07-31 17:59:51', 408, 38),
(1226, NULL, NULL, '431 Rex Canyon 18582 New Bomouth', 1, '2023-12-22 13:50:32', 408, 40),
(1227, NULL, NULL, '9734 Marquardt Inlet 84721 Mohammedview', 0, '2023-06-01 16:19:33', 408, 43),
(1228, NULL, NULL, '701 Maverick Gardens 79549 Hoppehaven', 0, '2023-10-22 07:09:56', 412, 1),
(1229, NULL, NULL, '9717 Carolyne Walks 34625 Santa Clara', 0, '2024-02-07 18:50:55', 412, 7),
(1230, 889, 21, '46190 Grady Greens 52788-6742 Port Gregoria', 0, '2023-10-07 11:21:00', 412, 12),
(1231, NULL, NULL, '47311 Borer Port 93658 Kundeton', 1, '2023-08-07 06:36:22', 412, 17),
(1232, 578, 20, '2130 Wiegand Walks 12246-6242 East Emeryside', 0, '2023-08-04 10:04:52', 412, 19),
(1233, 388, 12, '82780 Collier Lake 76203 Port Ebba', 1, '2023-10-04 16:38:21', 412, 21),
(1234, NULL, NULL, '76567 Kelley Crescent 44055-9913 Rippinbury', 0, '2023-06-09 11:41:46', 412, 24),
(1235, NULL, NULL, '48737 Madaline Shoal 42439 Edisonfort', 1, '2024-03-14 23:33:28', 412, 32),
(1236, NULL, NULL, '68798 Boyer Roads 61578 South Andres', 0, '2023-06-23 09:22:17', 412, 44),
(1237, NULL, NULL, '74783 Witting Stravenue 47943-2134 Waltermouth', 1, '2024-02-19 12:03:06', 412, 49),
(1238, 763, 15, '4391 Eliseo Freeway 13282-0193 West Kaylin', 1, '2023-05-24 10:23:53', 416, 35),
(1239, 742, 15, '528 Lura Lock 29531-8548 Carmel', 1, '2024-05-04 14:31:17', 416, 36),
(1240, NULL, NULL, '0724 Melany Inlet 77810-1166 Jaydentown', 1, '2024-03-27 19:24:53', 419, 9),
(1241, NULL, NULL, '2646 Walker Radial 79087-1876 West Jaime', 0, '2023-10-01 21:39:38', 419, 14),
(1242, NULL, NULL, '311 Hahn Shores 99197-7177 Eagan', 0, '2023-08-13 06:44:16', 419, 16),
(1243, NULL, NULL, '483 Feeney Crescent 13699 Cristmouth', 1, '2024-02-07 21:46:21', 419, 41),
(1244, 996, 10, '349 Jada Wall 34334-0038 Tustin', 1, '2024-01-30 21:05:15', 420, 6),
(1245, 932, 10, '3942 Metz Brook 26577-5740 Yuba City', 0, '2024-01-27 20:58:16', 420, 10),
(1246, NULL, NULL, '010 Crist Underpass 83200-5389 Lake Kamryn', 0, '2024-05-21 04:13:39', 421, 8),
(1247, NULL, NULL, '4612 White Valley 59788 Schmelerberg', 0, '2023-07-16 09:05:11', 421, 34),
(1248, NULL, NULL, '020 Margie Trail 22985 Peteville', 0, '2024-01-11 17:23:33', 422, 13),
(1249, NULL, NULL, '7007 Cindy Fork 95631 San Diego', 0, '2024-03-15 05:29:05', 422, 15),
(1250, 832, 12, '809 Thompson Terrace 19446-4843 Corona', 1, '2024-05-20 08:53:07', 422, 29),
(1251, NULL, NULL, '19146 Hagenes Street 03826-0881 Eliseoshire', 0, '2024-04-27 06:01:02', 423, 30),
(1252, NULL, NULL, '4099 Spencer Divide 69444 Downey', 0, '2024-05-17 20:04:44', 428, 1),
(1253, NULL, NULL, '67218 Marks Avenue 34405-6411 Las Cruces', 0, '2023-06-11 18:27:46', 428, 7),
(1254, NULL, NULL, '6821 West Mountains 09706 West Roscoehaven', 0, '2024-03-20 18:14:02', 428, 12),
(1255, NULL, NULL, '991 Bauch Light 73475 Eraton', 1, '2023-12-21 08:19:48', 428, 17),
(1256, NULL, NULL, '128 Sam Courts 37358-5218 Henderson', 0, '2023-07-23 04:32:39', 428, 19),
(1257, 622, 10, '411 Langworth Estate 68424 West Lillianport', 1, '2024-01-18 08:03:32', 428, 21),
(1258, NULL, NULL, '094 Jody Gateway 60988 Laynestad', 0, '2024-03-31 10:48:58', 428, 24),
(1259, 479, 18, '59596 Sipes Lodge 57106-2924 West Odafurt', 1, '2023-06-24 21:44:31', 428, 32),
(1260, NULL, NULL, '043 Eda Manors 96717-2788 West William', 0, '2023-11-22 07:08:44', 428, 44),
(1261, NULL, NULL, '82910 Cummerata Garden 10269-0190 New Kadinport', 1, '2024-02-25 15:02:08', 428, 49),
(1262, NULL, NULL, '84693 Schiller Ville 70293 South Justinaside', 0, '2023-10-22 07:54:40', 430, 1),
(1263, NULL, NULL, '780 Hermann Junctions 32861 Haleymouth', 0, '2024-01-17 06:04:16', 430, 7),
(1264, NULL, NULL, '234 Brown Flats 33186-2486 Hackensack', 0, '2023-08-12 14:15:23', 430, 12),
(1265, 294, 21, '156 Jared Street 90839-5899 Destineyland', 1, '2024-04-06 21:19:22', 430, 17),
(1266, NULL, NULL, '69281 Filiberto Mountain 63276-6023 Kennahaven', 0, '2024-04-21 23:55:02', 430, 19),
(1267, NULL, NULL, '329 Osinski Mountains 12341-6283 Lake Rodrigo', 1, '2023-10-27 01:55:29', 430, 21),
(1268, NULL, NULL, '0427 Germaine Viaduct 93801-4715 Fresno', 0, '2023-11-14 10:07:23', 430, 24),
(1269, 372, 12, '8649 Antonetta Stream 00454 Traceyshire', 1, '2023-07-04 05:53:28', 430, 32),
(1270, NULL, NULL, '986 Kim Road 04078 Monterey Park', 0, '2023-08-11 05:09:10', 430, 44),
(1271, 730, 15, '34797 Kara Throughway 78788 Beverlyborough', 1, '2023-10-05 13:01:03', 430, 49),
(1272, NULL, NULL, '7931 Quitzon Light 02665 Port Ryderton', 0, '2024-05-23 09:09:30', 431, 13),
(1273, NULL, NULL, '057 Marlin Expressway 56435-9213 Madysonchester', 0, '2024-04-09 07:11:01', 431, 15),
(1274, 610, 21, '8468 Treutel Wall 87618-1068 Susanaborough', 1, '2024-01-30 23:18:05', 431, 29),
(1275, NULL, NULL, '956 Valentin Fork 78637-6076 West Rubie', 0, '2023-07-03 05:15:27', 433, 13),
(1276, 728, 12, '720 Lowe Field 70110-1610 Tillmanhaven', 0, '2023-05-28 11:20:27', 433, 15),
(1277, NULL, NULL, '132 Hector Fork 47977 Lake Hannabury', 1, '2024-03-10 04:31:28', 433, 29),
(1278, NULL, NULL, '652 Brenna Harbor 24694 South Ottoton', 1, '2024-02-17 23:39:38', 434, 9),
(1279, 700, 20, '716 Gorczany Highway 04896 South Stuart', 0, '2023-07-04 05:59:10', 434, 14),
(1280, NULL, NULL, '901 Fadel Vista 02935 Donnellyshire', 0, '2023-06-26 21:25:37', 434, 16),
(1281, NULL, NULL, '56896 Collier Flats 57056 South Lionel', 1, '2023-06-25 12:52:30', 434, 41),
(1282, NULL, NULL, '74890 Lynch Causeway 62022 Port Rollin', 1, '2023-11-24 07:59:26', 435, 9),
(1283, NULL, NULL, '16770 Jeanne Orchard 92690 Russelberg', 0, '2024-03-20 19:54:47', 435, 14),
(1284, NULL, NULL, '3666 Torp Harbors 16546-4138 Sibylport', 0, '2023-08-28 19:21:56', 435, 16),
(1285, NULL, NULL, '051 Kuhn Stream 38005 Farrellhaven', 1, '2024-02-15 07:03:20', 435, 41),
(1286, NULL, NULL, '199 Leffler Terrace 13878-3141 Emilyview', 0, '2023-08-17 20:50:43', 442, 13),
(1287, NULL, NULL, '748 Kovacek Valley 32221 Karliborough', 0, '2024-03-24 06:53:15', 442, 15),
(1288, NULL, NULL, '860 Dewitt Crossing 48059-3716 South Chancetown', 1, '2023-11-15 12:13:10', 442, 29),
(1289, NULL, NULL, '1933 Jamison Stream 67654-9467 Chula Vista', 1, '2023-06-26 14:30:51', 448, 6),
(1290, NULL, NULL, '8423 Amely Viaduct 43904 Boydport', 0, '2023-10-30 04:15:05', 448, 10),
(1291, NULL, NULL, '4913 Windler Bridge 26674-1822 New Janie', 1, '2024-04-14 12:59:07', 449, 37),
(1292, NULL, NULL, '9192 Rafael Place 28416-1954 Concord', 0, '2023-09-25 21:11:47', 452, 30),
(1293, NULL, NULL, '959 Homenick Freeway 14480 West Faustinostad', 0, '2024-02-12 12:39:06', 457, 30),
(1294, NULL, NULL, '7001 Bria Point 89916 Camillachester', 1, '2023-06-18 11:47:42', 459, 35),
(1295, 436, 15, '5889 Adalberto Tunnel 68300-5571 Tombury', 1, '2023-07-21 07:58:49', 459, 36),
(1296, NULL, NULL, '0788 Kovacek Underpass 09189-1681 Padbergview', 0, '2024-01-28 22:05:32', 460, 1),
(1297, 975, 16, '952 Olin Inlet 48696-3589 Redmond', 0, '2023-10-11 19:54:14', 460, 7),
(1298, NULL, NULL, '60126 Champlin Avenue 78954-1846 Reingerberg', 0, '2023-07-07 06:30:00', 460, 12),
(1299, NULL, NULL, '9822 Maggio Lodge 94736-5785 Zboncakfort', 1, '2024-02-22 14:04:32', 460, 17),
(1300, 398, 21, '35300 Anahi Gateway 68205-0601 Port Marian', 0, '2023-11-11 19:45:09', 460, 19),
(1301, NULL, NULL, '09834 Fahey Trafficway 76102-1227 Lake Corrine', 1, '2024-04-12 14:57:01', 460, 21),
(1302, 406, 13, '288 Rippin Inlet 07719 North Alenetown', 0, '2023-07-17 19:43:22', 460, 24),
(1303, NULL, NULL, '6270 Jakubowski Summit 00687-8794 Vaughnberg', 1, '2023-12-20 18:16:45', 460, 32),
(1304, NULL, NULL, '06203 Macejkovic Wall 56383 Rolfsonville', 0, '2023-07-07 16:46:14', 460, 44),
(1305, 324, 17, '995 Harrison Radial 63251-5255 West Theresiaport', 1, '2024-03-06 16:02:20', 460, 49),
(1306, NULL, NULL, '669 Ashly Islands 41846-0322 Adalbertotown', 0, '2023-10-18 10:05:41', 462, 13),
(1307, NULL, NULL, '42387 Vern Ford 46783 Rachaelmouth', 0, '2023-10-18 14:13:00', 462, 15),
(1308, 615, 17, '20601 Talia Tunnel 34207 Denesikside', 1, '2023-11-18 09:06:39', 462, 29),
(1309, NULL, NULL, '2646 Halvorson Spur 73045 Collinstown', 1, '2024-03-24 00:26:41', 464, 28),
(1310, NULL, NULL, '05461 Orn Lodge 55317-6150 Ottoburgh', 0, '2024-02-24 10:59:39', 464, 42),
(1311, NULL, NULL, '923 Hane Drive 31689 Meaganville', 1, '2023-05-29 03:30:08', 464, 47),
(1312, NULL, NULL, '09858 Leann Circles 86503 North Dallinmouth', 0, '2023-11-12 21:27:51', 469, 1),
(1313, NULL, NULL, '7896 Sheldon Place 92970 Terrellstad', 0, '2024-02-02 01:16:18', 469, 7),
(1314, NULL, NULL, '0493 Kenyatta Camp 18313 Emeliatown', 0, '2023-07-20 08:56:08', 469, 12),
(1315, NULL, NULL, '82415 Bernier Roads 93081-2925 Zaneborough', 1, '2023-07-01 20:25:11', 469, 17),
(1316, NULL, NULL, '6944 Pauline Roads 88577 Nayeliville', 0, '2024-05-19 14:12:31', 469, 19),
(1317, 508, 11, '806 Schaden Heights 31056-7604 Cadenfurt', 1, '2024-05-03 19:18:43', 469, 21),
(1318, NULL, NULL, '83183 River Falls 67904 Smithport', 0, '2023-12-31 16:26:26', 469, 24),
(1319, NULL, NULL, '8921 Aufderhar Meadow 92729-7369 Lake Franco', 1, '2023-08-28 11:17:18', 469, 32),
(1320, NULL, NULL, '1858 Mustafa Wall 27861-8864 New Allen', 0, '2024-02-02 13:40:27', 469, 44),
(1321, 330, 10, '1130 Brendon Glens 40667-1051 New Elizabethburgh', 1, '2024-03-24 06:43:49', 469, 49),
(1322, NULL, NULL, '9319 Collier Locks 59883 Maeland', 0, '2024-03-30 02:45:41', 472, 30),
(1323, 739, 10, '021 Hessel Dam 24926-7651 East Maryamview', 0, '2023-12-03 04:08:44', 474, 1),
(1324, 664, 13, '0698 Germaine Trail 70889-0407 Jaydenborough', 0, '2023-07-03 23:13:28', 474, 7),
(1325, NULL, NULL, '3099 Josephine Brooks 51540 North Barbaraberg', 0, '2023-09-12 15:21:44', 474, 12),
(1326, 663, 21, '08874 Dallin Parkway 91955 Lake Bryceton', 1, '2024-02-07 10:08:56', 474, 17),
(1327, NULL, NULL, '797 Jazmin Harbors 28469-8863 Omaha', 0, '2024-04-02 11:06:47', 474, 19),
(1328, NULL, NULL, '30476 Jalyn Port 84410-8375 New Chrisberg', 1, '2023-07-28 06:15:41', 474, 21),
(1329, NULL, NULL, '0366 Huel Parks 44740-6517 Murrieta', 0, '2023-10-29 01:07:22', 474, 24),
(1330, NULL, NULL, '82512 Karen Ports 13481 Oshkosh', 1, '2023-10-22 17:40:09', 474, 32),
(1331, NULL, NULL, '89432 Amina Road 03889 Sanfordport', 0, '2024-03-02 05:34:18', 474, 44),
(1332, NULL, NULL, '3092 Ebert Coves 70308-3072 Gottliebbury', 1, '2024-02-05 02:10:29', 474, 49),
(1333, NULL, NULL, '8117 Weimann Prairie 30716-9185 New Aishashire', 0, '2024-03-04 20:58:45', 481, 1),
(1334, NULL, NULL, '744 Jennyfer Roads 32737 Stillwater', 0, '2023-12-14 14:30:21', 481, 7),
(1335, NULL, NULL, '09932 Joanie Junctions 99712-8050 Brakusview', 0, '2023-11-25 15:52:27', 481, 12),
(1336, NULL, NULL, '59980 Jenkins Path 11352 Gorczanyfurt', 1, '2023-11-27 16:04:41', 481, 17),
(1337, NULL, NULL, '3857 Shirley Common 95680 Eduardoburgh', 0, '2023-06-27 02:02:49', 481, 19),
(1338, 384, 22, '7433 Jackson Shores 69367-1131 New Sibyl', 1, '2023-11-18 11:23:16', 481, 21),
(1339, 406, 15, '0694 Hauck Road 36546-3575 New Evie', 0, '2024-02-15 21:12:04', 481, 24),
(1340, NULL, NULL, '71688 Lesch Junctions 55458-2316 Earlville', 1, '2024-01-12 14:18:26', 481, 32),
(1341, NULL, NULL, '8105 Mya Field 85359-7307 Bayonne', 0, '2023-05-31 23:38:07', 481, 44),
(1342, NULL, NULL, '0480 Brielle Forest 87803-6896 Lilytown', 1, '2024-03-31 17:27:16', 481, 49),
(1343, NULL, NULL, '67123 Narciso Path 80768-2298 Elmotown', 0, '2024-03-10 05:02:48', 484, 13),
(1344, NULL, NULL, '20295 Kelvin Crossroad 80827 Largo', 0, '2023-06-02 17:02:04', 484, 15),
(1345, NULL, NULL, '645 Johns Forge 73211 Hershelport', 1, '2024-02-22 11:29:29', 484, 29),
(1346, NULL, NULL, '59277 Savanah Vista 04870 West Stanside', 0, '2024-01-14 03:04:50', 485, 31),
(1347, 477, 13, '9706 Wiley Viaduct 83325-3191 Indianapolis', 0, '2023-11-01 07:11:49', 489, 3),
(1348, NULL, NULL, '61949 Schroeder Hills 89673-7548 Trishahaven', 0, '2024-03-11 00:40:46', 489, 4),
(1349, NULL, NULL, '170 Olson Rest 09892-9801 South Jerodshire', 1, '2024-01-29 05:29:26', 489, 18),
(1350, 504, 14, '0413 Runolfsson Inlet 72204-1379 Steuberfurt', 0, '2024-03-19 06:32:27', 489, 20),
(1351, NULL, NULL, '6619 Curtis Camp 56582 Maryseside', 1, '2023-10-05 21:51:26', 489, 23),
(1352, NULL, NULL, '605 McKenzie Streets 99557-3196 Portsmouth', 1, '2024-04-29 03:12:22', 489, 38),
(1353, 333, 10, '4229 Stamm Curve 35707-9399 North Kody', 1, '2023-10-27 10:47:34', 489, 40),
(1354, 523, 10, '466 Bridget Crescent 50434-9692 Destineefurt', 0, '2023-10-27 23:24:38', 489, 43),
(1355, 652, 15, '90409 O\'Reilly Point 27183 South Neomaton', 0, '2023-10-17 05:11:15', 490, 30),
(1356, NULL, NULL, '96554 Elinor Passage 48781 Champaign', 1, '2023-12-05 18:01:59', 502, 9),
(1357, NULL, NULL, '04564 Bosco Divide 49623-0767 Collinsport', 0, '2023-12-23 22:59:19', 502, 14),
(1358, NULL, NULL, '14849 Remington Mountain 10675 Johathanside', 0, '2024-01-05 02:41:47', 502, 16),
(1359, NULL, NULL, '462 Aileen Common 71742 West Horacioshire', 1, '2023-06-04 09:58:18', 502, 41),
(1360, 692, 14, '536 Wisoky Parks 73281-1922 McKenzieport', 1, '2024-01-11 23:30:33', 509, 35),
(1361, NULL, NULL, '3031 Abelardo Lane 07006 East Johnsonport', 1, '2023-09-30 20:27:27', 509, 36),
(1362, NULL, NULL, '03302 Stehr Manors 78693-9730 East Mohamed', 0, '2024-01-16 04:44:09', 513, 1),
(1363, 430, 22, '79086 Jerome Inlet 47575 Zariafurt', 0, '2023-07-26 23:32:41', 513, 7),
(1364, NULL, NULL, '9127 Marquardt Orchard 61446 Devontetown', 0, '2024-03-25 01:47:26', 513, 12),
(1365, NULL, NULL, '5056 Gerhold Parkway 62003 Vicentafurt', 1, '2023-11-26 23:11:42', 513, 17),
(1366, NULL, NULL, '71290 Gaylord Hill 57040-6200 Pleasanton', 0, '2023-11-23 07:49:52', 513, 19),
(1367, NULL, NULL, '7623 Mark Rapids 49460-9181 Arecibo', 1, '2023-07-01 17:56:15', 513, 21),
(1368, NULL, NULL, '353 Heathcote Lodge 09412 Thielstad', 0, '2023-06-30 17:20:59', 513, 24),
(1369, NULL, NULL, '575 Damien Crossroad 83728-7048 Ornmouth', 1, '2023-11-17 01:30:44', 513, 32),
(1370, NULL, NULL, '86992 Crist Rue 13076-5584 East Jacquelynfort', 0, '2024-03-12 09:44:33', 513, 44),
(1371, NULL, NULL, '42193 Vada Groves 44037-2733 Miami', 1, '2024-05-01 13:08:53', 513, 49),
(1372, NULL, NULL, '513 Wilfredo Lakes 21043 Rahsaanstad', 0, '2024-01-02 08:53:12', 515, 30),
(1373, NULL, NULL, '02267 Orn Glen 98383 North Kaitlinmouth', 0, '2023-09-08 05:05:09', 519, 1),
(1374, NULL, NULL, '098 Miller Gardens 85448-5085 East Tiana', 0, '2023-08-10 05:39:41', 519, 7),
(1375, 863, 16, '487 Mitchell Station 05841-0417 Wildermanshire', 0, '2023-10-03 01:48:58', 519, 12),
(1376, NULL, NULL, '2680 Bogan Road 79950 Hanebury', 1, '2023-11-24 09:33:42', 519, 17),
(1377, NULL, NULL, '3972 Mosciski Shore 88722 Twin Falls', 0, '2023-08-20 23:08:41', 519, 19),
(1378, NULL, NULL, '06358 Lang Extensions 84571 East Edgardo', 1, '2024-01-03 00:19:31', 519, 21),
(1379, NULL, NULL, '98642 Price Plaza 86273-3979 Tillmanville', 0, '2024-02-11 00:50:37', 519, 24),
(1380, NULL, NULL, '0535 Mosciski Ville 73961-1082 Kuhlmanton', 1, '2023-06-22 10:54:26', 519, 32),
(1381, NULL, NULL, '9603 Wilton Pines 76387 Carson', 0, '2024-04-08 08:25:59', 519, 44),
(1382, NULL, NULL, '850 Gibson Hollow 06781 West Nick', 1, '2023-09-07 08:01:31', 519, 49),
(1383, NULL, NULL, '1808 Volkman Coves 68389 West Ofelia', 0, '2024-05-13 04:40:49', 521, 1),
(1384, NULL, NULL, '68135 Hills Crossing 50770-3765 Menifee', 0, '2023-12-11 06:23:18', 521, 7),
(1385, 465, 15, '3368 Windler Burgs 80923 Longmont', 0, '2024-04-01 21:53:35', 521, 12),
(1386, NULL, NULL, '2439 Cristobal Estates 47226 Round Rock', 1, '2023-06-04 18:27:58', 521, 17),
(1387, 732, 10, '72997 Lowe Hollow 49561-9992 Port Felipeport', 0, '2024-05-21 06:31:29', 521, 19),
(1388, 237, 17, '67168 Judd Corners 60957 South Alaynashire', 1, '2024-05-08 17:18:45', 521, 21),
(1389, NULL, NULL, '675 Jarrell Junctions 69321 South Raoultown', 0, '2023-06-13 10:48:26', 521, 24),
(1390, 730, 21, '51856 Jasen Via 22354-8034 Stratford', 1, '2023-08-30 20:32:10', 521, 32),
(1391, 987, 12, '9919 Lottie Squares 17049-5446 Lake Brayantown', 0, '2023-10-05 20:08:57', 521, 44),
(1392, NULL, NULL, '6057 Bauch Wells 79798 East Berylmouth', 1, '2024-02-16 05:41:45', 521, 49),
(1393, 632, 13, '21806 Swaniawski Row 21915 Koelpinmouth', 0, '2023-06-23 12:40:39', 524, 13),
(1394, NULL, NULL, '4764 Boyer Dale 43423 East Albertha', 0, '2023-09-17 22:57:54', 524, 15),
(1395, NULL, NULL, '231 Anastasia Mission 03480-0765 Dubuque', 1, '2024-04-03 09:41:54', 524, 29),
(1396, NULL, NULL, '74974 Stone Squares 20128 Lake Odellbury', 0, '2024-04-12 18:05:20', 527, 13),
(1397, 320, 16, '1626 Dominic Brook 05422 Westville', 0, '2023-06-06 09:53:04', 527, 15),
(1398, NULL, NULL, '8340 Shields Cape 57486-3650 Ferrychester', 1, '2023-07-04 01:54:57', 527, 29),
(1399, NULL, NULL, '6034 Kiehn Corners 49316 Maggioland', 1, '2024-02-14 23:55:01', 531, 35),
(1400, 784, 21, '720 Block Burgs 53053-2381 Turcotteview', 1, '2023-05-31 11:40:49', 531, 36),
(1401, NULL, NULL, '182 Jacobs Crossing 64880-0234 West Josefina', 1, '2023-09-21 07:42:31', 535, 28),
(1402, 982, 18, '1764 Hoppe Ranch 73770 Lake Lincolntown', 0, '2024-03-16 22:08:46', 535, 42),
(1403, NULL, NULL, '368 Howe Corner 99387-1012 San Diego', 1, '2023-09-09 04:31:10', 535, 47),
(1404, NULL, NULL, '01810 Adams Ports 70418-5181 Pacochachester', 0, '2024-04-25 16:44:41', 537, 48),
(1405, NULL, NULL, '9732 Norwood Rest 24807-1158 Keeblerchester', 1, '2024-02-28 22:39:37', 538, 35),
(1406, NULL, NULL, '657 Rashad Turnpike 55358-0872 Port Janice', 1, '2023-06-11 02:33:34', 538, 36),
(1407, 297, 22, '6212 Veum Fords 72530 Lowefort', 0, '2023-12-15 19:14:00', 540, 3),
(1408, NULL, NULL, '905 Eladio Rapid 14419 Josieland', 0, '2024-03-25 08:53:55', 540, 4),
(1409, NULL, NULL, '4800 Pollich Via 73870 Edgardotown', 1, '2024-02-14 02:19:45', 540, 18),
(1410, NULL, NULL, '0216 Maggio Cliffs 23884 East Jeremie', 0, '2023-10-25 10:09:47', 540, 20),
(1411, NULL, NULL, '5224 Lurline Shoal 50303-4016 New Blancaburgh', 1, '2024-02-08 09:35:00', 540, 23),
(1412, NULL, NULL, '998 Kertzmann Port 73424 West Ricomouth', 1, '2023-11-24 04:54:14', 540, 38),
(1413, NULL, NULL, '6234 Dietrich Courts 86228-8907 Nikkochester', 1, '2023-11-02 03:15:57', 540, 40),
(1414, 881, 11, '282 Kub Mount 68149 Port Liza', 0, '2024-01-08 03:31:07', 540, 43),
(1415, NULL, NULL, '38179 Garfield Roads 66606-1354 Lake Cameronberg', 1, '2024-02-22 07:36:10', 546, 9),
(1416, NULL, NULL, '2127 Bashirian Orchard 75862-3595 Hicksville', 0, '2023-12-24 12:25:26', 546, 14),
(1417, NULL, NULL, '8862 Macejkovic Union 05044 Clarabelleshire', 0, '2024-01-08 07:14:30', 546, 16),
(1418, NULL, NULL, '223 Shaylee Cliff 95336-2431 Shaynefort', 1, '2023-12-03 01:43:04', 546, 41),
(1419, NULL, NULL, '534 Smitham Club 23950-7508 Buffalo Grove', 0, '2023-08-03 05:24:51', 548, 30),
(1420, 425, 16, '53720 Champlin Trafficway 84820 Janesville', 1, '2023-10-03 11:04:01', 552, 9),
(1421, NULL, NULL, '587 Ryan Ville 83848 Kesslerchester', 0, '2023-11-05 17:31:12', 552, 14),
(1422, 745, 16, '97981 Maribel Knolls 76476-3773 Katelynland', 0, '2024-01-14 08:40:00', 552, 16),
(1423, NULL, NULL, '8727 Beatty Crescent 91421 Lake Zeldaburgh', 1, '2023-08-31 07:04:54', 552, 41),
(1424, NULL, NULL, '002 Michaela Expressway 63561 Lake Davonchester', 1, '2024-02-08 07:14:08', 556, 6),
(1425, NULL, NULL, '48368 Berge Wells 17072 Albany', 0, '2023-10-29 09:43:50', 556, 10),
(1426, NULL, NULL, '09573 Botsford Street 20807-7964 Lake Sidney', 0, '2024-05-19 17:02:04', 557, 1),
(1427, NULL, NULL, '199 Marley Shores 99804-1801 Oshkosh', 0, '2024-02-17 21:36:10', 557, 7),
(1428, NULL, NULL, '3634 Bogan Crossing 92344 North Chaz', 0, '2024-02-11 06:12:06', 557, 12),
(1429, NULL, NULL, '780 D\'Amore Glen 39239-3685 Lynchmouth', 1, '2023-08-21 06:03:36', 557, 17),
(1430, NULL, NULL, '808 Bayer Overpass 10219 West Des Moines', 0, '2023-11-23 03:01:04', 557, 19),
(1431, NULL, NULL, '36849 Dora Island 85135-3755 South Anibalbury', 1, '2024-04-17 18:12:32', 557, 21),
(1432, NULL, NULL, '350 Cletus Islands 28665-4536 East Jerrod', 0, '2023-08-27 16:16:45', 557, 24),
(1433, NULL, NULL, '1261 Gustave Fords 72032-9907 Hayesmouth', 1, '2023-10-23 07:19:49', 557, 32),
(1434, NULL, NULL, '814 McClure Port 07271-2611 South Myrlfurt', 0, '2023-12-04 19:31:46', 557, 44),
(1435, NULL, NULL, '29167 Jessika Points 68177-6413 South Elijah', 1, '2023-10-30 12:26:13', 557, 49),
(1436, NULL, NULL, '9032 Moore Views 73466 Pollichshire', 0, '2023-06-13 13:07:29', 558, 3),
(1437, NULL, NULL, '219 Lonie Summit 75897 Racine', 0, '2024-01-14 20:27:46', 558, 4),
(1438, NULL, NULL, '8527 Madilyn Summit 79892 Adalbertomouth', 1, '2023-06-21 21:04:53', 558, 18),
(1439, NULL, NULL, '838 Meagan Plains 36035-8596 Strosinside', 0, '2023-06-16 12:03:46', 558, 20),
(1440, NULL, NULL, '5751 Gabe Bridge 28157 Simi Valley', 1, '2023-08-22 18:09:55', 558, 23),
(1441, NULL, NULL, '62011 Murphy Shoals 52802-5727 North Kurt', 1, '2024-03-18 09:31:19', 558, 38),
(1442, NULL, NULL, '1629 Carley Manor 79838 Cassinburgh', 1, '2024-02-21 22:01:18', 558, 40),
(1443, 884, 20, '942 Anthony Gardens 94309-6115 Annamaeberg', 0, '2023-10-02 08:40:45', 558, 43),
(1444, 430, 13, '9451 Darlene Circles 19861-3003 South Bryon', 0, '2023-12-10 14:26:40', 562, 48),
(1445, NULL, NULL, '71727 Hand Summit 97639 Lincoln', 0, '2023-10-06 11:12:27', 563, 31),
(1446, NULL, NULL, '7013 Roob Hill 11297 South Samarachester', 1, '2024-02-13 05:51:30', 567, 35),
(1447, NULL, NULL, '8241 Carter Ridges 83920 North Mariane', 1, '2024-02-28 11:17:56', 567, 36),
(1448, 353, 21, '788 Torp Run 38714-3033 Evanston', 0, '2024-03-10 20:39:27', 574, 48),
(1449, NULL, NULL, '21063 Royce Radial 18415 East Van', 0, '2024-02-29 14:47:32', 587, 8),
(1450, NULL, NULL, '02288 Chris Ports 13714-9795 Chelseyshire', 0, '2024-02-27 00:19:17', 587, 34),
(1451, NULL, NULL, '4674 Krystina Ramp 72919-9749 Grahamshire', 0, '2023-10-01 19:36:18', 590, 3),
(1452, NULL, NULL, '16340 Bruen Keys 01213-2956 Dooleybury', 0, '2023-08-15 19:20:00', 590, 4),
(1453, NULL, NULL, '080 Zieme Track 56501 Nitzscheborough', 1, '2023-09-23 22:56:06', 590, 18),
(1454, NULL, NULL, '68102 Witting Villages 67133 East Kelli', 0, '2023-07-31 12:35:27', 590, 20),
(1455, NULL, NULL, '6315 Prudence Shoals 13528 Lake Deshawnville', 1, '2023-08-10 01:17:23', 590, 23),
(1456, NULL, NULL, '5724 Connelly Shore 72942-7451 Dachfurt', 1, '2023-09-25 09:14:21', 590, 38),
(1457, NULL, NULL, '80131 Auer Fork 05508-3538 Cedar Hill', 1, '2024-04-21 17:44:19', 590, 40),
(1458, NULL, NULL, '7517 Austin Manor 77234 Wilmaville', 0, '2023-09-11 10:24:52', 590, 43),
(1459, NULL, NULL, '1153 Devyn Turnpike 48696 Schuppefurt', 0, '2024-04-27 06:32:26', 594, 48),
(1460, 785, 17, '2809 Cole Drives 71754 East Lane', 1, '2024-02-06 19:56:09', 595, 35),
(1461, 766, 19, '14341 Randy Knolls 54405-4163 Plainfield', 1, '2023-10-03 17:50:39', 595, 36),
(1462, NULL, NULL, '2540 Kenneth Walk 12386 Port Bryceberg', 1, '2023-07-04 12:44:43', 596, 28),
(1463, NULL, NULL, '6277 Delbert Street 36594 Hermanstad', 0, '2023-08-15 20:43:42', 596, 42),
(1464, NULL, NULL, '276 Frederick Field 03780 White Plains', 1, '2024-04-22 17:27:36', 596, 47),
(1465, NULL, NULL, '3751 Yazmin Summit 02926 East Augusta', 0, '2023-10-28 13:20:11', 601, 1),
(1466, NULL, NULL, '24745 Harvey Islands 31996 Alameda', 0, '2023-10-08 06:24:45', 601, 7),
(1467, NULL, NULL, '055 Laurianne Orchard 91630-2755 North Emerald', 0, '2024-02-29 06:20:21', 601, 12),
(1468, NULL, NULL, '2755 Ankunding Point 92965-5417 Lynchville', 1, '2024-04-09 06:32:23', 601, 17),
(1469, 593, 22, '72667 Olson Plains 97341 North Cruzview', 0, '2023-06-20 22:51:38', 601, 19),
(1470, 361, 22, '724 Cecil Vista 66811 South Laurianneside', 1, '2023-08-12 20:26:05', 601, 21),
(1471, 635, 16, '7596 Peggie Loaf 69928 South Susie', 0, '2023-07-11 21:06:31', 601, 24),
(1472, NULL, NULL, '362 Lesch Falls 70404-4756 Bernadetteside', 1, '2023-09-11 08:53:42', 601, 32),
(1473, 916, 21, '37204 Chaz Wells 10840-6566 Blockmouth', 0, '2024-05-13 09:53:04', 601, 44),
(1474, NULL, NULL, '16626 Fahey Trafficway 99100 Dearborn Heights', 1, '2023-06-26 12:33:49', 601, 49),
(1475, NULL, NULL, '7888 Kobe Mission 67857-6502 Harrisshire', 1, '2024-04-04 06:29:11', 603, 9),
(1476, 371, 14, '255 Nitzsche Ramp 07697 Cummeratamouth', 0, '2024-04-25 04:08:22', 603, 14),
(1477, NULL, NULL, '435 Blick Alley 11040-9309 West Zackary', 0, '2023-06-28 09:17:17', 603, 16),
(1478, 794, 13, '2198 Rollin Plaza 55205 Danielfort', 1, '2023-10-20 19:19:41', 603, 41),
(1479, NULL, NULL, '0892 Doyle Squares 98260 Plainfield', 1, '2023-12-01 10:51:48', 604, 2),
(1480, NULL, NULL, '40289 Ward Station 28816 Fletaborough', 0, '2023-09-21 22:05:19', 604, 22),
(1481, NULL, NULL, '849 Shanon Gateway 14819-5873 Bedford', 0, '2023-08-14 12:25:12', 604, 26),
(1482, NULL, NULL, '069 Ryleigh Circles 75814-2169 South Annetta', 1, '2024-03-09 03:21:49', 604, 27),
(1483, NULL, NULL, '40812 Reyna Curve 44011 Arlington Heights', 0, '2023-09-08 05:34:09', 604, 39),
(1484, NULL, NULL, '0475 Beahan Terrace 88036-9213 Altoona', 1, '2023-07-29 07:08:19', 613, 37),
(1485, 852, 20, '2964 Schinner Summit 30310 East Royalview', 0, '2023-07-21 15:47:19', 616, 8),
(1486, NULL, NULL, '806 Abernathy Centers 92694 Jaydeton', 0, '2024-02-10 08:56:20', 616, 34),
(1487, NULL, NULL, '21935 Ruth Flats 39575-9564 The Woodlands', 0, '2023-11-20 19:18:28', 619, 5),
(1488, NULL, NULL, '78450 Ben Expressway 30234 Vestastad', 0, '2024-02-21 20:07:28', 619, 11),
(1489, NULL, NULL, '6704 Pfannerstill Branch 69200-9364 Shieldsview', 1, '2024-02-08 23:34:01', 619, 46),
(1490, NULL, NULL, '79210 Sipes Radial 58284-7179 Lincoln', 0, '2023-09-02 09:33:59', 620, 1),
(1491, 900, 10, '1869 Wisozk Divide 97705-0915 Siennabury', 0, '2023-11-29 08:49:00', 620, 7),
(1492, NULL, NULL, '447 Alycia Plains 65740 Nienowborough', 0, '2023-06-28 23:20:56', 620, 12),
(1493, 221, 17, '91205 Cole Ramp 54701-2264 Pourosview', 1, '2023-10-12 12:35:23', 620, 17),
(1494, NULL, NULL, '48689 Serena Fields 84096 East Coryburgh', 0, '2024-03-23 03:53:37', 620, 19),
(1495, NULL, NULL, '9567 Brendan Groves 80921 West Chance', 1, '2024-04-19 02:06:02', 620, 21),
(1496, 731, 14, '434 Maritza Overpass 45301 South Garthville', 0, '2024-01-03 12:09:57', 620, 24),
(1497, NULL, NULL, '072 Doyle Tunnel 27934-6061 Stokesstad', 1, '2023-08-22 20:56:28', 620, 32),
(1498, NULL, NULL, '4402 Gracie Forks 81332 Camarillo', 0, '2024-04-29 18:53:40', 620, 44),
(1499, 765, 10, '487 Harber Islands 12854 Weymouth Town', 1, '2024-05-06 15:08:20', 620, 49),
(1500, 903, 15, '439 Kuphal Estate 01092 Ernsermouth', 1, '2023-11-05 11:08:13', 635, 2),
(1501, NULL, NULL, '316 Deja Street 88309-3405 Oceanside', 0, '2023-06-29 13:11:37', 635, 22),
(1502, NULL, NULL, '879 Deckow Terrace 88763 Kreigertown', 0, '2024-04-13 20:13:41', 635, 26),
(1503, 427, 11, '0513 Ernestine Lights 76781-3435 North Mercedes', 1, '2023-09-16 23:12:30', 635, 27),
(1504, NULL, NULL, '35998 Carmen Keys 99231-3464 Rohnert Park', 0, '2024-02-18 01:55:29', 635, 39),
(1505, NULL, NULL, '7472 Sofia Expressway 48815 Jedidiahside', 0, '2023-07-05 09:02:33', 639, 1),
(1506, NULL, NULL, '23320 Erika Unions 57085-1941 Dougstad', 0, '2024-02-08 10:01:35', 639, 7),
(1507, NULL, NULL, '533 Darrick Gardens 96332 San Antonio', 0, '2023-12-31 11:10:24', 639, 12),
(1508, NULL, NULL, '83459 Terrence Coves 70601 West Domenico', 1, '2023-10-04 11:17:15', 639, 17),
(1509, 867, 21, '97608 Bins Forge 12473 South Laurabury', 0, '2024-01-25 19:13:37', 639, 19),
(1510, NULL, NULL, '49171 Zakary Orchard 38596-6426 Eddiechester', 1, '2023-07-22 22:58:19', 639, 21),
(1511, 857, 13, '90232 Aida Gardens 75749-8947 East Zellaside', 0, '2024-04-18 10:05:55', 639, 24),
(1512, 769, 15, '275 Dessie Square 98143 New Rosamondbury', 1, '2024-01-17 07:58:25', 639, 32),
(1513, NULL, NULL, '4112 Jalyn Passage 69441 Glendora', 0, '2023-06-22 21:40:07', 639, 44),
(1514, NULL, NULL, '56625 Swaniawski Ville 46594-4491 Ginobury', 1, '2023-11-16 19:26:40', 639, 49),
(1515, NULL, NULL, '63312 Mills Lights 59483 Carissastad', 1, '2024-03-12 22:27:20', 642, 35),
(1516, NULL, NULL, '000 Bashirian Flat 80361-4490 East Orange', 1, '2023-10-01 20:03:05', 642, 36),
(1517, NULL, NULL, '73479 Jamal Road 09031 Juniusville', 0, '2024-03-01 15:22:34', 646, 30),
(1518, NULL, NULL, '6850 Miller Ford 37864 Tallahassee', 0, '2024-01-08 05:52:53', 648, 31),
(1519, NULL, NULL, '0001 McDermott Mount 83585 West Elzaside', 0, '2023-07-02 12:29:15', 654, 1),
(1520, NULL, NULL, '71184 Dustin Garden 38601-6112 West Tonifort', 0, '2024-05-13 17:44:35', 654, 7),
(1521, 685, 11, '256 Crystal Summit 46723 North Katlyn', 0, '2023-06-09 23:36:17', 654, 12),
(1522, NULL, NULL, '2223 Kohler Fork 29637 Hermistonborough', 1, '2024-02-25 17:21:20', 654, 17),
(1523, 929, 11, '9504 Bergnaum Vista 36793 Brownburgh', 0, '2023-07-11 23:39:11', 654, 19),
(1524, NULL, NULL, '97215 Justyn Junction 17980-2290 Carterberg', 1, '2023-07-14 16:50:34', 654, 21),
(1525, NULL, NULL, '15874 Heller Parkways 81623 West Des Moines', 0, '2023-06-24 17:46:17', 654, 24),
(1526, NULL, NULL, '8188 Alexander Tunnel 80653-2715 Port Orange', 1, '2023-08-28 04:10:14', 654, 32),
(1527, NULL, NULL, '104 Berge Summit 90373 Athens-Clarke County', 0, '2024-02-20 09:14:24', 654, 44),
(1528, NULL, NULL, '15118 Cole Estate 31918 Torpside', 1, '2024-02-19 20:03:57', 654, 49),
(1529, NULL, NULL, '52309 Harvey Stravenue 05403 West Jeff', 0, '2023-12-03 06:22:13', 663, 1),
(1530, NULL, NULL, '44677 Weber Knolls 70192 Kerlukeborough', 0, '2024-03-22 15:26:28', 663, 7),
(1531, 965, 12, '5285 Veum Grove 35966-2434 Kent', 0, '2024-04-28 21:42:03', 663, 12),
(1532, 262, 11, '848 Art Camp 04754-9551 Kilbackstad', 1, '2023-12-16 18:37:59', 663, 17),
(1533, NULL, NULL, '43271 Renee Row 71555-5939 North Kaleigh', 0, '2024-01-04 07:14:01', 663, 19),
(1534, NULL, NULL, '574 Adella Terrace 81147 Lake Belleton', 1, '2024-01-19 20:03:18', 663, 21),
(1535, NULL, NULL, '11570 Weissnat Springs 41504-2937 Daretown', 0, '2024-04-25 20:05:39', 663, 24),
(1536, 607, 17, '6787 Frami Crossroad 17094-8215 Huelsberg', 1, '2024-02-05 09:02:27', 663, 32),
(1537, 470, 17, '7509 Ashley Plain 79557-4192 North Jaydenview', 0, '2023-08-21 06:49:58', 663, 44),
(1538, NULL, NULL, '7935 O\'Kon Springs 11108 Ratkefurt', 1, '2023-05-28 22:22:43', 663, 49),
(1539, 598, 12, '89907 Brennan Vista 46436-4793 Corrineview', 1, '2024-03-22 12:33:04', 672, 9),
(1540, NULL, NULL, '064 Elsa Harbor 23815 South Clemenschester', 0, '2023-07-25 03:31:01', 672, 14),
(1541, NULL, NULL, '08001 Jeremie Cliff 74708 Schmidtstad', 0, '2024-01-02 10:30:18', 672, 16),
(1542, NULL, NULL, '530 Emma Land 47927 Orenmouth', 1, '2023-12-20 03:55:30', 672, 41),
(1543, NULL, NULL, '815 Boehm Points 60457 Lake Tyrellton', 0, '2023-08-06 00:06:50', 676, 30),
(1544, NULL, NULL, '3020 Krajcik Skyway 06181 Funkton', 1, '2023-10-01 18:23:48', 677, 2),
(1545, NULL, NULL, '5293 Ziemann Villages 18303-7602 North Hadleyfurt', 0, '2024-04-26 09:15:36', 677, 22),
(1546, NULL, NULL, '399 Darby Circles 82342 New Madie', 0, '2024-01-24 13:20:57', 677, 26),
(1547, 546, 12, '125 Stuart Trace 75338-8631 Compton', 1, '2023-12-10 22:30:11', 677, 27),
(1548, NULL, NULL, '20652 Keebler Falls 73472-7279 Bernhardland', 0, '2023-11-04 04:07:09', 677, 39),
(1549, NULL, NULL, '63266 Schoen Cove 95310-7167 Lake Matilde', 1, '2023-12-09 00:31:30', 685, 9),
(1550, NULL, NULL, '49961 Nienow Hills 57467-6068 Hartmannport', 0, '2023-07-19 02:27:45', 685, 14),
(1551, 531, 19, '4233 Madelynn Gateway 13942 Hyattstad', 0, '2023-12-23 14:20:59', 685, 16),
(1552, NULL, NULL, '5003 Linda Crossroad 81732-3065 East Felicity', 1, '2024-04-14 07:14:10', 685, 41),
(1553, NULL, NULL, '531 Sawayn Land 03265 South Floborough', 0, '2023-10-12 23:46:01', 686, 8),
(1554, 243, 22, '4401 Williamson Cape 68264-7289 South Humberto', 0, '2024-04-02 19:20:51', 686, 34),
(1555, NULL, NULL, '848 Graham Rue 40236-1439 St. Louis', 0, '2023-07-02 06:08:11', 690, 13),
(1556, NULL, NULL, '5652 Emmerich Mills 17101-1188 Tyreekview', 0, '2023-08-03 22:27:43', 690, 15),
(1557, NULL, NULL, '303 Jed Island 13427-3464 New Joanne', 1, '2024-03-16 22:38:28', 690, 29),
(1558, NULL, NULL, '020 Jacey Flat 46815 Loyburgh', 1, '2023-08-21 05:47:08', 697, 6),
(1559, 398, 16, '8498 Benny Grove 16988-4566 Russelchester', 0, '2023-07-30 12:20:06', 697, 10),
(1560, 363, 10, '817 Koch Harbors 26759 Mitchelltown', 0, '2024-01-06 16:12:02', 700, 31),
(1561, NULL, NULL, '327 Jon Loop 01032 Warwick', 1, '2024-04-05 02:06:09', 707, 35),
(1562, NULL, NULL, '16344 Julie Lakes 61273-2210 Lake Billyport', 1, '2024-05-10 13:10:39', 707, 36),
(1563, NULL, NULL, '448 Kuhn Path 06194-0771 Lake Martineview', 0, '2023-08-06 07:23:16', 708, 48),
(1564, NULL, NULL, '0634 Janis Brook 27529-2505 East Georgettestad', 0, '2023-10-17 12:48:48', 730, 1),
(1565, 819, 22, '3281 Rogahn Drive 13089 Strosinmouth', 0, '2023-11-03 10:27:49', 730, 7),
(1566, NULL, NULL, '93945 Reynolds Trail 92705 Costa Mesa', 0, '2024-04-14 05:14:49', 730, 12),
(1567, NULL, NULL, '368 Ferry Spurs 57901-5519 Cobytown', 1, '2023-09-18 06:17:53', 730, 17),
(1568, NULL, NULL, '2533 Pat Pine 41695-1709 South Brielle', 0, '2023-06-13 20:52:33', 730, 19),
(1569, NULL, NULL, '7121 Nelda Dale 68028-0380 East Trevion', 1, '2023-11-12 05:50:39', 730, 21),
(1570, NULL, NULL, '8284 Caden Vista 89724 West Raymondshire', 0, '2023-07-04 04:29:43', 730, 24),
(1571, NULL, NULL, '80772 Carter Prairie 05034 North Jaren', 1, '2023-12-30 01:12:30', 730, 32),
(1572, 647, 19, '305 Rodolfo Cape 65787 Amiratown', 0, '2023-11-05 08:49:24', 730, 44),
(1573, NULL, NULL, '59780 Emerson Center 06795 Euclid', 1, '2023-08-22 17:03:05', 730, 49),
(1574, 848, 21, '899 Haag River 21318-7784 Raulmouth', 0, '2023-11-23 04:05:19', 732, 1),
(1575, NULL, NULL, '1731 Layla Harbor 72750 Roseview', 0, '2024-02-26 10:46:32', 732, 7),
(1576, NULL, NULL, '75035 Gunnar Falls 18975-2112 Lolahaven', 0, '2023-06-02 07:00:37', 732, 12),
(1577, 407, 17, '005 Brianne Plains 96461-3395 West Darleneburgh', 1, '2024-05-13 18:50:21', 732, 17),
(1578, NULL, NULL, '14348 Jerde Field 11462-3646 South Hosea', 0, '2024-04-01 00:25:05', 732, 19),
(1579, 613, 16, '7806 Rod Alley 40787-5413 South Bennie', 1, '2023-08-01 14:12:14', 732, 21),
(1580, 342, 12, '14860 Furman Ranch 28282-1847 Medhurstfort', 0, '2023-07-21 04:27:38', 732, 24),
(1581, NULL, NULL, '7867 Schmeler Greens 51053 Killeen', 1, '2023-10-23 21:00:07', 732, 32),
(1582, NULL, NULL, '5474 Danial Skyway 02090 Schinnerbury', 0, '2023-09-21 12:16:29', 732, 44),
(1583, NULL, NULL, '0270 Schinner Rapid 83805-3808 Toledo', 1, '2023-09-06 09:25:19', 732, 49),
(1584, NULL, NULL, '4702 Greenholt Tunnel 78196 Freddiefurt', 1, '2024-01-05 08:38:47', 738, 6),
(1585, NULL, NULL, '1898 Michael Locks 75430-5391 West Dallas', 0, '2024-03-14 14:02:19', 738, 10),
(1586, NULL, NULL, '9174 Deion Corners 64765-5371 Franciscaport', 1, '2024-02-15 03:00:18', 739, 9),
(1587, 289, 10, '78394 Rutherford Garden 86919 East Rowanfort', 0, '2023-06-21 10:42:40', 739, 14),
(1588, NULL, NULL, '6258 Dedric Parks 57198-9572 North Nola', 0, '2024-02-01 05:22:28', 739, 16),
(1589, NULL, NULL, '57875 Timothy Expressway 37281-1228 New Desmond', 1, '2023-12-10 21:48:40', 739, 41),
(1590, NULL, NULL, '0837 Jenkins Heights 26373-4345 Olathe', 0, '2023-11-18 07:20:48', 741, 48),
(1591, NULL, NULL, '254 Delaney Cape 85029 Jackson', 0, '2024-03-31 07:25:32', 745, 31),
(1592, NULL, NULL, '365 Norwood Meadow 36507 Port Caterina', 0, '2023-09-24 11:38:42', 747, 30);
INSERT INTO `session_user_option` (`option_id`, `user_price`, `tva`, `addressExam`, `isCandidate`, `DateTime`, `sessionUser_id`, `exam_id`) VALUES
(1593, NULL, NULL, '2875 Xander Villages 48254-1155 Bergstromchester', 0, '2023-07-04 20:56:16', 750, 3),
(1594, NULL, NULL, '87295 Larson Corners 45150-3172 Hilpertville', 0, '2024-04-01 02:37:21', 750, 4),
(1595, NULL, NULL, '29082 Aditya Ways 77657 Port Sherwood', 1, '2023-09-14 07:25:14', 750, 18),
(1596, NULL, NULL, '9623 Doyle Isle 47838 Greysonbury', 0, '2024-03-29 17:45:33', 750, 20),
(1597, NULL, NULL, '3710 Medhurst Center 45847 Marquardtport', 1, '2023-11-24 15:02:33', 750, 23),
(1598, NULL, NULL, '61618 Salma Place 08704 Leifmouth', 1, '2023-09-30 21:13:08', 750, 38),
(1599, 228, 12, '87644 Michaela Light 69027-1790 Akron', 1, '2023-06-24 18:20:22', 750, 40),
(1600, 432, 16, '712 Ernser Rue 03559 South Kimberlyport', 0, '2024-04-14 16:47:43', 750, 43),
(1601, NULL, NULL, '3558 Farrell Shoal 85629-2500 Kington', 0, '2023-07-25 00:54:25', 752, 1),
(1602, NULL, NULL, '4869 Anderson Route 32732 Palo Alto', 0, '2023-06-30 18:55:46', 752, 7),
(1603, NULL, NULL, '7598 Tremayne Gateway 15509-9208 Fadelside', 0, '2024-02-11 07:07:19', 752, 12),
(1604, 734, 16, '1100 Augustus Curve 67572 Rockytown', 1, '2023-06-17 14:49:54', 752, 17),
(1605, NULL, NULL, '0040 Ayana Plain 13886 Nicolettehaven', 0, '2023-12-09 20:36:12', 752, 19),
(1606, NULL, NULL, '136 Koch Station 52052 San Bernardino', 1, '2024-05-05 09:19:15', 752, 21),
(1607, NULL, NULL, '30179 Nicholaus Plains 40459 Hackettshire', 0, '2023-10-01 07:35:22', 752, 24),
(1608, NULL, NULL, '015 Greenfelder Lodge 85849-7140 Irving', 1, '2023-10-16 07:48:05', 752, 32),
(1609, NULL, NULL, '06646 Satterfield Divide 56313 North Elvera', 0, '2023-07-24 16:33:11', 752, 44),
(1610, 323, 10, '571 Myriam Plains 98184-0652 Green Bay', 1, '2023-07-14 11:13:04', 752, 49),
(1611, NULL, NULL, '274 Garrick Stream 81427-2234 Lake Lolaside', 0, '2023-11-29 05:47:59', 758, 13),
(1612, NULL, NULL, '36102 Vicenta Field 25920-2810 Edinburg', 0, '2024-03-19 15:37:42', 758, 15),
(1613, NULL, NULL, '67314 Lorenza Forge 30684 Hauckstad', 1, '2023-09-19 19:32:43', 758, 29),
(1614, NULL, NULL, '73217 Hettinger Cliffs 48830-4072 Findlay', 1, '2024-01-26 03:54:44', 760, 9),
(1615, 444, 18, '011 Sierra Roads 70282-2870 South Moisesport', 0, '2023-09-10 20:41:13', 760, 14),
(1616, NULL, NULL, '56360 Fausto Well 19174-6664 Eugene', 0, '2024-01-08 10:11:07', 760, 16),
(1617, 284, 22, '058 Friesen Hill 65665-3862 North Samhaven', 1, '2024-04-24 02:25:10', 760, 41),
(1618, NULL, NULL, '936 Kilback Lock 11176-9550 Moenport', 0, '2023-10-21 10:11:41', 762, 1),
(1619, NULL, NULL, '1034 Bernier Squares 61098 Kleinhaven', 0, '2024-01-27 02:11:01', 762, 7),
(1620, NULL, NULL, '80866 Gutmann View 73192 North Gavinburgh', 0, '2023-11-22 14:36:55', 762, 12),
(1621, 907, 12, '658 Mohammed Spur 40257 Port Alvaville', 1, '2024-01-13 09:37:18', 762, 17),
(1622, NULL, NULL, '0343 Everardo Ford 76470 Hackettmouth', 0, '2024-02-29 12:12:25', 762, 19),
(1623, NULL, NULL, '1213 Letha Ranch 17502 Adeliaport', 1, '2023-12-11 15:14:45', 762, 21),
(1624, NULL, NULL, '5837 Jordan Track 15540-8856 Lake Mae', 0, '2024-01-29 05:20:57', 762, 24),
(1625, NULL, NULL, '805 Erdman Forge 10824 Fayetteville', 1, '2023-12-08 09:55:42', 762, 32),
(1626, NULL, NULL, '778 Streich Parkway 75691 New Jordaneland', 0, '2023-05-27 08:46:51', 762, 44),
(1627, NULL, NULL, '7292 Karine Pass 48732 West Anissa', 1, '2023-11-01 12:08:51', 762, 49),
(1628, NULL, NULL, '2925 Clifford Walk 79097 Yorba Linda', 0, '2023-07-20 10:00:33', 763, 30),
(1629, NULL, NULL, '7400 Sanford Mills 32278 O\'Fallon', 0, '2024-04-05 22:47:00', 775, 3),
(1630, NULL, NULL, '14638 Weimann Plains 63748 South Mikayla', 0, '2024-03-27 02:27:55', 775, 4),
(1631, NULL, NULL, '2019 Gaylord Union 29542 Kaelabury', 1, '2023-12-19 10:12:41', 775, 18),
(1632, NULL, NULL, '77081 Karianne Radial 50242-6141 Koelpinburgh', 0, '2023-10-19 13:49:12', 775, 20),
(1633, NULL, NULL, '061 Powlowski Valleys 69048-7144 West Amandaburgh', 1, '2024-04-10 02:43:54', 775, 23),
(1634, 630, 13, '2889 Schultz Plain 04562 Mohammedhaven', 1, '2023-07-11 07:48:45', 775, 38),
(1635, NULL, NULL, '211 Taya Unions 61708 South Terrance', 1, '2024-05-05 18:46:36', 775, 40),
(1636, 840, 15, '869 Olson Cliff 43149-6740 South Isac', 0, '2023-10-26 08:12:34', 775, 43),
(1637, NULL, NULL, '655 Labadie Shores 89076 East Xzavierview', 0, '2024-03-10 08:18:37', 788, 3),
(1638, 828, 13, '5692 Fritsch Mills 24531 Glennafort', 0, '2023-06-06 14:22:40', 788, 4),
(1639, 790, 10, '15279 Kris Garden 96501-9198 Dublin', 1, '2023-07-04 18:50:49', 788, 18),
(1640, NULL, NULL, '861 Providenci Wells 61997-0829 The Hammocks', 0, '2023-07-23 15:03:11', 788, 20),
(1641, NULL, NULL, '5345 Marquise Isle 93959 Orinview', 1, '2023-10-23 12:38:53', 788, 23),
(1642, NULL, NULL, '7041 Mraz Via 14145-4465 New Eveland', 1, '2024-04-06 17:50:28', 788, 38),
(1643, NULL, NULL, '02651 Vandervort Drive 86360-9401 New Candace', 1, '2023-10-23 01:31:45', 788, 40),
(1644, 652, 10, '64762 Ambrose Wall 92585 Potomac', 0, '2024-01-31 00:21:47', 788, 43),
(1645, 554, 13, '91401 Effie Throughway 58220-9740 Port Margaretehaven', 1, '2024-04-07 12:36:24', 791, 9),
(1646, 632, 14, '7452 Vandervort Points 64572-0911 Passaic', 0, '2024-02-04 05:31:11', 791, 14),
(1647, NULL, NULL, '9115 Cruickshank Mission 96906 East Jorge', 0, '2024-05-21 14:04:52', 791, 16),
(1648, NULL, NULL, '798 Maxwell Highway 90845-6369 Kossbury', 1, '2023-12-30 20:21:44', 791, 41),
(1649, 849, 20, '2245 Esther Drives 31414-1966 Leannonview', 1, '2023-05-27 14:18:58', 794, 9),
(1650, NULL, NULL, '0270 Schultz Mountain 77615-0776 Lorainestad', 0, '2023-06-10 18:37:56', 794, 14),
(1651, 548, 14, '095 Rodrigo Forks 84160 South Joe', 0, '2023-12-21 03:56:03', 794, 16),
(1652, NULL, NULL, '046 Beer Mews 94990-6180 Olsonville', 1, '2024-04-19 18:09:14', 794, 41),
(1653, 404, 12, '7799 Sydney Stravenue 66022-5490 Cathedral City', 0, '2024-04-17 21:17:37', 797, 31),
(1654, 498, 22, '91958 Kuhic Extensions 92519 East Deja', 0, '2023-11-13 00:40:31', 806, 8),
(1655, NULL, NULL, '9299 Kozey Inlet 07257 New Ryan', 0, '2024-03-22 01:49:08', 806, 34),
(1656, NULL, NULL, '6140 Paucek Manors 24356 Lake Marcelleborough', 1, '2023-08-04 07:40:19', 834, 6),
(1657, NULL, NULL, '73111 Theo Forges 45801-0123 West Johnathan', 0, '2024-01-21 17:02:24', 834, 10),
(1658, NULL, NULL, '391 Landen Centers 64107-6321 Arvada', 1, '2024-05-09 21:06:58', 840, 9),
(1659, NULL, NULL, '9240 O\'Reilly Common 73662-4471 Lombard', 0, '2024-04-14 16:55:45', 840, 14),
(1660, NULL, NULL, '3127 Kaden Radial 47679-1561 North Othachester', 0, '2023-10-31 06:49:21', 840, 16),
(1661, 975, 10, '3514 Barrows Circle 63149 Port Jarvismouth', 1, '2024-05-21 14:08:13', 840, 41),
(1662, NULL, NULL, '2063 DuBuque Loaf 13153 New Jameybury', 1, '2023-07-14 04:59:09', 851, 9),
(1663, 762, 22, '803 Labadie Lights 50636 Lake Nigel', 0, '2023-06-07 05:48:15', 851, 14),
(1664, NULL, NULL, '82609 Bode Inlet 18250 Schusterport', 0, '2024-03-30 21:56:25', 851, 16),
(1665, NULL, NULL, '8526 Rodrigo Orchard 13453-5064 Maggiestad', 1, '2023-12-03 19:49:32', 851, 41),
(1666, NULL, NULL, '183 Alanis Fords 83395 Carlsbad', 0, '2023-07-02 15:56:58', 852, 1),
(1667, NULL, NULL, '04713 Genevieve Heights 20350 South Sheldonburgh', 0, '2023-12-12 00:52:38', 852, 7),
(1668, NULL, NULL, '06905 Lavina Neck 25993 West Hudson', 0, '2023-12-25 03:09:30', 852, 12),
(1669, NULL, NULL, '8566 Fredy Gardens 44545-0277 New Rae', 1, '2024-01-30 11:52:38', 852, 17),
(1670, 657, 18, '7812 Gottlieb Coves 02318 Bernhardville', 0, '2024-04-08 14:04:24', 852, 19),
(1671, NULL, NULL, '76099 Nolan Branch 52907 Vivianeshire', 1, '2024-04-19 09:06:42', 852, 21),
(1672, NULL, NULL, '846 Orrin Viaduct 82650-6661 Tustin', 0, '2024-04-30 17:00:13', 852, 24),
(1673, 386, 20, '2235 Hans Route 18007 Jorgechester', 1, '2024-03-09 23:28:29', 852, 32),
(1674, NULL, NULL, '1740 Ransom Causeway 66653-0035 Arnemouth', 0, '2023-12-03 23:12:23', 852, 44),
(1675, NULL, NULL, '3672 Leann Forest 63238-6212 North Cameronburgh', 1, '2023-11-27 15:51:38', 852, 49),
(1676, NULL, NULL, '92929 Margie Key 21540-1289 Nobleport', 0, '2023-07-24 04:11:10', 858, 3),
(1677, 400, 22, '9803 Wiegand Shoals 74759-8648 Kesslershire', 0, '2023-06-08 14:46:11', 858, 4),
(1678, 749, 11, '66146 Tillman Courts 07198-2094 Dickinsonhaven', 1, '2023-08-05 14:15:30', 858, 18),
(1679, 860, 19, '41450 Feeney Avenue 49310 Lake Ottisstad', 0, '2023-12-20 13:00:40', 858, 20),
(1680, 507, 15, '73158 Lesch Garden 18950 Lake Dallinfurt', 1, '2024-02-15 04:56:03', 858, 23),
(1681, 462, 18, '126 Muhammad Green 52172-1664 Devanmouth', 1, '2023-08-21 00:06:42', 858, 38),
(1682, NULL, NULL, '3286 Barton Unions 77538-9179 Kemmerbury', 1, '2023-09-10 18:52:06', 858, 40),
(1683, NULL, NULL, '124 Littel Wells 48287 Rosariobury', 0, '2023-10-03 13:57:31', 858, 43),
(1684, NULL, NULL, '897 Kiera Skyway 59232-9077 Traceymouth', 1, '2024-02-12 08:38:11', 861, 28),
(1685, 881, 10, '317 Henriette Mission 94613 Union City', 0, '2023-11-08 09:26:14', 861, 42),
(1686, 715, 15, '05321 Jayden Bypass 39206 Alenastad', 1, '2024-01-24 09:55:45', 861, 47),
(1687, 693, 13, '72384 Becker Mill 22534-7770 East Jaden', 0, '2024-04-13 18:33:42', 894, 8),
(1688, NULL, NULL, '870 Hahn Passage 05090-8784 West Sandra', 0, '2023-09-15 22:28:40', 894, 34),
(1689, NULL, NULL, '1476 Wilkinson Lakes 57706 Hermanland', 0, '2023-10-18 06:43:59', 897, 13),
(1690, NULL, NULL, '38297 Wilkinson Track 48149-5762 Juneborough', 0, '2023-09-24 04:25:08', 897, 15),
(1691, NULL, NULL, '273 Boyer Dale 07035 Port Markusmouth', 1, '2023-09-22 12:41:20', 897, 29),
(1692, NULL, NULL, '6024 Miller Gateway 63088-2603 North Hilda', 1, '2024-03-21 00:47:59', 904, 37),
(1693, NULL, NULL, '367 Anderson Crescent 17068-0456 Escondido', 0, '2023-09-29 08:49:25', 905, 8),
(1694, NULL, NULL, '206 McKenzie Isle 73510-4973 Port Reidchester', 0, '2023-11-02 06:36:58', 905, 34),
(1695, NULL, NULL, '78516 Carter Circle 11716 Lake Mercedesstad', 0, '2023-11-02 00:54:37', 926, 1),
(1696, NULL, NULL, '88567 Torphy Spring 52941-3302 Champlintown', 0, '2023-10-14 08:41:55', 926, 7),
(1697, NULL, NULL, '5066 Dach Tunnel 40335 Lebsackchester', 0, '2024-03-21 07:39:11', 926, 12),
(1698, 641, 13, '160 Jake River 28152-0308 Ramirostad', 1, '2023-10-19 06:10:45', 926, 17),
(1699, NULL, NULL, '7282 Lindsey Meadows 13668 North Mafalda', 0, '2024-04-16 11:42:09', 926, 19),
(1700, NULL, NULL, '9373 Hauck Highway 84604-0757 Leoramouth', 1, '2024-05-08 18:16:23', 926, 21),
(1701, NULL, NULL, '87490 Kreiger Pines 68416 Port Mustafaberg', 0, '2024-03-07 12:12:28', 926, 24),
(1702, NULL, NULL, '2262 Carissa Viaduct 65243-7272 Raufurt', 1, '2023-07-06 19:39:54', 926, 32),
(1703, 660, 14, '447 Macejkovic Motorway 72609-1470 Armstrongfurt', 0, '2024-03-02 09:44:59', 926, 44),
(1704, NULL, NULL, '52869 Julianne Points 22644-4630 St. Paul', 1, '2023-11-30 02:33:50', 926, 49),
(1705, NULL, NULL, '99710 Aubrey Crossroad 24618-7392 Rodgerport', 0, '2024-01-01 02:33:11', 934, 30),
(1706, NULL, NULL, '562 Dax Fork 85745 Stacystad', 1, '2023-09-04 05:20:49', 937, 9),
(1707, NULL, NULL, '783 Kessler Crossing 20842-1322 Wheaton', 0, '2024-04-26 13:38:44', 937, 14),
(1708, NULL, NULL, '73046 Hamill Knolls 53766 Port Beryl', 0, '2023-11-26 06:27:49', 937, 16),
(1709, NULL, NULL, '453 Roma Trail 19730-6544 Mossieside', 1, '2024-01-21 22:58:32', 937, 41),
(1710, NULL, NULL, '8292 Nader Rapids 57236 Tyrelfurt', 0, '2024-04-26 22:08:16', 959, 30),
(1711, NULL, NULL, '332 Chloe Branch 26452 North Piercefort', 0, '2023-12-23 19:44:27', 966, 13),
(1712, NULL, NULL, '27255 Wintheiser Meadow 52584 Perth Amboy', 0, '2023-05-27 05:12:03', 966, 15),
(1713, NULL, NULL, '487 Adrian Viaduct 54968-2401 Nicolasmouth', 1, '2024-04-08 04:58:30', 966, 29),
(1714, 888, 18, '3907 Kassulke Forges 54479 Schowalterstad', 1, '2023-09-11 20:03:45', 969, 9),
(1715, NULL, NULL, '79527 Cassandra Mall 78714-2441 Lake D\'angelo', 0, '2024-04-15 00:06:13', 969, 14),
(1716, 317, 19, '26401 Edward Vista 94938 Marlenborough', 0, '2023-12-06 11:53:54', 969, 16),
(1717, NULL, NULL, '904 Skiles Manors 60249-7348 West Marieville', 1, '2023-10-25 13:41:19', 969, 41),
(1718, NULL, NULL, '150 Deontae Stravenue 22703 Mateofort', 0, '2023-11-25 03:37:13', 971, 48),
(1719, NULL, NULL, '78904 Nikolaus Track 89930 Lubowitzville', 1, '2023-06-24 22:58:00', 987, 9),
(1720, NULL, NULL, '44731 Caleb Viaduct 86487 Ferryview', 0, '2023-12-17 22:04:59', 987, 14),
(1721, NULL, NULL, '59491 Hessel Well 90244 Kingshire', 0, '2024-05-10 15:05:52', 987, 16),
(1722, NULL, NULL, '533 Nella Mall 55464 North Eduardo', 1, '2024-03-10 15:33:32', 987, 41),
(1723, NULL, NULL, '002 Rau Union 27201 Walnut Creek', 0, '2024-05-17 23:50:45', 998, 31);

-- --------------------------------------------------------

--
-- Table structure for table `session_user_option_hist`
--

DROP TABLE IF EXISTS `session_user_option_hist`;
CREATE TABLE IF NOT EXISTS `session_user_option_hist` (
  `option_id` int(11) NOT NULL AUTO_INCREMENT,
  `user_price` int(11) DEFAULT NULL,
  `addressExam` text DEFAULT NULL,
  `isCandidate` tinyint(1) DEFAULT NULL,
  `DateTime` datetime DEFAULT NULL,
  `sessionUser_id` int(11) NOT NULL,
  `exam_id` int(11) DEFAULT NULL,
  `createdAt` datetime NOT NULL,
  `updatedAt` datetime NOT NULL,
  PRIMARY KEY (`option_id`)
) ENGINE=InnoDB DEFAULT CHARSET=utf8mb4;

-- --------------------------------------------------------

--
-- Table structure for table `skills`
--

DROP TABLE IF EXISTS `skills`;
CREATE TABLE IF NOT EXISTS `skills` (
  `skill_id` int(11) NOT NULL AUTO_INCREMENT,
  `label` varchar(255) NOT NULL,
  `parent_id` int(11) DEFAULT NULL,
  PRIMARY KEY (`skill_id`),
  KEY `parent_id` (`parent_id`)
) ENGINE=InnoDB AUTO_INCREMENT=61 DEFAULT CHARSET=utf8mb4;

--
-- Dumping data for table `skills`
--

INSERT INTO `skills` (`skill_id`, `label`, `parent_id`) VALUES
(1, 'Compétence 1', NULL),
(2, 'Compétence 2', NULL),
(3, 'Compétence 3', NULL),
(4, 'Compétence 4', NULL),
(5, 'Compétence 5', NULL),
(6, 'Compétence 6', NULL),
(7, 'Compétence 7', NULL),
(8, 'Compétence 8', NULL),
(9, 'Compétence 9', NULL),
(10, 'Compétence 10', NULL),
(11, 'Compétence 11', NULL),
(12, 'Compétence 12', NULL),
(13, 'Compétence 13', NULL),
(14, 'Compétence 14', NULL),
(15, 'Compétence 15', NULL),
(16, 'Compétence 16', NULL),
(17, 'Compétence 17', NULL),
(18, 'Compétence 18', NULL),
(19, 'Compétence 19', NULL),
(20, 'Compétence 20', NULL),
(21, 'SousCompétence 1', 3),
(22, 'SousCompétence 2', 19),
(23, 'SousCompétence 3', 13),
(24, 'SousCompétence 4', 16),
(25, 'SousCompétence 5', 12),
(26, 'SousCompétence 6', 9),
(27, 'SousCompétence 7', 5),
(28, 'SousCompétence 8', 8),
(29, 'SousCompétence 9', 10),
(30, 'SousCompétence 10', 10),
(31, 'SousCompétence 11', 5),
(32, 'SousCompétence 12', 7),
(33, 'SousCompétence 13', 11),
(34, 'SousCompétence 14', 4),
(35, 'SousCompétence 15', 17),
(36, 'SousCompétence 16', 6),
(37, 'SousCompétence 17', 4),
(38, 'SousCompétence 18', 9),
(39, 'SousCompétence 19', 10),
(40, 'SousCompétence 20', 19),
(41, 'SousSousCompétence 1', 21),
(42, 'SousSousCompétence 2', 21),
(43, 'SousSousCompétence 3', 21),
(44, 'SousSousCompétence 4', 21),
(45, 'SousSousCompétence 5', 21),
(46, 'SousSousCompétence 6', 21),
(47, 'SousSousCompétence 7', 21),
(48, 'SousSousCompétence 8', 21),
(49, 'SousSousCompétence 9', 21),
(50, 'SousSousCompétence 10', 21),
(51, 'SousSousCompétence 11', 21),
(52, 'SousSousCompétence 12', 21),
(53, 'SousSousCompétence 13', 21),
(54, 'SousSousCompétence 14', 21),
(55, 'SousSousCompétence 15', 21),
(56, 'SousSousCompétence 16', 21),
(57, 'SousSousCompétence 17', 21),
(58, 'SousSousCompétence 18', 21),
(59, 'SousSousCompétence 19', 21),
(60, 'SousSousCompétence 20', 21);

-- --------------------------------------------------------

--
-- Table structure for table `skills_hist`
--

DROP TABLE IF EXISTS `skills_hist`;
CREATE TABLE IF NOT EXISTS `skills_hist` (
  `skill_id` int(11) NOT NULL AUTO_INCREMENT,
  `label` varchar(255) NOT NULL,
  `parent_id` int(11) DEFAULT NULL,
  `createdAt` datetime NOT NULL,
  `updatedAt` datetime NOT NULL,
  PRIMARY KEY (`skill_id`)
) ENGINE=InnoDB DEFAULT CHARSET=utf8mb4;

-- --------------------------------------------------------

--
-- Table structure for table `tests`
--

DROP TABLE IF EXISTS `tests`;
CREATE TABLE IF NOT EXISTS `tests` (
  `test_id` int(11) NOT NULL AUTO_INCREMENT,
  `label` varchar(255) NOT NULL,
  `isInternal` tinyint(1) NOT NULL DEFAULT 0,
  `parent_id` int(11) DEFAULT NULL,
  `isArchive` tinyint(1) NOT NULL DEFAULT 0,
  PRIMARY KEY (`test_id`),
  KEY `parent_id` (`parent_id`)
) ENGINE=InnoDB AUTO_INCREMENT=6 DEFAULT CHARSET=utf8mb4;

--
-- Dumping data for table `tests`
--

INSERT INTO `tests` (`test_id`, `label`, `isInternal`, `parent_id`, `isArchive`) VALUES
(1, 'DELF', 0, NULL, 0),
(2, 'DELF-NATURALISATION', 0, 1, 0),
(3, 'JLPT', 0, NULL, 0),
(4, 'TOIEC', 0, NULL, 0),
(5, 'DELF-ENFANT', 0, 1, 0);

-- --------------------------------------------------------

--
-- Table structure for table `users`
--

DROP TABLE IF EXISTS `users`;
CREATE TABLE IF NOT EXISTS `users` (
  `user_id` int(11) NOT NULL AUTO_INCREMENT,
  `avatar` varchar(255) DEFAULT NULL,
  `login` varchar(255) NOT NULL,
  `password` varchar(255) NOT NULL,
  `email` varchar(255) NOT NULL,
  `phone` varchar(255) DEFAULT NULL,
  `civility` int(11) NOT NULL,
  `gender` int(11) NOT NULL,
  `firstname` varchar(255) NOT NULL,
  `lastname` varchar(255) NOT NULL,
  `adress1` varchar(255) NOT NULL,
  `adress2` varchar(255) DEFAULT NULL,
  `zipcode` varchar(255) NOT NULL,
  `city` varchar(255) NOT NULL,
  `country_id` int(11) DEFAULT NULL,
  `birthday` date DEFAULT NULL,
  `nativeCountry_id` int(11) DEFAULT NULL,
  `nationality_id` int(11) DEFAULT NULL,
  `firstlanguage_id` int(11) DEFAULT NULL,
  `systemRole_id` int(11) NOT NULL DEFAULT 1,
  `createdAt` datetime NOT NULL,
  `updatedAt` datetime NOT NULL,
  PRIMARY KEY (`user_id`),
  UNIQUE KEY `users_login_unique` (`login`),
  UNIQUE KEY `users_email_unique` (`email`),
  KEY `country_id` (`country_id`),
  KEY `nativeCountry_id` (`nativeCountry_id`),
  KEY `nationality_id` (`nationality_id`),
  KEY `firstlanguage_id` (`firstlanguage_id`),
  KEY `systemRole_id` (`systemRole_id`)
) ENGINE=InnoDB AUTO_INCREMENT=505 DEFAULT CHARSET=utf8mb4;

--
-- Dumping data for table `users`
--

INSERT INTO `users` (`user_id`, `avatar`, `login`, `password`, `email`, `phone`, `civility`, `gender`, `firstname`, `lastname`, `adress1`, `adress2`, `zipcode`, `city`, `country_id`, `birthday`, `nativeCountry_id`, `nationality_id`, `firstlanguage_id`, `systemRole_id`, `createdAt`, `updatedAt`) VALUES
(1, NULL, 'bauer', '$2b$04$WW1xRFPzI6L0JhIvFT.JV.YMZ.4WcBCqAxdpzdod7pxS0j/AsQHle', 'bbauer02@gmail.com', '+330323522248', 1, 1, 'Baptiste', 'Bauer', '30 rue Robert Leroux', '', '02000', 'LAON', 76, '1982-08-04', 76, 76, 1, 5, '2023-05-24 10:01:32', '2023-05-24 10:01:32'),
(2, NULL, 'umebosi1014', '$2b$04$fuQzYLl8MMbOhT9bvXUPa.1KPiP9.G3URZ9g0bRGxxWrt3J5piVLa', 'umebosi1014@yahoo.co.jp', '0706050403', 2, 2, 'Ayaka', 'Oyama', '3 rue Georges Citerne', 'Apt 1', '75015', 'PARIS', 76, '1988-10-14', 76, 112, 2, 5, '2023-05-24 10:01:32', '2023-05-24 10:01:32'),
(3, NULL, 'cLefebre', '$2b$04$kX9UEWctCWyLlSyJdoapauNfb6HImbiYS3a2OypSZU.MFYfJ/co8O', 'cLefebre@gmail.com', '123456789', 1, 1, 'Christophe', 'Lefebre', '5 boulevard Voltaire', 'Apt 6', '13000', 'MARSEILLE', 76, '1987-11-14', 76, 76, 3, 1, '2023-05-24 10:01:32', '2023-05-24 10:01:32'),
(4, NULL, 'didierM', '$2b$04$J4PoBeMAHwQMp6TIEx3.7ugFZs0N42tSShZrMEwRIVZ.PvkilD32.', 'didierMoulard@gmail.com', '1234567899', 1, 1, 'Didier', 'Moulard', '2 rue du Louvres', NULL, '51100', 'REIMS', 76, '1987-11-14', 76, 76, 3, 1, '2023-05-24 10:01:32', '2023-05-24 10:01:32'),
(5, NULL, 'user1', '$2b$04$IV4LEqXkJ7ZEh7LjmByUAOA3n1Z8AXX04RVVSUyfcMrybdkhHUtQ6', 'Lexus38@hotmail.com', '893-652-8973', 1, 1, 'Jacklyn', 'Lang', '03363 Moises Summit', 'Suite 582', '97518', 'STARKFORT', 106, '1998-10-15', 78, 185, 60, 1, '2023-05-24 10:01:32', '2023-05-24 10:01:32'),
(6, NULL, 'user2', '$2b$04$3c8vyKu.Gop4BayaLnUMC.55Hv/yhmulQdSOYTrn30azdcHluKrUK', 'Nichole7@gmail.com', '(745) 225-3960', 1, 2, 'Kellie', 'Emmerich', '001 Gulgowski Creek', 'Apt. 393', '49715', 'CARMICHAEL', 234, '1978-11-17', 202, 32, 31, 1, '2023-05-24 10:01:32', '2023-05-24 10:01:32'),
(7, NULL, 'user3', '$2b$04$BYTBI8oVtsv8o0LBN2pTV.nM1GvYgrCdIQr1wBq4czfIO96VWrHGG', 'Maximus.Hammes59@gmail.com', '(621) 889-3254', 1, 2, 'Judah', 'Quigley', '232 Leannon Tunnel', 'Suite 297', '67724-4082', 'EAST NORMABURY', 238, '1956-10-26', 212, 173, 99, 1, '2023-05-24 10:01:32', '2023-05-24 10:01:32'),
(8, NULL, 'user4', '$2b$04$lQqnfrGN.vcnBG3CSD7YseAlx4soBDqgnl2z.cJPYuT1PRT0A7b2q', 'Aliza16@hotmail.com', '724-766-7490 x729', 1, 2, 'Wallace', 'Price', '29983 DuBuque Mission', 'Suite 316', '53194-9014', 'OREM', 18, '1996-09-30', 118, 208, 48, 1, '2023-05-24 10:01:32', '2023-05-24 10:01:32'),
(9, NULL, 'user5', '$2b$04$u/AWgH5wP13mjnFTp9/H1.yHbx.Fqe8t9q3K.5zQ5785LNbEE1a3K', 'Sophie.Wisozk@yahoo.com', '435.925.7886 x0673', 1, 1, 'Eric', 'Strosin', '4706 Schaefer Estates', 'Suite 009', '70337-5968', 'PORT LEOTON', 25, '1993-07-28', 10, 205, 31, 1, '2023-05-24 10:01:32', '2023-05-24 10:01:32'),
(10, NULL, 'user6', '$2b$04$aSxg7ruTHEXURwsyqa2Us.AyasFAPRRqtWXjntbMaAzxOxhcg7pn.', 'Jaqueline92@hotmail.com', '(618) 583-9502 x9707', 2, 2, 'Rachel', 'Keebler', '365 Kenya Creek', 'Apt. 857', '31690', 'NORTH LETHASHIRE', 148, '1962-05-07', 110, 189, 21, 1, '2023-05-24 10:01:32', '2023-05-24 10:01:32'),
(11, NULL, 'user7', '$2b$04$1tnVf7NJbhj166daasipl.ZAM34wphj7k8LAZ3cqbjN/Vor2g1nl.', 'Syble96@hotmail.com', '787-404-0493 x8784', 1, 2, 'Juvenal', 'Schinner', '762 Pagac Mall', 'Apt. 210', '18144-4503', 'AUERMOUTH', 82, '1978-11-18', 75, 193, 43, 1, '2023-05-24 10:01:32', '2023-05-24 10:01:32'),
(12, NULL, 'user8', '$2b$04$FqlT4yrpLOatzZTP4ppZROaxvzJcYqNqelj1Qa5LDQnH3ppzvg4.S', 'Gianni_Kreiger@yahoo.com', '(203) 685-6123 x6588', 2, 2, 'Laverne', 'Mohr', '39198 Wiegand Via', 'Apt. 186', '40652', 'WATSONBERG', 40, '1983-12-07', 183, 57, 102, 1, '2023-05-24 10:01:32', '2023-05-24 10:01:32'),
(13, NULL, 'user9', '$2b$04$AXqDUU4XJ9s2f2wnHT8KWe/yItEvH1oL/Qii4GW0s1PNJL8QHWPIy', 'Cesar_Corwin@hotmail.com', '(219) 566-0835 x342', 2, 1, 'Mertie', 'Price', '1004 Langworth Shores', 'Apt. 931', '22736', 'ELIZAMOUTH', 95, '1952-08-19', 148, 192, 44, 1, '2023-05-24 10:01:32', '2023-05-24 10:01:32'),
(14, NULL, 'user10', '$2b$04$5j8Efd.CCAJEEU46KpnkCOP.Ayo4QL4538VKPeGj.mNg8FLIRQqfy', 'Mina.Brown@gmail.com', '586-402-8406', 1, 1, 'Arnoldo', 'Lebsack', '611 Treutel Court', 'Apt. 917', '72962', 'ZACKARYTOWN', 130, '1963-06-16', 204, 247, 36, 1, '2023-05-24 10:01:32', '2023-05-24 10:01:32'),
(15, NULL, 'user11', '$2b$04$2.lDHKwt5Y7vSAQr.H.S/uU9snOfB/7Q/z76yMY87BcETfYI6GPsq', 'Florence70@hotmail.com', '(716) 310-0132', 1, 1, 'Dan', 'Leuschke', '480 Ella Greens', 'Suite 500', '44584-1724', 'DAYNAVILLE', 71, '1981-07-12', 228, 191, 82, 1, '2023-05-24 10:01:32', '2023-05-24 10:01:32'),
(16, NULL, 'user12', '$2b$04$QPKucjy87jzj8btS6ss3ae3yCwOxTuknHIIhpvO0wMVNZZVbQHj9u', 'Tate37@yahoo.com', '503.999.3214 x368', 1, 1, 'Zechariah', 'Toy', '26693 Cartwright Neck', 'Apt. 722', '43850-5057', 'IRONDEQUOIT', 217, '1991-05-21', 102, 167, 20, 1, '2023-05-24 10:01:32', '2023-05-24 10:01:32'),
(17, NULL, 'user13', '$2b$04$MO32W.2omo0kppZQzNNOTug7FzX/PDhZJKuEKwJTIqdiv8T/JyGrq', 'Russell.Dare57@hotmail.com', '852-906-1938', 1, 2, 'Reinhold', 'Cartwright', '02494 Creola Mills', 'Suite 220', '82680-1695', 'EAST OBIE', 156, '1952-09-14', 192, 114, 54, 1, '2023-05-24 10:01:32', '2023-05-24 10:01:32'),
(18, NULL, 'user14', '$2b$04$yLpXgdNaXdHRFeuT/wSk7efnXwlV2r92P7Jfj6NiwdoMRHawICHnC', 'Joshuah50@gmail.com', '375.297.3605', 1, 1, 'Nigel', 'Stanton', '374 Boyle Walk', 'Suite 722', '40698', 'RUECKERFORT', 111, '1952-09-20', 207, 10, 50, 1, '2023-05-24 10:01:32', '2023-05-24 10:01:32'),
(19, NULL, 'user15', '$2b$04$IM8DyPpdNfa9C2Ctvmysi.2G81/pEq5xA/OGhNujHv9AFj5afRAVu', 'Sandra.Spinka@hotmail.com', '1-252-291-3766 x1176', 1, 2, 'Earl', 'Cormier', '4617 Britney Mountain', 'Suite 896', '57743', 'EAST KATLYN', 32, '1975-05-25', 177, 54, 79, 1, '2023-05-24 10:01:32', '2023-05-24 10:01:32'),
(20, NULL, 'user16', '$2b$04$o/hV.ZM31uPfEXgEmDANsOW76ikXytMpcO7Q0VjpH9lI13gd9SLrm', 'Caterina.Maggio64@gmail.com', '1-362-448-9036', 2, 1, 'Milford', 'Thiel', '6918 Farrell Pines', 'Suite 781', '85580', 'HILMAHAVEN', 187, '1982-10-21', 161, 8, 4, 1, '2023-05-24 10:01:32', '2023-05-24 10:01:32'),
(21, NULL, 'user17', '$2b$04$8ttrGKvx1480tkDz0gL1hubx2Vc1AyjTsOSBM.wEEIsuxsn5jtOKq', 'Tara_Romaguera@yahoo.com', '397-736-4376 x546', 1, 1, 'Frederick', 'Rice', '848 Dannie Streets', 'Apt. 860', '20886', 'ADELBERTBURY', 209, '1968-06-22', 127, 85, 13, 1, '2023-05-24 10:01:32', '2023-05-24 10:01:32'),
(22, NULL, 'user18', '$2b$04$jFs3j8g/hAzmtam3Ptu6QefLWGy/SBBRtYex/m/t3YxTeU9.FH8HG', 'Toni.Kihn@yahoo.com', '740.967.4339 x543', 2, 1, 'Mustafa', 'Ruecker', '895 Kutch Lakes', 'Apt. 786', '64028-9382', 'PORT AIDASHIRE', 40, '1981-04-03', 60, 12, 30, 1, '2023-05-24 10:01:32', '2023-05-24 10:01:32'),
(23, NULL, 'user19', '$2b$04$DLWCEGWG4.efHt6VRBGGmu742gdmklPROCFOP3Ldvi0tQgG9DtgHC', 'Bernadine.Spencer74@gmail.com', '249-619-2160 x9752', 1, 1, 'Ramona', 'Monahan', '641 Liliane Pass', 'Apt. 972', '33560', 'RUBIETOWN', 224, '1968-06-19', 155, 67, 107, 1, '2023-05-24 10:01:32', '2023-05-24 10:01:32'),
(24, NULL, 'user20', '$2b$04$aK7zdT2BeN/v1HFis0HAMOgP9B0BzvucxfseekI3gXyDBNLitL0yq', 'Nona_Powlowski@yahoo.com', '1-557-707-9330 x7965', 1, 2, 'Yolanda', 'Wilkinson', '2715 Emard Fields', 'Suite 218', '92931-0154', 'NORTH LEANNA', 168, '1956-12-27', 23, 94, 52, 1, '2023-05-24 10:01:32', '2023-05-24 10:01:32'),
(25, NULL, 'user21', '$2b$04$Y9GguDxi91u0MyGfC0ENLue.DnFPIXsJEpC.dLfqACZqLE0/iaSBu', 'Ava55@hotmail.com', '(485) 992-1586', 2, 2, 'Antwon', 'Koss', '719 Roob Isle', 'Apt. 644', '91455-3495', 'NORTH SUSANAVILLE', 139, '1959-01-18', 153, 215, 81, 1, '2023-05-24 10:01:32', '2023-05-24 10:01:32'),
(26, NULL, 'user22', '$2b$04$cdR06IwR4.2aJQMRVYJsYO.L3IWZCHi.8N63wd/jqW.n3UzpDQk2C', 'Toy_Kohler74@gmail.com', '975-414-5176 x202', 1, 1, 'Jaquelin', 'Luettgen', '344 Wintheiser Islands', 'Apt. 817', '20540-5966', 'PINE BLUFF', 245, '1968-05-09', 81, 144, 69, 1, '2023-05-24 10:01:32', '2023-05-24 10:01:32'),
(27, NULL, 'user23', '$2b$04$PDbZaMWrYe.g52rDjYXE.Ow89ugPk/sLr.0SeMUePEDPW/u7asgU6', 'Thelma_Miller41@yahoo.com', '851.868.4476 x4955', 1, 1, 'Karen', 'Gerlach', '6009 Mikel Valleys', 'Apt. 232', '36765-2867', 'CARTERTON', 192, '2001-06-12', 127, 98, 3, 1, '2023-05-24 10:01:32', '2023-05-24 10:01:32'),
(28, NULL, 'user24', '$2b$04$XeHp4Z1ZYSlGkhhD5nJlRuAx342WdSetCjJhdasMAI6XjsjmoANKe', 'Theron_Gusikowski86@gmail.com', '1-334-880-6173 x930', 2, 1, 'Providenci', 'Zemlak', '267 Dallas Fort', 'Apt. 518', '30414', 'NORTH DONNA', 177, '1953-12-02', 186, 132, 31, 1, '2023-05-24 10:01:32', '2023-05-24 10:01:32'),
(29, NULL, 'user25', '$2b$04$48XYHoNN.Vgo7cFFgc38ruk1DduNdMvn.y/PdRZYBeg0HJDuye/P6', 'Gaston57@hotmail.com', '(945) 616-4534 x940', 2, 2, 'Ollie', 'Bayer', '38183 Effertz Fall', 'Apt. 022', '44430-2271', 'STILLWATER', 116, '1984-08-01', 158, 87, 102, 1, '2023-05-24 10:01:32', '2023-05-24 10:01:32'),
(30, NULL, 'user26', '$2b$04$0gbdbmW9GV0MlYkcrmOQGux3NCHEKyILaPdmEkyde9yDROz.7O6Du', 'Jodie4@gmail.com', '1-861-452-5450 x241', 2, 2, 'Cathy', 'Turcotte', '17702 Fay Ways', 'Apt. 945', '17059', 'EAST WATSON', 68, '1974-02-25', 182, 36, 47, 1, '2023-05-24 10:01:32', '2023-05-24 10:01:32'),
(31, NULL, 'user27', '$2b$04$XC2m5IiLk9nW9q8nPiFIHuo9xNfus1y4Zt3.VU/fJrNStfjBNNudy', 'Ebony.Pfannerstill@gmail.com', '775-223-5451', 1, 1, 'Estelle', 'Greenfelder', '06004 Goldner Locks', 'Suite 826', '40160', 'ROSENBAUMHAVEN', 52, '1976-05-05', 189, 240, 89, 1, '2023-05-24 10:01:32', '2023-05-24 10:01:32'),
(32, NULL, 'user28', '$2b$04$m9HxfG6qApMoL80ZVNGAH.orQvPSQt1IAoSyr0uT3py9e2otr7y5e', 'Amalia.Kub@yahoo.com', '344.384.6182 x87776', 2, 1, 'Sadye', 'Tromp', '124 Mathew Isle', 'Apt. 106', '50104', 'WOLFFBURY', 235, '1977-11-13', 209, 132, 63, 1, '2023-05-24 10:01:32', '2023-05-24 10:01:32'),
(33, NULL, 'user29', '$2b$04$0FUORxAp4GhUvmNE5U/5MO7lSuECuckrbQ5yJO3tdkeFgU4BRnAA6', 'Glennie1@hotmail.com', '887.641.6876 x0273', 1, 1, 'Erica', 'Auer', '23813 Joannie Lock', 'Suite 378', '64524', 'SOUTH WILEYMOUTH', 49, '1996-10-27', 27, 241, 88, 1, '2023-05-24 10:01:32', '2023-05-24 10:01:32'),
(34, NULL, 'user30', '$2b$04$lQpioyVXooN2mLAIDXs02O.zo2cCGR7NZpBBvTKWswNZI5hfbASYC', 'Elise56@yahoo.com', '670-298-7432', 2, 2, 'Francisco', 'Goodwin', '78289 Deondre Ford', 'Suite 488', '16917', 'WEST JAYDEN', 168, '1989-12-31', 156, 13, 35, 1, '2023-05-24 10:01:32', '2023-05-24 10:01:32'),
(35, NULL, 'user31', '$2b$04$0ICJ0DlQD8QnNTgrpslUDeIqSJ9DJzRrFIE8QeoGEKPva3BO.Vb2i', 'Gaylord_Sanford63@yahoo.com', '785-615-7155', 1, 2, 'Hubert', 'Upton', '543 Monte Vista', 'Suite 138', '89874-8721', 'WEST TRACEY', 117, '1966-12-16', 219, 164, 1, 1, '2023-05-24 10:01:32', '2023-05-24 10:01:32'),
(36, NULL, 'user32', '$2b$04$gcHWVo2rWjjmHQCMEt2f6uLaqgCCB38lSpQl6je2xl3qe8V/olf02', 'Cassidy_Stracke39@gmail.com', '1-806-869-9537', 2, 2, 'Odessa', 'Bauch', '0230 Terence Cliff', 'Apt. 580', '52771', 'WESTFIELD', 37, '1992-07-20', 16, 234, 60, 1, '2023-05-24 10:01:32', '2023-05-24 10:01:32'),
(37, NULL, 'user33', '$2b$04$q9erwlbzuy1RmAaMlF1DUeR3zOWmrNkCZl3c8G05CPbzqVIwJORU2', 'Edward.Kuphal94@yahoo.com', '1-960-379-1229', 1, 1, 'Daisha', 'Beer', '5667 Kreiger Ford', 'Apt. 620', '54686', 'NEW COLLIN', 228, '1953-10-23', 111, 76, 13, 1, '2023-05-24 10:01:32', '2023-05-24 10:01:32'),
(38, NULL, 'user34', '$2b$04$505.kzGaxFVynyblu1ce..crPtdK0ZLkHmNVHMV2VoTUyEMh.3OlW', 'Cleta58@hotmail.com', '846-295-9265 x11168', 2, 1, 'Virginia', 'Thompson', '7081 Lurline Grove', 'Apt. 852', '26431-2089', 'NORTH LUCINDA', 145, '1986-04-23', 4, 239, 6, 1, '2023-05-24 10:01:32', '2023-05-24 10:01:32'),
(39, NULL, 'user35', '$2b$04$WAaJ3G6nFlWeGbjdUCk54.RocM.zSO/63Z/M.zaacxOPVth4SRq9O', 'Oleta_Bahringer93@yahoo.com', '(249) 483-7929', 1, 2, 'Neal', 'Haley', '76262 Schneider Parks', 'Apt. 418', '98062', 'NEW MERVINTOWN', 135, '1986-09-27', 12, 130, 42, 1, '2023-05-24 10:01:32', '2023-05-24 10:01:32'),
(40, NULL, 'user36', '$2b$04$/g.NXt3HCqW.9oSiAD4/6OMi3RH2wacvDPGxGeCpfX78H5AF0eZXy', 'Bart.Ortiz@hotmail.com', '1-850-537-3033 x912', 1, 1, 'Mikayla', 'Ziemann', '2398 General Grove', 'Suite 363', '41326', 'DAISHALAND', 224, '1978-12-14', 193, 60, 26, 1, '2023-05-24 10:01:32', '2023-05-24 10:01:32'),
(41, NULL, 'user37', '$2b$04$ToL6cW9qVHmATYM1d8foV.lwSBoE9IbtKdlNzdlVwr7DtozV6BHLG', 'Skylar.Langosh@hotmail.com', '(847) 776-7267 x058', 2, 1, 'Ava', 'Kuphal', '391 Nicolette Terrace', 'Suite 968', '03028-0489', 'QUIGLEYLAND', 152, '1988-02-16', 7, 27, 76, 1, '2023-05-24 10:01:32', '2023-05-24 10:01:32'),
(42, NULL, 'user38', '$2b$04$4609.NvL7MApBl1YL1pBvuUov7PX80ebB270W5pM6nuBObb3f1Rl.', 'Hubert68@gmail.com', '(399) 561-4922 x5707', 1, 1, 'Haylie', 'Roob', '462 Deckow Mountains', 'Apt. 253', '21015-3514', 'ELENORVIEW', 175, '1989-01-17', 147, 37, 13, 1, '2023-05-24 10:01:32', '2023-05-24 10:01:32'),
(43, NULL, 'user39', '$2b$04$T8UQj6w2pNr3dvLUs9sokuqSx2aGmB9aU3ybMIBVCCL4Cw.Hm/t0W', 'Virginie.Mertz@gmail.com', '690-948-0196 x535', 2, 2, 'August', 'Feest', '266 Volkman Extension', 'Apt. 362', '53068-3327', 'MARJORYBERG', 125, '1956-06-19', 157, 123, 98, 1, '2023-05-24 10:01:32', '2023-05-24 10:01:32'),
(44, NULL, 'user40', '$2b$04$uTkKKqAnlC8UMOHZXOEKGOt2CdrtfyqX1RxuXXezjnufPlMmhaejG', 'Edmond.Miller76@yahoo.com', '354-957-6833 x1954', 2, 2, 'Bethany', 'Harris', '026 Linnie Lights', 'Apt. 783', '82570', 'LINDSEYPORT', 101, '1986-07-27', 85, 61, 42, 1, '2023-05-24 10:01:32', '2023-05-24 10:01:32'),
(45, NULL, 'user41', '$2b$04$9jvN62IsioLS0KVDjPMRO.cWsQIP.NdrdegwEdBP9CdfytP8vbMKm', 'Enoch42@hotmail.com', '710-696-8842 x1807', 2, 1, 'Kyra', 'Cummerata', '8963 Rahsaan Keys', 'Apt. 930', '01703-8752', 'MEDHURSTHAVEN', 168, '1951-09-08', 45, 137, 54, 1, '2023-05-24 10:01:32', '2023-05-24 10:01:32'),
(46, NULL, 'user42', '$2b$04$1CMHHkdobVeM.zl6m7knKOMS4YlQ552iycZOugTd3IhOZdFfe9OLS', 'Garrison74@yahoo.com', '1-344-291-2303 x92362', 1, 2, 'Aracely', 'Lemke', '888 Aileen Hills', 'Suite 248', '32585-7704', 'WEBERVILLE', 201, '2000-08-04', 155, 38, 107, 1, '2023-05-24 10:01:32', '2023-05-24 10:01:32'),
(47, NULL, 'user43', '$2b$04$5nwgxEIsf6W52KKN4W/ZWe36P9XlW3JN0lvItiSdYermVldKjMEzW', 'Marguerite91@yahoo.com', '937.370.2027 x07995', 2, 2, 'Pearlie', 'Kub', '384 Hilpert Curve', 'Suite 525', '80775-0416', 'WEST MILTON', 156, '1996-06-19', 6, 124, 75, 1, '2023-05-24 10:01:32', '2023-05-24 10:01:32'),
(48, NULL, 'user44', '$2b$04$kU0HxJkEPu9Je/kuJVKLHuXOHZeaghzoFYDxSdPRQ8uZcQHWlCEYy', 'Melvin_Runolfsdottir91@hotmail.com', '(915) 617-4703', 1, 2, 'Alexandrine', 'Balistreri', '85136 Gutmann Common', 'Apt. 546', '91832', 'WILLMSBERG', 248, '1992-05-15', 236, 150, 78, 1, '2023-05-24 10:01:32', '2023-05-24 10:01:32'),
(49, NULL, 'user45', '$2b$04$caKfzGKuQl9YtbTXF.6ne.NTQyYytmMJXvL.4yjjOCI4J.DCXpS0a', 'Deontae_Kohler@yahoo.com', '1-790-966-8726 x332', 2, 2, 'Kyra', 'Bailey', '0229 Jameson Points', 'Suite 797', '88307-7766', 'PORT JANEHAVEN', 40, '1969-11-15', 187, 242, 36, 1, '2023-05-24 10:01:32', '2023-05-24 10:01:32'),
(50, NULL, 'user46', '$2b$04$U1MsbelAv2NoNZ6bgu4q3OZ2rWpiwBUSF1Q0Tp33fF9Oa8s3DSVLC', 'Dalton.Simonis62@gmail.com', '667.692.8578', 1, 1, 'Joanne', 'Rohan', '212 Bogisich Squares', 'Suite 209', '68310', 'JOSIANEHAVEN', 153, '1986-10-25', 79, 10, 103, 1, '2023-05-24 10:01:32', '2023-05-24 10:01:32'),
(51, NULL, 'user47', '$2b$04$sQDPwH4ouUry/lKm5SZOyeGt0PvJVIkeJkG4vcgiukHaDIYfFbOce', 'Jaycee.Carter@gmail.com', '878-243-1650 x72358', 2, 2, 'Gabriella', 'Stehr', '8749 Robel Mountain', 'Apt. 452', '53861-4143', 'PORT ANITA', 149, '1983-07-27', 70, 154, 51, 1, '2023-05-24 10:01:32', '2023-05-24 10:01:32'),
(52, NULL, 'user48', '$2b$04$zuJAedm2FSj1thUKv8jXIO1KnqhFo1PoPIGQksQLLm0stL5L5xKvi', 'Idella.Smith47@yahoo.com', '1-822-890-6722 x96679', 2, 2, 'Madaline', 'Willms', '91888 Tierra Oval', 'Apt. 346', '32096-4622', 'PONTIAC', 141, '1982-01-09', 160, 5, 44, 1, '2023-05-24 10:01:32', '2023-05-24 10:01:32'),
(53, NULL, 'user49', '$2b$04$k6W/7qiorGyWsjLEaCHDS.WjPdH37sC3FOUMqkGjRSZraPte6VVVi', 'Maybell45@hotmail.com', '1-703-919-8928 x2564', 1, 1, 'Turner', 'Bashirian', '806 Demario Views', 'Apt. 694', '06418', 'OREM', 156, '1992-11-12', 238, 34, 15, 1, '2023-05-24 10:01:32', '2023-05-24 10:01:32'),
(54, NULL, 'user50', '$2b$04$NFqvuu3quqhFIk6rKoazsec48tUeWkUcjIeyZpp0FZ/PMUO9Nk1TO', 'Rogelio82@yahoo.com', '1-691-627-9467', 1, 1, 'Dominic', 'Quitzon', '49382 Monroe Trail', 'Suite 731', '85874', 'NEW ELEONORE', 238, '2001-09-19', 36, 213, 109, 1, '2023-05-24 10:01:32', '2023-05-24 10:01:32'),
(55, NULL, 'user51', '$2b$04$aJ9fGWQ3p.EOnNn1OIpwmuc1UPUvNm6UQFiT5EPCu3.YFe/k5MK2K', 'Shaniya93@gmail.com', '293-399-5723', 1, 2, 'Tate', 'Sawayn', '43493 Adriana Expressway', 'Apt. 409', '99499-3063', 'EAST MAUREEN', 223, '1983-11-24', 16, 235, 83, 1, '2023-05-24 10:01:32', '2023-05-24 10:01:32'),
(56, NULL, 'user52', '$2b$04$dZ4AT4Y/rBjVvNhwgC02w.dq5eLZll8Vpxm9WULgXNHFpD.M1yRnm', 'Margot_Abbott@hotmail.com', '(883) 388-6890', 1, 1, 'Magdalena', 'Becker', '5291 Cartwright Spurs', 'Apt. 438', '50171-2846', 'SOUTH HOLLYFURT', 200, '1983-12-09', 205, 21, 28, 1, '2023-05-24 10:01:32', '2023-05-24 10:01:32'),
(57, NULL, 'user53', '$2b$04$MgodBVVwwdeviDYNX.AmsOsaanJGQZoukKtPCepak0jWDrrV/VMDa', 'Rosemarie80@gmail.com', '1-350-892-0762 x4794', 2, 2, 'Annie', 'McCullough', '74763 Camron Tunnel', 'Suite 488', '24872-9732', 'GABRIELFORT', 216, '1957-11-02', 184, 69, 4, 1, '2023-05-24 10:01:32', '2023-05-24 10:01:32'),
(58, NULL, 'user54', '$2b$04$x/yGViHWmtdyNYZuzUs0B.lsGDO.c8HHQJ3mCtVFujnGCaatJ005i', 'Jeremie.Dibbert86@gmail.com', '587-636-9822', 1, 1, 'Randy', 'Murazik', '059 Botsford Mission', 'Apt. 549', '79527-4320', 'HONOLULU', 217, '1994-03-17', 7, 125, 66, 1, '2023-05-24 10:01:32', '2023-05-24 10:01:32'),
(59, NULL, 'user55', '$2b$04$q/v9ux4UVszGfSNmtaMRPuD93uOEpNIBb2euQBZr6dy6BMXr6IzY.', 'Missouri54@hotmail.com', '665.582.8379', 2, 1, 'Mona', 'Lakin', '0794 Schulist Mountain', 'Apt. 901', '26024-5305', 'BERNHARDSIDE', 2, '1980-05-19', 225, 202, 110, 1, '2023-05-24 10:01:32', '2023-05-24 10:01:32'),
(60, NULL, 'user56', '$2b$04$QmjZFPj1lR9VME2lwvIjGu.w0BoKLqD2rDDVydJwuz2TY5dk57of.', 'Dane.Bashirian34@yahoo.com', '307-847-9309 x80672', 1, 1, 'Norwood', 'Jast', '926 Bernier Key', 'Suite 839', '50115-4131', 'NORTH BUCK', 243, '1976-10-15', 122, 92, 100, 1, '2023-05-24 10:01:32', '2023-05-24 10:01:32'),
(61, NULL, 'user57', '$2b$04$u0nxVkA6svLC4cq4n5udxeCF/WLTVSSgOdeFF6oyZ//SXxh4r142.', 'Mac_Zboncak65@hotmail.com', '1-977-958-0720 x21548', 2, 1, 'Minnie', 'Cruickshank', '0997 Lockman Loaf', 'Suite 405', '88606', 'DEJUANFORT', 44, '1996-01-10', 68, 198, 85, 1, '2023-05-24 10:01:32', '2023-05-24 10:01:32'),
(62, NULL, 'user58', '$2b$04$sMRCqSun0gWXR7ZaycivdOArg.hsdutxUZ3GDZqCcGypuOQwa4d86', 'Jayce81@hotmail.com', '1-324-827-3160 x04334', 2, 2, 'Camylle', 'Walsh', '9855 Hansen Lakes', 'Apt. 711', '00207-2198', 'NEW TRISTON', 22, '1996-07-11', 6, 241, 88, 1, '2023-05-24 10:01:32', '2023-05-24 10:01:32'),
(63, NULL, 'user59', '$2b$04$0Ek/13HvH94aIxjA7iaj1.yIoa4XAU1nKNcoMsheCoyM35swjSK/G', 'Ernesto38@gmail.com', '307.915.1911 x259', 1, 1, 'Marilou', 'Bosco', '939 Maiya Underpass', 'Suite 904', '47067-7355', 'NEW AUDRABURGH', 177, '1992-12-21', 123, 176, 2, 1, '2023-05-24 10:01:32', '2023-05-24 10:01:32'),
(64, NULL, 'user60', '$2b$04$u/CuxrOCO21tPtUApxudU.lQYEct6UYbuJPnPeLT.Tlmn3jYDngAm', 'Tyshawn75@yahoo.com', '(680) 777-8206 x099', 2, 1, 'Melyssa', 'Gerhold', '856 Ryann Mills', 'Apt. 277', '16937-5064', 'EAST CATHRYNVIEW', 240, '1956-05-05', 36, 216, 56, 1, '2023-05-24 10:01:32', '2023-05-24 10:01:32'),
(65, NULL, 'user61', '$2b$04$9XXeHVemiHoAV6bZ.Y/rYOhPrIF6qjhnIm9y2SVxerL4ol.TvyiEy', 'Deon_Ward53@yahoo.com', '(314) 360-9151', 1, 2, 'Rosalinda', 'Becker', '7299 Gustave Neck', 'Apt. 329', '36250', 'LAKE WALKER', 151, '1971-09-16', 209, 245, 59, 1, '2023-05-24 10:01:32', '2023-05-24 10:01:32'),
(66, NULL, 'user62', '$2b$04$IF4geJutxdOTNO3IIVw5wuXGIG/FVmIcz3zqlY0ETum879o2qEc3K', 'Dimitri_Willms@gmail.com', '(966) 452-6970 x023', 1, 2, 'Bettie', 'Kuhic', '153 Ferry Club', 'Suite 818', '36862-8195', 'JACOBIMOUTH', 57, '1950-12-23', 161, 71, 52, 1, '2023-05-24 10:01:32', '2023-05-24 10:01:32'),
(67, NULL, 'user63', '$2b$04$isa2rhbWUL9Rt/lCBsR2eO25lTNpx8oR8B4hduCebtWc81INbjIZG', 'Krystal19@yahoo.com', '683.733.4270 x2081', 1, 2, 'Reanna', 'Aufderhar', '43720 Eveline Summit', 'Apt. 804', '01976-3035', 'WEST LISANDROSTAD', 168, '1996-04-10', 206, 190, 5, 1, '2023-05-24 10:01:32', '2023-05-24 10:01:32'),
(68, NULL, 'user64', '$2b$04$RxuppyKApcNgt97yX0XsYuLIPWIebBAlPj9z9PdR9ON8JMb90Mzhe', 'Lloyd55@hotmail.com', '783-553-7823', 1, 2, 'Erin', 'Kub', '3585 Talon Vista', 'Apt. 666', '30431', 'JARRELLFORT', 178, '1990-03-18', 4, 187, 56, 1, '2023-05-24 10:01:32', '2023-05-24 10:01:32'),
(69, NULL, 'user65', '$2b$04$7YW9GKvkeLTwEwIrqpLShei9WpSAcTieDIx1A5Om7iDV6qQv3zkWu', 'Charley49@hotmail.com', '(530) 341-7725', 2, 2, 'Hilda', 'Goyette', '25570 Barrows Locks', 'Suite 067', '85588-3821', 'LAKE CRISTINAMOUTH', 110, '1978-09-29', 63, 158, 38, 1, '2023-05-24 10:01:32', '2023-05-24 10:01:32'),
(70, NULL, 'user66', '$2b$04$ZXoleYE1yEXV4EfmhhmufuddMDu5uR4pd7Hq1CF02/SC3AuqH/Vp2', 'Randy_Jerde79@hotmail.com', '1-379-988-7850 x12475', 2, 1, 'Stephania', 'O\'Connell', '326 Cartwright Isle', 'Suite 947', '55826', 'BEAHANHAVEN', 18, '1969-03-07', 1, 59, 48, 1, '2023-05-24 10:01:32', '2023-05-24 10:01:32'),
(71, NULL, 'user67', '$2b$04$4W.4B9rhxk0rz9DUZLjYheT.ahka.3Utw2SGpr4jL7CobVav9QkVy', 'Richard97@gmail.com', '504-675-4822', 1, 2, 'Bart', 'Ondricka', '300 Fidel Garden', 'Apt. 408', '73138', 'SOUTH DESSIEBURGH', 196, '1980-02-01', 94, 69, 107, 1, '2023-05-24 10:01:32', '2023-05-24 10:01:32'),
(72, NULL, 'user68', '$2b$04$GfRGtLyrTqN1W2QBHba8IO1raj8htvDdMb7jtH7SNs2x0xKmWoUsS', 'Cecil_Runte32@hotmail.com', '750.324.7920 x81731', 1, 2, 'Hester', 'Brekke', '113 Eric Harbors', 'Suite 997', '64472', 'WEST HARMONSHIRE', 151, '1999-08-24', 190, 113, 19, 1, '2023-05-24 10:01:32', '2023-05-24 10:01:32'),
(73, NULL, 'user69', '$2b$04$nQrAVMoxmAygbtV1etiEJ.0ye9HOKm/RCTsqOa.OJv1qodeX58UWy', 'Leopold_Kertzmann@yahoo.com', '252-535-6138 x027', 2, 2, 'Cora', 'Kunde', '626 Daron Mission', 'Suite 265', '61505-3755', 'VINCENTSHIRE', 45, '1951-03-27', 35, 135, 9, 1, '2023-05-24 10:01:32', '2023-05-24 10:01:32'),
(74, NULL, 'user70', '$2b$04$PnS3GrZOC1i0M..xsdnLn.raGlhZ4zvgoCxbvbreRTjs1GifVimEa', 'Elyse.Kassulke18@gmail.com', '1-833-720-6698', 1, 2, 'Clovis', 'McCullough', '903 Farrell Camp', 'Apt. 488', '21183-5775', 'PORT VERLABOROUGH', 56, '1977-09-22', 123, 234, 31, 1, '2023-05-24 10:01:32', '2023-05-24 10:01:32'),
(75, NULL, 'user71', '$2b$04$s99rspr4cBouZKOLt/wBiuGQPT88nOWGFtWs1f5Mo5K4qY071bypa', 'Shyann.Tromp10@hotmail.com', '(524) 505-5483 x48560', 1, 1, 'Laurel', 'Greenfelder', '0883 Yoshiko Drive', 'Apt. 131', '32864', 'VALLIESIDE', 102, '1966-08-20', 98, 135, 8, 1, '2023-05-24 10:01:32', '2023-05-24 10:01:32'),
(76, NULL, 'user72', '$2b$04$w/SBAJXIELQ9iAWFQuYQFe4c5vDpdvl3bMTo7G8o9HTO.QcpNg0e.', 'Angelo7@gmail.com', '630-372-7373', 1, 2, 'Reynold', 'Morissette', '60713 Gerhold Lodge', 'Suite 110', '62370', 'PORT OTTILIETON', 241, '1952-01-10', 69, 216, 53, 1, '2023-05-24 10:01:32', '2023-05-24 10:01:32'),
(77, NULL, 'user73', '$2b$04$2kVaGLmEGLEQEOr5t64p4u3yynQ5L7EHPKkBDFb3NoHWmr1txuVwS', 'Margie45@hotmail.com', '327-476-6289 x2535', 2, 2, 'Angelica', 'Sawayn', '7588 Emory Ferry', 'Suite 980', '66426', 'BATON ROUGE', 110, '1992-03-03', 228, 185, 21, 1, '2023-05-24 10:01:32', '2023-05-24 10:01:32'),
(78, NULL, 'user74', '$2b$04$CQ2WcWpXpTLAZnZ8bwRfCubS/nsoseW4qJvjPZSWqvzW7sju01pku', 'Rosalinda82@hotmail.com', '1-584-826-5559', 2, 1, 'Raphael', 'Jenkins', '874 Miller Land', 'Apt. 254', '61686-3442', 'HANSENVIEW', 215, '1962-11-07', 26, 27, 69, 1, '2023-05-24 10:01:32', '2023-05-24 10:01:32'),
(79, NULL, 'user75', '$2b$04$OXYY2NEktL91BjkPVmy70OgonuxAqWZYOdh2AqBAd0PYX7iV8.lri', 'Annetta.Stanton@hotmail.com', '(455) 353-6084 x9360', 2, 1, 'Kiara', 'Gibson', '139 Reichel Mission', 'Suite 391', '45604-1333', 'SOUTH RUSTYBOROUGH', 184, '1975-03-06', 166, 24, 81, 1, '2023-05-24 10:01:32', '2023-05-24 10:01:32'),
(80, NULL, 'user76', '$2b$04$X3yMNMztysUnZqY3mqNwQ.gXJiY0C3GenS/3aSc9rq6eACf41UTD.', 'Kali.Dicki@gmail.com', '550-583-9047', 2, 1, 'Angel', 'Fadel', '69153 Little Station', 'Apt. 808', '59536-2320', 'SWANIAWSKIMOUTH', 76, '1994-09-14', 116, 54, 20, 1, '2023-05-24 10:01:32', '2023-05-24 10:01:32'),
(81, NULL, 'user77', '$2b$04$Sc4SY8/OSnsXEs5UQD0Vwu4iDaFxYSshq1TDV2s6SgpTozlZOeXN.', 'Jaqueline8@gmail.com', '740.491.5779', 2, 1, 'Florian', 'Nienow', '0101 David Trace', 'Apt. 107', '34708', 'SCHUMMMOUTH', 173, '1955-09-07', 183, 93, 31, 1, '2023-05-24 10:01:32', '2023-05-24 10:01:32'),
(82, NULL, 'user78', '$2b$04$BYRVqW6g/pkPTROidqM5xeuh6zgLyZReXvVr5nnITnfF7LqvqGrlC', 'Toni_Trantow39@hotmail.com', '376.737.7904 x3920', 1, 2, 'Jameson', 'Gislason', '469 Gerhold Roads', 'Apt. 642', '30480', 'LAKE JAMESON', 184, '2002-07-18', 69, 205, 91, 1, '2023-05-24 10:01:32', '2023-05-24 10:01:32'),
(83, NULL, 'user79', '$2b$04$WLizaNKbp7wRqhqqC5z6G.00I5MBG.ddpTbDUnWU9L.rtjo648Mpe', 'Lexus.Mitchell@yahoo.com', '861.368.2727', 1, 1, 'Angelica', 'Hoeger', '36420 Carroll Summit', 'Apt. 020', '75358-9282', 'CALISTAVILLE', 108, '1999-01-20', 169, 4, 76, 1, '2023-05-24 10:01:32', '2023-05-24 10:01:32'),
(84, NULL, 'user80', '$2b$04$1bjEOKiElqhOOXBzD7SuhO3nBfSTct3SgtDyLsp4d.qScBoGxPw/K', 'Alek30@yahoo.com', '1-544-346-5633', 1, 1, 'Trace', 'Smith', '4894 Benny Pine', 'Suite 553', '05002', 'SMYRNA', 221, '1952-02-23', 189, 25, 1, 1, '2023-05-24 10:01:32', '2023-05-24 10:01:32'),
(85, NULL, 'user81', '$2b$04$9PkPfX3qr8BwHPPaUJI2/OcPgMhDZehigvcnJUJmQ1WsFwiyyo7ry', 'Sienna30@hotmail.com', '1-984-474-1390 x67557', 1, 1, 'Dayna', 'Wyman', '113 Edwardo Cliff', 'Apt. 784', '45974-4335', 'SPRINGFIELD', 173, '1989-06-30', 130, 28, 65, 1, '2023-05-24 10:01:32', '2023-05-24 10:01:32'),
(86, NULL, 'user82', '$2b$04$mX.K00F5047PoOjYkuMdBuHlwVQkDaxzFlapeuFOV4g0.Zn7CtQaW', 'Carmine_Weimann88@gmail.com', '(993) 326-7968 x30014', 1, 2, 'Marlee', 'Hoppe', '75309 Harvey Forge', 'Apt. 772', '75870-7208', 'LINDBURY', 225, '1957-03-29', 181, 39, 20, 1, '2023-05-24 10:01:32', '2023-05-24 10:01:32'),
(87, NULL, 'user83', '$2b$04$Bhe39iu2xXiqnI.uEYHRkuVpzV3Li2Drv560Obdz62fJrWC6G9k26', 'Florencio60@gmail.com', '516.968.8433', 2, 2, 'Buddy', 'Schroeder', '22979 Hintz Falls', 'Apt. 470', '50711-8182', 'NIKOLAUSVIEW', 56, '1975-03-30', 177, 107, 8, 1, '2023-05-24 10:01:32', '2023-05-24 10:01:32'),
(88, NULL, 'user84', '$2b$04$ddVwdiM88fLPFbmTdUNAau9cX.VqpGTZrdOTFbf.3Yu9vuM0kTKeK', 'Margaretta2@hotmail.com', '628.567.6743', 2, 1, 'Osbaldo', 'Emmerich', '99859 Elza Course', 'Suite 317', '82085-2738', 'WEST VERONICABOROUGH', 183, '1969-05-24', 146, 75, 12, 1, '2023-05-24 10:01:32', '2023-05-24 10:01:32'),
(89, NULL, 'user85', '$2b$04$lGbvx1V32QULBgd9SXgHee813kcjTOZTMazh0Cvr0eG2GlHnqEzNm', 'Keaton64@gmail.com', '1-203-244-2643', 1, 2, 'Yesenia', 'Hudson', '6507 D\'Amore Mission', 'Suite 802', '50658-8838', 'CUMMINGSFURT', 200, '1998-10-01', 146, 207, 61, 1, '2023-05-24 10:01:32', '2023-05-24 10:01:32'),
(90, NULL, 'user86', '$2b$04$AOU/lItuZkgc9nkfes8N5.o35pzzRBumNOuQlQ/XQwUTWI7wWE74a', 'Tania_Bogan57@hotmail.com', '(337) 444-1137 x53533', 2, 1, 'Maiya', 'Kilback', '2127 Reinger Squares', 'Suite 413', '66900', 'SMITHAMSHIRE', 160, '2001-09-23', 120, 64, 46, 1, '2023-05-24 10:01:32', '2023-05-24 10:01:32'),
(91, NULL, 'user87', '$2b$04$nAMXXFfhphatdW6fxJIE5eVXGXx4IgHLE7VDy3zsu8HnEUR31atnu', 'Meagan.Walsh@hotmail.com', '536-463-4468', 1, 2, 'Herminia', 'Oberbrunner', '358 Dietrich River', 'Suite 080', '01446', 'PRISCILLAVILLE', 101, '1962-09-09', 41, 224, 88, 1, '2023-05-24 10:01:32', '2023-05-24 10:01:32'),
(92, NULL, 'user88', '$2b$04$hklbhs8h79vrISwxlAPkc.5kgJwCm/zrfwnyk/DfPaguE77EBiz3G', 'Brayan_Medhurst@gmail.com', '1-791-701-2692 x146', 2, 2, 'Roselyn', 'Turner', '012 Prudence Ports', 'Suite 856', '21234', 'NEW JANAE', 75, '1995-02-22', 176, 133, 62, 1, '2023-05-24 10:01:32', '2023-05-24 10:01:32'),
(93, NULL, 'user89', '$2b$04$AMvXN92zkfiP7q97AVhUWeVbRysNy4eax4ZKXAy6YpjXi/JbVf4Rq', 'Gregg.Price@yahoo.com', '665.431.2737', 1, 2, 'Sheila', 'Murazik', '61975 Yasmeen Oval', 'Apt. 206', '85555-4356', 'HEMPSTEAD', 188, '1986-09-04', 81, 203, 76, 1, '2023-05-24 10:01:32', '2023-05-24 10:01:32'),
(94, NULL, 'user90', '$2b$04$SQELJf0y8NKD1lcIeTtFqOSFM.PQcjmSQkzg48I8czIJMwAceU.vG', 'Juliana_Monahan@yahoo.com', '1-763-596-1134', 2, 1, 'Kurt', 'Fahey', '337 Giuseppe Underpass', 'Suite 938', '70882-0225', 'OBERBRUNNERVIEW', 185, '1963-06-24', 222, 43, 68, 1, '2023-05-24 10:01:32', '2023-05-24 10:01:32'),
(95, NULL, 'user91', '$2b$04$xa89Dx9EKRf96X6QhWuQHuUYTOq1.0SISF3h07/N3Ko0u.AAhJ6mS', 'Kaleb11@hotmail.com', '1-619-656-4397 x25983', 2, 1, 'Zelda', 'Ullrich', '277 Cole Centers', 'Suite 193', '32473-1232', 'NORTH SHARONLAND', 123, '1980-02-03', 86, 245, 69, 1, '2023-05-24 10:01:32', '2023-05-24 10:01:32'),
(96, NULL, 'user92', '$2b$04$oIOSdviPk8scz/mKzQ.efOV2qqGS.fPFNFOBo8a8xHG7oWuPuCJYW', 'Mason.McLaughlin48@yahoo.com', '(510) 441-5012 x196', 2, 1, 'Shaylee', 'Hudson', '017 Bianka Cliffs', 'Apt. 892', '35725-0496', 'SOUTH BRICEBURGH', 46, '1995-03-01', 62, 159, 58, 1, '2023-05-24 10:01:32', '2023-05-24 10:01:32'),
(97, NULL, 'user93', '$2b$04$aM1adsTbG0xXky7Sc1A6a.jh6RTLfMOy0Vyz8129F81LfJ7MCQnTW', 'Lewis48@hotmail.com', '228-553-9216 x2959', 1, 2, 'Natalie', 'Lubowitz', '36294 Reymundo Bridge', 'Suite 001', '74793', 'SCHMELERBURGH', 196, '1958-01-17', 111, 241, 35, 1, '2023-05-24 10:01:32', '2023-05-24 10:01:32'),
(98, NULL, 'user94', '$2b$04$.Qe6m7ZKUbjN12Zs6LE1bOd8YodYPV3fbYHunXvwQpXhocjQOo4Sa', 'Russel_Schmidt60@yahoo.com', '1-787-712-8330', 2, 2, 'Ahmad', 'Wolff', '2600 Mosciski Views', 'Suite 835', '43693', 'SCHNEIDERSTAD', 10, '1977-08-07', 63, 97, 6, 1, '2023-05-24 10:01:32', '2023-05-24 10:01:32'),
(99, NULL, 'user95', '$2b$04$lubI1pqUeq733R0bmZMBHepVo4xahcvISUEJlXNl1l2zBCaR66awS', 'Raymundo32@gmail.com', '(554) 966-2826', 1, 2, 'Marilie', 'Powlowski', '20778 Estrella Radial', 'Apt. 006', '36875', 'SCHAMBERGERBURGH', 140, '1956-12-05', 178, 96, 100, 1, '2023-05-24 10:01:32', '2023-05-24 10:01:32'),
(100, NULL, 'user96', '$2b$04$DudoWmXsTJCWoYWtk5.kZua5uxLCCsakchZwCJJYDIGUiWUKCJZ7i', 'Eleonore_Rempel5@hotmail.com', '(933) 627-1107', 2, 1, 'Emerson', 'Williamson', '58104 Carmen Roads', 'Suite 972', '07762', 'SUSANNASIDE', 115, '1953-08-19', 226, 47, 48, 1, '2023-05-24 10:01:32', '2023-05-24 10:01:32'),
(101, NULL, 'user97', '$2b$04$qma5VSaPNRpFEsWHZ8SR7O/FpUvZhH5TPQ.MtwD.0eFU7GNb6F996', 'Larissa38@yahoo.com', '1-996-777-0379', 2, 2, 'Winnifred', 'Jacobs', '80617 Amira Trail', 'Suite 006', '64332-8539', 'CONCORD', 81, '1975-05-18', 98, 106, 111, 1, '2023-05-24 10:01:32', '2023-05-24 10:01:32'),
(102, NULL, 'user98', '$2b$04$Ll/kX4rek61yXCYfKWVaY.lo5Qs.4mopbaTBgOfXOq2YoXQdVktZi', 'Julia58@hotmail.com', '966.553.8372', 1, 2, 'Vidal', 'Feeney', '45389 Audie Squares', 'Apt. 524', '12245-0235', 'SOUTH ANAHIBERG', 145, '1971-12-07', 70, 87, 112, 1, '2023-05-24 10:01:32', '2023-05-24 10:01:32'),
(103, NULL, 'user99', '$2b$04$kJ/6WoMbjNIZ7GUrN4n9eex/r.O3d/kwW2x1eKDF6sxkcpLKP8zAS', 'Judy_Beier@gmail.com', '(869) 867-7843 x166', 2, 2, 'Manuela', 'Reichel', '1341 Joy Row', 'Suite 740', '60385', 'COLECHESTER', 99, '1979-09-01', 103, 21, 15, 1, '2023-05-24 10:01:32', '2023-05-24 10:01:32'),
(104, NULL, 'user100', '$2b$04$ya6yKA0PFegds7U7GfLzG.Yk0xpxkCFTudPbU06JAE0TyI6YD73ni', 'Anjali24@yahoo.com', '723-336-4689 x617', 1, 1, 'Leilani', 'Schinner', '775 Edgardo Spurs', 'Suite 207', '15494-3464', 'SOUTH CLEMMIEMOUTH', 249, '1974-10-31', 65, 139, 40, 1, '2023-05-24 10:01:32', '2023-05-24 10:01:32'),
(105, NULL, 'user101', '$2b$04$OMU7XIE9GQ2YlUGDrLQ/auBnGIq1iDd7K3WIjHz4nToMIFYSazxvu', 'Gracie92@gmail.com', '(593) 568-9765 x04662', 1, 2, 'Claire', 'Daniel', '7253 Kasandra Terrace', 'Apt. 081', '69858', 'VERLASHIRE', 154, '1989-06-06', 71, 56, 6, 1, '2023-05-24 10:01:32', '2023-05-24 10:01:32'),
(106, NULL, 'user102', '$2b$04$ytU69Rwbj1Z5kopnMMZo4O1JDvz82Z/XFor2W93GMNp/dTnzP9XIC', 'Orlando13@hotmail.com', '1-248-491-4375 x3008', 1, 2, 'Cathrine', 'Bogisich', '76651 Rosa Parks', 'Apt. 920', '41243', 'MARCUSCHESTER', 19, '1983-03-08', 245, 182, 97, 1, '2023-05-24 10:01:32', '2023-05-24 10:01:32'),
(107, NULL, 'user103', '$2b$04$BSNnPXacFkrxZjecOfCx7eHXzI71S3zfglgaOmkh73cZKQYdYMB5W', 'Keagan.Kreiger@hotmail.com', '822-507-8367 x230', 2, 1, 'Blake', 'Williamson', '5746 Kamryn Ridges', 'Suite 007', '14917-4851', 'PEORIA', 173, '1979-12-04', 57, 134, 99, 1, '2023-05-24 10:01:32', '2023-05-24 10:01:32'),
(108, NULL, 'user104', '$2b$04$yLf1jJEfzKo.L/pQ2hVhkuvd885Y/U8hfPpSScrsha77YuW0c3OWa', 'Naomie_Marvin@yahoo.com', '1-425-303-2580', 2, 2, 'Dane', 'Ankunding', '696 Marquardt Mission', 'Suite 377', '85545-1519', 'BRENDAFORT', 75, '1958-01-28', 97, 95, 49, 1, '2023-05-24 10:01:32', '2023-05-24 10:01:32'),
(109, NULL, 'user105', '$2b$04$moBPghUUxWdIw2SWnHYISumcUPKGkwq/awqVPTDOEC0kbYoxyj9vO', 'Malvina2@gmail.com', '849-356-3390 x74785', 1, 1, 'Nakia', 'Monahan', '40925 Gerhold Rapids', 'Apt. 788', '37663', 'LAKE SHEILABERG', 149, '1992-02-21', 114, 211, 110, 1, '2023-05-24 10:01:32', '2023-05-24 10:01:32'),
(110, NULL, 'user106', '$2b$04$3b/PkmrlcH8YBRpZkZiareC1Y2caRf7GFoGcPI7oUxlqwnWrXdrRe', 'Dejuan17@yahoo.com', '924-563-6084', 1, 2, 'Sean', 'Will', '992 Kenya Union', 'Apt. 626', '23082', 'EAST WARREN', 45, '1951-09-18', 76, 7, 73, 1, '2023-05-24 10:01:32', '2023-05-24 10:01:32'),
(111, NULL, 'user107', '$2b$04$zJWiuROCykWiS1kga3UhC.2TYzJZ/jIXHCrrrvOv5UMP.pYNtBKOa', 'Alanna.Konopelski@gmail.com', '404.801.1611 x77751', 1, 2, 'Arthur', 'O\'Keefe', '7984 Anika Ferry', 'Apt. 511', '90184', 'SANTA MARIA', 197, '1951-02-11', 68, 244, 75, 1, '2023-05-24 10:01:32', '2023-05-24 10:01:32'),
(112, NULL, 'user108', '$2b$04$rhTQuSIFLZm1xo2N86qhEuGMqJXMGnqkpV2aBX1/joqfCLA4sgwD.', 'Antonette89@yahoo.com', '891.503.9352', 2, 2, 'Letitia', 'Zulauf', '393 Blake Pass', 'Suite 462', '44890-4115', 'SCHIMMELTOWN', 205, '1981-10-15', 49, 60, 52, 1, '2023-05-24 10:01:32', '2023-05-24 10:01:32'),
(113, NULL, 'user109', '$2b$04$ju4eD9QfUSZaRifFR/qhTuyBxdZRruwYlTs/SAus5PVsREW7mi7Ea', 'Domenic_Purdy@hotmail.com', '(719) 870-3004 x380', 1, 2, 'Stephon', 'Kuphal', '623 Violet Path', 'Apt. 237', '99204-0372', 'ALTADENA', 128, '1989-08-15', 81, 19, 107, 1, '2023-05-24 10:01:32', '2023-05-24 10:01:32'),
(114, NULL, 'user110', '$2b$04$MqwCjDvssG3bxBqHl8c6oOXdaaLRs3jQzC0Y6BJ9Ff0ITT4SzwKCW', 'Meda_Kirlin@hotmail.com', '768-872-4318', 2, 2, 'Orrin', 'Fay', '82409 Wunsch Shore', 'Apt. 984', '67120', 'EAST KRAIGSTAD', 163, '1973-02-15', 55, 248, 10, 1, '2023-05-24 10:01:32', '2023-05-24 10:01:32'),
(115, NULL, 'user111', '$2b$04$9JHJ.tiknuJF3Atnx.xi5ujZ86IDLMYKpI/Qdscd0piSFGNwEA.Ku', 'Esteban.Goodwin33@gmail.com', '256-558-8983', 2, 1, 'Lindsay', 'Windler', '114 Prosacco Springs', 'Suite 622', '67391', 'RAUFORT', 209, '1997-01-03', 55, 172, 5, 1, '2023-05-24 10:01:32', '2023-05-24 10:01:32'),
(116, NULL, 'user112', '$2b$04$5XHISSWGorZglBNO/bzv1O08ho4URmB3uvZt2n1ZaMOJBRlHvHpzy', 'Cleta.Beier@yahoo.com', '(727) 856-5190', 2, 1, 'Eleanore', 'Hessel', '1051 Schultz Wall', 'Apt. 751', '73944-0016', 'SOUTH SEAMUS', 44, '1986-01-21', 244, 135, 35, 1, '2023-05-24 10:01:32', '2023-05-24 10:01:32'),
(117, NULL, 'user113', '$2b$04$v0MuUoW4ctC24VwgJv82UOBHobht/458RIma7HN5f7yBQMWuKs2bS', 'Vern.Strosin@yahoo.com', '1-806-624-7914 x5545', 1, 1, 'Julie', 'Gutkowski', '59750 Carter Islands', 'Suite 807', '16335-8979', 'BASHIRIANVILLE', 213, '1964-10-15', 134, 240, 89, 1, '2023-05-24 10:01:32', '2023-05-24 10:01:32'),
(118, NULL, 'user114', '$2b$04$7TY61vU6Wf5CGTGMQMzdeObrhgEVuRp4t9XPKV1f3GrrpT7A/a5eG', 'Kendall.Nader42@yahoo.com', '284.792.9760', 1, 1, 'Shanny', 'Prohaska', '4832 Ursula Skyway', 'Suite 260', '74021', 'SILVER SPRING', 17, '1987-04-28', 122, 169, 3, 1, '2023-05-24 10:01:32', '2023-05-24 10:01:32'),
(119, NULL, 'user115', '$2b$04$xl4YIX0tu0g3QmBLn71yh.m1oONWj8Zp6GX1OGELjf./a.etlDp..', 'Presley.Cormier97@yahoo.com', '1-627-900-2655', 1, 2, 'Esta', 'Nader', '496 Dickens Course', 'Suite 400', '96464', 'GREENSBORO', 246, '1968-03-25', 102, 172, 75, 1, '2023-05-24 10:01:32', '2023-05-24 10:01:32'),
(120, NULL, 'user116', '$2b$04$qUdLvzA3pkdotto9qTrb3.3SZs.oWIqsX24O4gskZi3HJljvzVYqW', 'Darrell_Anderson@gmail.com', '968-773-0509', 1, 2, 'Agnes', 'Brown', '37537 McLaughlin Knolls', 'Apt. 082', '45377', 'CARROLLBOROUGH', 188, '1988-10-21', 223, 53, 68, 1, '2023-05-24 10:01:32', '2023-05-24 10:01:32'),
(121, NULL, 'user117', '$2b$04$AcalnonHcAw32.TmL8yE7uCMMxAenv3nyC2AkxSNCohKKZ2gHNsGu', 'Annabel.Runolfsdottir@yahoo.com', '1-829-833-0735 x108', 1, 1, 'Colton', 'Murphy', '12903 Rudolph Shoal', 'Suite 249', '47073', 'COLTON', 117, '1996-09-27', 216, 73, 54, 1, '2023-05-24 10:01:32', '2023-05-24 10:01:32'),
(122, NULL, 'user118', '$2b$04$55uP9Pm2fs55o36G.k4rV.THaWje3CmhWwEs/llHxpyP69MILYCFS', 'Mattie_Hyatt@hotmail.com', '1-767-298-2828 x46666', 1, 2, 'Rey', 'Jones', '03866 Larson Radial', 'Suite 439', '46696-7817', 'SOUTH KYLIETON', 228, '1998-10-08', 148, 26, 24, 1, '2023-05-24 10:01:32', '2023-05-24 10:01:32'),
(123, NULL, 'user119', '$2b$04$ZSEMddk913dn.XtVQTZmAuRb2euXsvsA.HqWE6LQDSV4C6hIr5sDq', 'Sydnie24@hotmail.com', '1-880-886-7058 x204', 1, 1, 'Julio', 'Carroll', '102 Denis Manors', 'Apt. 097', '00450', 'PORT GERTRUDE', 133, '1987-06-23', 117, 76, 66, 1, '2023-05-24 10:01:32', '2023-05-24 10:01:32'),
(124, NULL, 'user120', '$2b$04$5MOZGbTLQEnubiEYQCGyAuU7D..QTm2YFsGN.9GOI.cXMcnkEMfi6', 'Vanessa_Koch@gmail.com', '1-582-485-9763 x76084', 2, 2, 'Dorcas', 'Conroy', '964 Russ Centers', 'Apt. 245', '48834-5707', 'BILLIEVIEW', 27, '1955-11-13', 17, 168, 9, 1, '2023-05-24 10:01:32', '2023-05-24 10:01:32'),
(125, NULL, 'user121', '$2b$04$TfD3x2BMOBIpseg7sZ8tpeZYqnxAXf3w2HeRt1HjS8JNfhoFNS2R.', 'Rodrigo34@yahoo.com', '346-388-8618 x84250', 2, 1, 'Retha', 'Harvey', '84925 Quitzon Wells', 'Apt. 814', '31212-6683', 'NORTH MADYSONVIEW', 216, '1952-12-19', 182, 210, 16, 1, '2023-05-24 10:01:32', '2023-05-24 10:01:32'),
(126, NULL, 'user122', '$2b$04$4jlAK43eIR4veZ6z0wfOGum33.otAHpsvdGpSbBomg21Tn61MRjh6', 'Jordi34@hotmail.com', '385-244-3849 x47220', 2, 1, 'Eliane', 'Champlin', '92432 Corwin Fork', 'Suite 989', '26093-8682', 'LAKE BAILEETON', 194, '1952-02-19', 204, 245, 69, 1, '2023-05-24 10:01:32', '2023-05-24 10:01:32'),
(127, NULL, 'user123', '$2b$04$I9kbunoZrxoZjPzYyVg0Ne8IiH6cqRVz2TZraQztlHXRrxGG3MlWO', 'Frank_Bogisich@gmail.com', '224.555.6390', 1, 1, 'Aliyah', 'Howe', '2326 Carlee Islands', 'Apt. 526', '43837', 'LAKE YVONNEVILLE', 127, '1998-03-14', 184, 242, 69, 1, '2023-05-24 10:01:32', '2023-05-24 10:01:32'),
(128, NULL, 'user124', '$2b$04$N2St9qIdIGnBJWY0o5CeoOkVezZkomoxWkbH2PFKxheUeyT8Qbcqu', 'Cathy_Heidenreich22@yahoo.com', '807.749.0674', 1, 1, 'Cristian', 'Prosacco', '8737 Rippin Bridge', 'Suite 641', '01973-9153', 'FUNKBOROUGH', 34, '1987-05-08', 54, 38, 21, 1, '2023-05-24 10:01:32', '2023-05-24 10:01:32'),
(129, NULL, 'user125', '$2b$04$Ic7dRIQzsTkr9B9FPMgAEOJEI60daexdFqO8Y/9rwC4HsxHu4a4Xq', 'Irma.Sanford@gmail.com', '696-274-8878', 1, 2, 'Citlalli', 'Hyatt', '75985 Zemlak Stravenue', 'Apt. 867', '99418-6105', 'EAST SAVANAHSIDE', 126, '1995-01-27', 45, 60, 28, 1, '2023-05-24 10:01:32', '2023-05-24 10:01:32'),
(130, NULL, 'user126', '$2b$04$8gVDEt22h5nTAGe6xZBvWu1vBP47HQ5.GFcGtwP5DPc42x31raNRG', 'Abdiel.Bauch@hotmail.com', '(809) 452-2167 x98380', 2, 2, 'Frank', 'Nolan', '86368 Lehner Shore', 'Apt. 598', '32261-3959', 'PORT DARRION', 16, '2001-03-11', 219, 44, 82, 1, '2023-05-24 10:01:32', '2023-05-24 10:01:32'),
(131, NULL, 'user127', '$2b$04$GYdYy/4fVFq9pq0M/jfhROYE6c1MGHnhj4EOtpOizPpA1vTrdhMwq', 'Rose15@gmail.com', '(264) 639-7039', 1, 2, 'Keon', 'Wehner', '673 Lloyd Plains', 'Suite 506', '64089', 'GUSIKOWSKISIDE', 215, '1977-09-20', 167, 92, 52, 1, '2023-05-24 10:01:32', '2023-05-24 10:01:32'),
(132, NULL, 'user128', '$2b$04$pZXAMF1.5hf3WkgTtyYAEeMH6u5DKgvZJaXgCoWYkzVQ4aF6O6AAq', 'Earlene55@hotmail.com', '964-784-7966', 1, 1, 'Ruby', 'Stiedemann', '07271 Moen Tunnel', 'Suite 280', '58719', 'NORTH KILEY', 12, '1998-02-26', 146, 233, 96, 1, '2023-05-24 10:01:32', '2023-05-24 10:01:32'),
(133, NULL, 'user129', '$2b$04$qqAP2p9P9TVVedpfYcjce..0SCjzmbpo8X4LEzr3HzK9eAdFxuNLy', 'Jovanny.Bergstrom@gmail.com', '(535) 448-4153 x1798', 2, 2, 'Markus', 'Murray', '7424 Callie Plaza', 'Suite 658', '92266', 'BOGANBURY', 247, '1984-07-12', 199, 20, 110, 1, '2023-05-24 10:01:32', '2023-05-24 10:01:32'),
(134, NULL, 'user130', '$2b$04$1gGDrhzuvdg9Xv2iYtQ/mOmo0BLsp1wzTY5zMYyzFEsA5cyqWOHS.', 'Jewel_Harris@yahoo.com', '860.649.9047', 2, 1, 'Zackery', 'Kovacek', '86323 Murphy Shores', 'Suite 644', '81349', 'NEW HAYDENTOWN', 130, '1966-01-29', 73, 128, 57, 1, '2023-05-24 10:01:32', '2023-05-24 10:01:32'),
(135, NULL, 'user131', '$2b$04$7iQm2PMfBHtHu.F7uG7EYug5QH69mlOGjdWBQqBE4JvFrhL5f1Owa', 'Davonte.Gibson@hotmail.com', '602-578-7360', 2, 1, 'Felton', 'Fay', '07860 Huels Spur', 'Suite 084', '82113', 'NORTH FERNSIDE', 151, '1952-03-24', 56, 194, 106, 1, '2023-05-24 10:01:32', '2023-05-24 10:01:32'),
(136, NULL, 'user132', '$2b$04$YogQkTWE83t269/zDHN6Je2VQNVqWpm5R0w01UBP6gIhrw1JX3vAO', 'Dominic31@hotmail.com', '249.478.5155', 2, 2, 'Hassie', 'Cronin', '531 O\'Kon Village', 'Apt. 492', '98585', 'EMMERICHPORT', 207, '1960-05-27', 248, 169, 68, 1, '2023-05-24 10:01:32', '2023-05-24 10:01:32'),
(137, NULL, 'user133', '$2b$04$xYpW323VLZwYq.MYscnnb.1c4wEv18yFzQNIWD0BmIjfcV56KdUoG', 'Ashlee31@gmail.com', '(826) 539-8882 x88016', 1, 2, 'Eugene', 'O\'Reilly', '27670 Agustin Spur', 'Apt. 485', '45738', 'FEILCHESTER', 248, '1967-12-28', 131, 8, 108, 1, '2023-05-24 10:01:32', '2023-05-24 10:01:32'),
(138, NULL, 'user134', '$2b$04$pG5TU6qb2Xa/Wk7QOEYzaO/ozWHXQm8Lr8KNPpJod9BtHuvHQ8RgW', 'Willow49@yahoo.com', '(853) 739-8632 x934', 2, 1, 'Zachery', 'Huel', '0376 Jamal Viaduct', 'Suite 225', '12466', 'EAST NIKOBURGH', 206, '1972-11-19', 143, 233, 68, 1, '2023-05-24 10:01:32', '2023-05-24 10:01:32'),
(139, NULL, 'user135', '$2b$04$GezSeAfmaT8/BHnbIpWHfutE4OlP9SX5ThLwGg/G4xoZxfkejlZTi', 'Dallas_Stracke87@yahoo.com', '(845) 391-0012 x925', 2, 1, 'Schuyler', 'Murphy', '9194 Laney Station', 'Apt. 797', '06083', 'VINCENZASTAD', 212, '1999-06-14', 95, 91, 23, 1, '2023-05-24 10:01:32', '2023-05-24 10:01:32'),
(140, NULL, 'user136', '$2b$04$Ph4Er8wm6Bl6La9BGe/c.ukrW0R0zSSfYwonw7QLjHFpW70FItqGK', 'Estrella.Predovic28@gmail.com', '(609) 580-3139', 2, 1, 'Diana', 'Schaefer', '5801 Barton Locks', 'Suite 935', '00703-5524', 'WARNER ROBINS', 172, '1981-12-26', 69, 83, 58, 1, '2023-05-24 10:01:32', '2023-05-24 10:01:32'),
(141, NULL, 'user137', '$2b$04$ErleLu9EssPoGG/8mfl0R.FFFEbDK22Zp/EIVcZvHbQDs3gnpPLi2', 'Tara97@hotmail.com', '840-923-1393 x8302', 1, 2, 'Alek', 'Howell', '459 Leo Field', 'Suite 199', '23749', 'STOLTENBERGBURY', 85, '1975-08-10', 119, 143, 58, 1, '2023-05-24 10:01:32', '2023-05-24 10:01:32'),
(142, NULL, 'user138', '$2b$04$b/V8rOFAW3iFpw0c2XL/f.tzIUkPIffsXs3KAMBmD1uS/m2ZBPJ/O', 'Alicia72@yahoo.com', '(861) 648-1256', 2, 1, 'Lauryn', 'Mraz', '66026 Armstrong Road', 'Suite 762', '85384', 'PROHASKABURY', 174, '1966-04-18', 198, 174, 70, 1, '2023-05-24 10:01:32', '2023-05-24 10:01:32'),
(143, NULL, 'user139', '$2b$04$xbl6fqIcH7BCWdOC7ayS1uMunlLdhkmzvxZglzWE6Wbc1R9XpX3DK', 'Giovani_Christiansen@gmail.com', '833.381.8047 x5931', 2, 2, 'Velma', 'Senger', '1827 Santino Crest', 'Suite 715', '90182-5790', 'MALCOLMBURGH', 2, '1973-04-25', 213, 25, 29, 1, '2023-05-24 10:01:32', '2023-05-24 10:01:32'),
(144, NULL, 'user140', '$2b$04$C03z6/al83Xc.GZXZI8AQ.wdmbXd4mCH8N8C19etzPlQwf03bbhGq', 'Heaven.Flatley@hotmail.com', '486-399-5063', 2, 2, 'Domenick', 'Harber', '797 Schiller Trafficway', 'Suite 200', '99691-5441', 'NEW MINNIETON', 161, '1952-09-06', 45, 51, 58, 1, '2023-05-24 10:01:32', '2023-05-24 10:01:32'),
(145, NULL, 'user141', '$2b$04$LVfVQ4TYudd3zgQffVC3SeSYpcRHUi.JAdnRtx/77VoPVHF1QZdk.', 'Nelle.Ankunding@hotmail.com', '1-856-518-9173', 2, 1, 'Leta', 'Schimmel', '822 Christy Forges', 'Suite 203', '01504-9169', 'HARLEYMOUTH', 125, '1959-10-10', 245, 37, 20, 1, '2023-05-24 10:01:32', '2023-05-24 10:01:32'),
(146, NULL, 'user142', '$2b$04$/GUzPkDCf8TUaqxb06sDgeCS/pBqgbizw4c1qLui41jvuMkZl08Va', 'Helena.Smitham@gmail.com', '(592) 651-0258', 1, 1, 'Cristobal', 'Beatty', '77323 Erna Ports', 'Apt. 967', '64064-9820', 'GRAND PRAIRIE', 180, '1964-09-14', 43, 199, 15, 1, '2023-05-24 10:01:32', '2023-05-24 10:01:32'),
(147, NULL, 'user143', '$2b$04$sxUjczBI.QK7BmhQpNbRYuMeN4VmdsrcabCWqEeevxy6zZ26Kt4ai', 'Michel_Nicolas57@yahoo.com', '1-573-564-4469 x794', 1, 2, 'Kolby', 'Quigley', '737 Adrien Stravenue', 'Suite 779', '49988', 'ROHANBURGH', 109, '1995-09-26', 229, 11, 62, 1, '2023-05-24 10:01:32', '2023-05-24 10:01:32'),
(148, NULL, 'user144', '$2b$04$I2MibPks.ibnSuJbXQy0legV4DgUPdP4tP.3efreEC5AP25PTS9QK', 'Abdiel60@hotmail.com', '1-448-234-2255 x67829', 2, 1, 'Mckenna', 'Rodriguez', '078 Garth Mountains', 'Apt. 566', '76876', 'MURRAYVILLE', 42, '1973-08-29', 95, 171, 8, 1, '2023-05-24 10:01:32', '2023-05-24 10:01:32'),
(149, NULL, 'user145', '$2b$04$KbsyOPoVc0fP7TD08Zsfy.X4uCPC3OVjAh5CMg6hCF0NJirGdPOYO', 'Claud_Schmitt15@yahoo.com', '1-591-637-0592 x1043', 1, 2, 'Alexandra', 'Gibson', '83888 Kris Loop', 'Apt. 676', '67210', 'WEST ALPHONSO', 167, '1955-06-29', 206, 36, 62, 1, '2023-05-24 10:01:32', '2023-05-24 10:01:32'),
(150, NULL, 'user146', '$2b$04$gxTJYl6AlCgy.mJJP7jF6O5m9scA1Bn7F4NmRwDrnbnPLlpd1zmu6', 'Blanche_Morissette@yahoo.com', '1-676-327-4664 x100', 1, 1, 'Ethelyn', 'Hegmann', '6051 Leannon Oval', 'Apt. 058', '77472', 'MYRATON', 50, '1967-10-26', 143, 194, 50, 1, '2023-05-24 10:01:32', '2023-05-24 10:01:32'),
(151, NULL, 'user147', '$2b$04$E79EezTslDUxlGJ6yQULmeIYu11ytqrLC0dfwfIB9yumil3D5Hs9a', 'Nelson.Hamill34@yahoo.com', '(701) 522-2324 x0581', 1, 2, 'Janae', 'Dach', '6503 Kathryn Pike', 'Apt. 213', '41248-9419', 'NORTH GAIL', 197, '1996-12-03', 55, 23, 34, 1, '2023-05-24 10:01:32', '2023-05-24 10:01:32'),
(152, NULL, 'user148', '$2b$04$jROUUOUKhwfHe9gANhobU.QE6Ik2COG3qQAsBgMfi9oLoEKvsmeES', 'Karl99@yahoo.com', '785.310.9202 x749', 2, 2, 'Sarah', 'Keebler', '720 Rachel Camp', 'Apt. 914', '46572', 'DUSTINHAVEN', 166, '1968-09-18', 78, 208, 72, 1, '2023-05-24 10:01:32', '2023-05-24 10:01:32'),
(153, NULL, 'user149', '$2b$04$FzpDMuTqInp.20EESWBxbedUCyFyZ/hiAjJggl59BYIs0JkzF14k.', 'Zackary.Rolfson20@hotmail.com', '1-495-276-2178 x24860', 2, 1, 'Zella', 'Cole', '692 Schinner Turnpike', 'Suite 779', '57466-5987', 'SOUTH ELIAS', 90, '1995-07-31', 75, 56, 99, 1, '2023-05-24 10:01:32', '2023-05-24 10:01:32'),
(154, NULL, 'user150', '$2b$04$hxh.MnkNWQ3vJDNbQmXH6.Z3PqcrwjOeGDUQsinE43WjgjNetKVp6', 'Lonie_Carroll@gmail.com', '(981) 746-0195', 1, 2, 'Emilio', 'Boehm', '766 Jeremie Center', 'Suite 959', '41618', 'PORT EMILY', 238, '1984-10-20', 55, 89, 69, 1, '2023-05-24 10:01:32', '2023-05-24 10:01:32'),
(155, NULL, 'user151', '$2b$04$ru6juRfhcwk0jj6bTRiFZ.Vdv61lK6HmmfHD8K8bDi9EUXMMNXqia', 'Janet59@gmail.com', '(520) 835-9381 x867', 1, 2, 'Triston', 'Nolan', '2747 Reginald Bridge', 'Apt. 123', '10022', 'SHAYLEEBURGH', 89, '1988-11-23', 18, 221, 81, 1, '2023-05-24 10:01:32', '2023-05-24 10:01:32'),
(156, NULL, 'user152', '$2b$04$vdGU16LFEXyzRXaW85i1neewb3kKaDt3AV./lvz9r868FPgqQO4Bq', 'Addie55@hotmail.com', '347-523-3159', 1, 2, 'Lulu', 'Marks', '186 Reginald Centers', 'Suite 563', '89740', 'WEST RHETT', 189, '1962-03-13', 217, 176, 22, 1, '2023-05-24 10:01:32', '2023-05-24 10:01:32'),
(157, NULL, 'user153', '$2b$04$91NdjQ93epXyOHiQKNi/pujLEmqmHy4Ms8DtWK3mOYurIbvD/1YS.', 'Vincent77@yahoo.com', '(309) 729-3542 x0120', 1, 2, 'Melody', 'Schmitt', '258 Don Trace', 'Apt. 134', '98323', 'SOPHIASTAD', 166, '1956-08-02', 243, 168, 31, 1, '2023-05-24 10:01:32', '2023-05-24 10:01:32'),
(158, NULL, 'user154', '$2b$04$lD9oUVx8cL2uOOZPcRIaHeaANp.ID4ATyuARHSRaYwX6AEXTBTxdy', 'Brown_Ritchie@yahoo.com', '1-620-443-6291 x748', 1, 1, 'Edwardo', 'Braun', '2535 Jenkins Wall', 'Apt. 684', '99500', 'PORT HETTIEFURT', 186, '1964-07-09', 121, 48, 74, 1, '2023-05-24 10:01:32', '2023-05-24 10:01:32'),
(159, NULL, 'user155', '$2b$04$mExdJZa.Nu5eteyTiGFNLOspC/loKX6MSb5g0AtHy46YE9Id2ED7m', 'Kasey_Carter@yahoo.com', '981.419.5543 x279', 1, 2, 'Coby', 'Boyle', '740 Anastasia Rest', 'Suite 005', '56828-0255', 'EAST TATYANA', 80, '1970-02-06', 1, 149, 109, 1, '2023-05-24 10:01:32', '2023-05-24 10:01:32'),
(160, NULL, 'user156', '$2b$04$0BxlncGx5Spr0sEtdFqqBecqwT/wjzdysFQGJA.kHKFl0GFV5rFJ6', 'Ivy.Hettinger4@yahoo.com', '1-396-400-8240', 1, 2, 'Theo', 'Cummerata', '254 Ethan Burgs', 'Apt. 609', '01396-3856', 'BRADVILLE', 122, '1963-03-29', 128, 21, 45, 1, '2023-05-24 10:01:32', '2023-05-24 10:01:32'),
(161, NULL, 'user157', '$2b$04$SB3X7TXDlFqswFwxA5UkkOvmZkUFIP5iJK9qUX4baySi0RqlSjrki', 'Maybelle.Robel27@gmail.com', '(746) 449-7485', 2, 1, 'Ewald', 'Klein', '3478 Barrows Stream', 'Suite 068', '90154-4488', 'BERGSTROMTON', 151, '2001-03-08', 4, 54, 10, 1, '2023-05-24 10:01:32', '2023-05-24 10:01:32'),
(162, NULL, 'user158', '$2b$04$UF12Xh/ap6U00bVbccHY5O04oWTrv8MTwUKkaw.1QBFj127QqOnee', 'Aaliyah18@gmail.com', '249.326.1421 x4306', 2, 1, 'Sabrina', 'Mills', '10485 Idell Trail', 'Suite 884', '05718', 'VICTORCHESTER', 25, '1991-09-21', 236, 84, 42, 1, '2023-05-24 10:01:32', '2023-05-24 10:01:32'),
(163, NULL, 'user159', '$2b$04$FV2MEuJB4CqT8Az4opuNWu1amhis/YObVQeCclXMsLHyMoNpmA49m', 'Elena69@yahoo.com', '673.786.5682 x037', 1, 1, 'Hugh', 'Connelly', '6109 Kane Tunnel', 'Apt. 831', '69114', 'EAST GLENDASTAD', 230, '1984-10-06', 213, 95, 8, 1, '2023-05-24 10:01:32', '2023-05-24 10:01:32'),
(164, NULL, 'user160', '$2b$04$SPaDiJl3la7UpocPCtuGDuWdFeaPdUJVec4pE0jurCCF8OxUTs5aG', 'Jamal_Bartell24@gmail.com', '1-757-586-4146 x865', 2, 1, 'Jade', 'Altenwerth', '19708 Jared Trail', 'Suite 019', '70245', 'SAN LEANDRO', 165, '1950-04-02', 151, 108, 5, 1, '2023-05-24 10:01:32', '2023-05-24 10:01:32'),
(165, NULL, 'user161', '$2b$04$bvx5CDr/.TKXCUiMHq68w..OQi189B2nuVkTTfNfUxLLLLALAV/H6', 'Meredith_Rowe@gmail.com', '(888) 862-3986 x50985', 2, 2, 'Herman', 'Abshire', '4587 Derrick Mountain', 'Apt. 698', '18044', 'SOUTH ALTHEAMOUTH', 45, '1974-12-01', 99, 167, 21, 1, '2023-05-24 10:01:32', '2023-05-24 10:01:32');
INSERT INTO `users` (`user_id`, `avatar`, `login`, `password`, `email`, `phone`, `civility`, `gender`, `firstname`, `lastname`, `adress1`, `adress2`, `zipcode`, `city`, `country_id`, `birthday`, `nativeCountry_id`, `nationality_id`, `firstlanguage_id`, `systemRole_id`, `createdAt`, `updatedAt`) VALUES
(166, NULL, 'user162', '$2b$04$HqyqHBLkWJzTqj3jip7Apeiw.f6b8lkFdvX3Qc62V4g4wbXG622Wy', 'Madyson.MacGyver@gmail.com', '(491) 875-0859 x4286', 1, 1, 'Faustino', 'Mohr', '52176 Luettgen Harbors', 'Apt. 567', '92828-7437', 'NORTH DINA', 247, '1969-03-14', 127, 7, 29, 1, '2023-05-24 10:01:32', '2023-05-24 10:01:32'),
(167, NULL, 'user163', '$2b$04$If6fWuCWQNMF3NCYAHYFdOrAGIcxVsDm6/1A/g4cT3uAcIBdq.0yy', 'Selmer_Kerluke@gmail.com', '1-890-951-2539 x89390', 1, 2, 'Keagan', 'Block', '7038 Luella Junctions', 'Suite 294', '76323-8453', 'ARLINGTON HEIGHTS', 158, '1959-12-12', 79, 186, 22, 1, '2023-05-24 10:01:32', '2023-05-24 10:01:32'),
(168, NULL, 'user164', '$2b$04$AvLIpUE3c2k7qsYaE11YoOAMc8tm5v9m2Yam/9JnmtasmtQzyhJlu', 'Helga34@gmail.com', '(703) 964-5729 x359', 1, 1, 'Brianne', 'Denesik', '6149 Matteo Passage', 'Suite 108', '71406', 'SOUTH DONAVONBERG', 151, '1965-02-03', 67, 234, 57, 1, '2023-05-24 10:01:32', '2023-05-24 10:01:32'),
(169, NULL, 'user165', '$2b$04$PPiZRuCjaWn1DVD72twjVufbjsjkxUAAmhULcXVHZ8BcSqwEQWj8y', 'Makenna_OKeefe47@yahoo.com', '529.354.5017 x42399', 2, 1, 'Crawford', 'Walsh', '4420 Bergstrom Points', 'Apt. 314', '03928-6096', 'DIANABURGH', 193, '1962-11-01', 82, 10, 68, 1, '2023-05-24 10:01:32', '2023-05-24 10:01:32'),
(170, NULL, 'user166', '$2b$04$mNm5aJ2Sfcwiey.252TP3eaZdo1WKkgJ7.7qbQIpcASJRAFGwWePi', 'Amani18@yahoo.com', '1-383-337-0419 x92837', 1, 1, 'Ludie', 'Ward', '1139 Quitzon Mills', 'Suite 254', '62569', 'LAKE GLORIA', 203, '1995-12-21', 75, 115, 32, 1, '2023-05-24 10:01:32', '2023-05-24 10:01:32'),
(171, NULL, 'user167', '$2b$04$m3xgZFjOqMPxBTzg4uLLK.y1EQR4nBXjAfvQa5tAmJvzxWwlBHLHu', 'Ebony51@hotmail.com', '(438) 395-8090', 2, 1, 'Ned', 'Casper', '98287 Selina Vista', 'Apt. 010', '07875', 'EAST KAYDENCHESTER', 63, '1973-05-17', 166, 59, 63, 1, '2023-05-24 10:01:32', '2023-05-24 10:01:32'),
(172, NULL, 'user168', '$2b$04$dQKfTfokJEaWSINODsQHmey/GSyar6q4X79dtEG36geRiC/oI4lve', 'Janae_Harvey8@gmail.com', '440.874.8103 x693', 1, 2, 'Julianne', 'McGlynn', '426 Ottis Ramp', 'Suite 205', '56201', 'PORT CLEMENS', 45, '2002-10-18', 167, 167, 45, 1, '2023-05-24 10:01:32', '2023-05-24 10:01:32'),
(173, NULL, 'user169', '$2b$04$Qb73o29E5yN6g1CmPYryD.OWTTtLfx5zttnJvPPlFcWUk.ost1LK6', 'Hershel24@yahoo.com', '884.763.7228 x12117', 2, 2, 'Chase', 'Kiehn', '108 Juliet Forges', 'Suite 230', '32631', 'ERDMANBURY', 60, '1954-09-25', 18, 190, 69, 1, '2023-05-24 10:01:32', '2023-05-24 10:01:32'),
(174, NULL, 'user170', '$2b$04$QNr9Pou8N26wVutTzEwbU./.tjF6f7W5pJINepjGf//Bc9FewfKMC', 'Esmeralda.Jerde23@gmail.com', '(482) 488-6324', 2, 1, 'Sid', 'Okuneva', '318 Skiles Light', 'Suite 980', '27519', 'KEATONFURT', 232, '1980-01-20', 229, 4, 59, 1, '2023-05-24 10:01:32', '2023-05-24 10:01:32'),
(175, NULL, 'user171', '$2b$04$hK30Spzitq3u1F/u1l0fJOJllIty4pUTZxtIEgmSsamfzoQ.JLdNy', 'Rigoberto_Feil@hotmail.com', '(347) 345-9399 x572', 1, 2, 'Wilford', 'Erdman', '5089 Bartell Extensions', 'Suite 810', '70908', 'SOUTH KENNEDY', 235, '1975-07-06', 154, 71, 58, 1, '2023-05-24 10:01:32', '2023-05-24 10:01:32'),
(176, NULL, 'user172', '$2b$04$/VkSKFWl2574T/024N6/IOCnSbqU5I/9OvOEgvLlanVFlaqCtKh3W', 'Mittie_Pfeffer@yahoo.com', '445.649.3500 x49212', 1, 1, 'Alta', 'Osinski', '16801 Emmitt Viaduct', 'Apt. 656', '68588', 'LUBOWITZFURT', 131, '1974-01-09', 103, 188, 36, 1, '2023-05-24 10:01:32', '2023-05-24 10:01:32'),
(177, NULL, 'user173', '$2b$04$P9FtRQpThFG23qkTxQplpOTxC.sYQK0Yj9NY0ABiuc2Hvnpyvc3Ky', 'Danny_Auer32@hotmail.com', '577-702-2625 x66370', 2, 2, 'Adela', 'Hodkiewicz', '17387 Nella Springs', 'Suite 573', '46019-2181', 'LAKE DAYNE', 222, '1955-07-13', 231, 159, 42, 1, '2023-05-24 10:01:32', '2023-05-24 10:01:32'),
(178, NULL, 'user174', '$2b$04$mOx.IKfd.ca5/U5Uc33LJ.2xTL8p8SABz/sxJjPabLTJJoPaeUcj6', 'Domenic_Huel30@gmail.com', '(536) 766-8993 x614', 2, 2, 'Devan', 'Reichert', '481 Maximus Highway', 'Suite 102', '79815-1219', 'YVONNEHAVEN', 158, '1980-08-28', 121, 216, 73, 1, '2023-05-24 10:01:32', '2023-05-24 10:01:32'),
(179, NULL, 'user175', '$2b$04$55yIHDwJBSr9gsixfTr.Pe1IMbp2PKcbXe6x4pPeRlsXSBbVXMpH2', 'Solon45@hotmail.com', '360.972.4303 x3074', 2, 1, 'Anahi', 'Mitchell', '259 Upton Rue', 'Suite 267', '26629', 'NORTH LACY', 198, '1964-05-02', 137, 116, 65, 1, '2023-05-24 10:01:32', '2023-05-24 10:01:32'),
(180, NULL, 'user176', '$2b$04$eZ3I/uKqVjnhWM9ZhcuenOT7cBlBmpVGDNiuADBF9TcQfCaEyHFeC', 'Riley.Waelchi@hotmail.com', '(842) 362-7351', 2, 1, 'Alvena', 'Littel', '711 Nienow Garden', 'Apt. 454', '84921', 'STEWARTBOROUGH', 239, '1997-05-21', 196, 4, 70, 1, '2023-05-24 10:01:32', '2023-05-24 10:01:32'),
(181, NULL, 'user177', '$2b$04$oUWDl8lkuql1SsPe4MMhXeBQcK0wiVpnSmzLj4W0TgAiMxJno5D0e', 'Kelsie_Bradtke@gmail.com', '698-469-7651 x8163', 2, 1, 'Noemi', 'Treutel', '014 Garnet Road', 'Apt. 463', '45178-1625', 'FERNFURT', 233, '1975-07-28', 74, 29, 21, 1, '2023-05-24 10:01:32', '2023-05-24 10:01:32'),
(182, NULL, 'user178', '$2b$04$bHUqvv6dikJswV5bBMFzS.XsZl3ObaJb7jHjHlvZxqgGL5DPc0Ciy', 'Skylar56@hotmail.com', '535-895-1482', 1, 1, 'Halle', 'McGlynn', '185 Murray Extension', 'Apt. 861', '40711', 'PORT ROBBSTAD', 148, '1956-06-08', 69, 80, 66, 1, '2023-05-24 10:01:32', '2023-05-24 10:01:32'),
(183, NULL, 'user179', '$2b$04$zZ0zhYo5/IEIfTKYFzcn.uB/4AiMfXoove2IoNNCOvt2TKsenjoYG', 'Duane_Kunze@hotmail.com', '471.416.3244', 1, 1, 'Orion', 'Kassulke', '698 Alisha Village', 'Suite 781', '80731', 'WEHNERVILLE', 176, '1993-08-07', 132, 41, 19, 1, '2023-05-24 10:01:32', '2023-05-24 10:01:32'),
(184, NULL, 'user180', '$2b$04$VBkcCKTCpUuQ.TOt0e2RDOMt35tLLBWQd1IgfMmqXyJnS0pUe0b06', 'Cleora_Reichert65@hotmail.com', '(592) 412-9775', 1, 2, 'Kathryn', 'Hintz', '7244 Fritsch Mews', 'Suite 727', '05477-8523', 'CADENBOROUGH', 130, '1984-07-30', 154, 230, 88, 1, '2023-05-24 10:01:32', '2023-05-24 10:01:32'),
(185, NULL, 'user181', '$2b$04$VR6vwiVO8JeslxLGY80SNulbTpR5I.0ubodTNqD71dBGwLHxTF.oW', 'Eryn.Schinner@hotmail.com', '309-324-7402', 2, 1, 'Hattie', 'Wehner', '71784 Crist Plains', 'Suite 906', '50546-2538', 'ALBUQUERQUE', 218, '1955-09-09', 215, 58, 58, 1, '2023-05-24 10:01:32', '2023-05-24 10:01:32'),
(186, NULL, 'user182', '$2b$04$MkIr8sHQfoNs8H5YeX/bD.M6tsX9dN2FcgmAlCP1X4ZQUaqYMaFBG', 'Victor_Thompson@gmail.com', '342.257.7053 x52792', 1, 1, 'Dandre', 'Mertz', '96924 Orn Course', 'Apt. 771', '15224', 'ZACHARYTOWN', 61, '1976-08-30', 154, 46, 43, 1, '2023-05-24 10:01:32', '2023-05-24 10:01:32'),
(187, NULL, 'user183', '$2b$04$zDME8j16od9fvaycyrIYLObTdFm4pAzAnYYlJGIRv.txsOPQ5C10q', 'Teagan_Mante@yahoo.com', '660-590-1010', 1, 1, 'Catharine', 'Balistreri', '373 Prosacco Lodge', 'Suite 374', '66631-9101', 'VONSTAD', 6, '1976-10-08', 157, 103, 22, 1, '2023-05-24 10:01:32', '2023-05-24 10:01:32'),
(188, NULL, 'user184', '$2b$04$T7IgAwGKpMW5gWuynD9ZbO25g.6qm8rHE6p5SORaC5oDBHRUeZ4dO', 'Bridie.OReilly@yahoo.com', '903-743-2724 x224', 1, 1, 'Burley', 'Boehm', '4614 Julius Trail', 'Apt. 786', '70414', 'CHAIMBOROUGH', 39, '1965-09-02', 36, 116, 44, 1, '2023-05-24 10:01:32', '2023-05-24 10:01:32'),
(189, NULL, 'user185', '$2b$04$2J9TRB/378SpugxTZQ2LKOmyRonDYHVdcBqIITj9iQ0sS/wbPpxdu', 'Koby_Welch@gmail.com', '731-664-1921 x9052', 1, 2, 'Thad', 'Okuneva', '808 Gonzalo River', 'Suite 769', '32868-8859', 'NEW CARMINE', 196, '1986-01-26', 211, 63, 61, 1, '2023-05-24 10:01:32', '2023-05-24 10:01:32'),
(190, NULL, 'user186', '$2b$04$93fBf6aUjeC/R.eT/vQzxOwqAMRJUplThs7f935Sjzg/MSANgndla', 'Rodrick64@yahoo.com', '753.313.9158', 1, 2, 'Nicholaus', 'Watsica', '4679 Brandyn Extension', 'Suite 686', '08281', 'LAKE FABIOLABERG', 8, '1976-09-05', 217, 140, 50, 1, '2023-05-24 10:01:32', '2023-05-24 10:01:32'),
(191, NULL, 'user187', '$2b$04$2TpQN1rRT2ChbKVeSdYqiunqzpc8dXKbbURcVrtHzhPlbG3SWKlqy', 'Rogers_Bayer61@yahoo.com', '361-859-5715', 2, 2, 'Dax', 'Runte', '352 Hudson Freeway', 'Apt. 789', '78274-6099', 'HILLSBORO', 108, '1975-05-10', 200, 122, 66, 1, '2023-05-24 10:01:32', '2023-05-24 10:01:32'),
(192, NULL, 'user188', '$2b$04$zHmbHbXqw.p6OkpRcBRuUuAfYZN0b60gVTGkZZ2rA/TitXq1LkXLu', 'Everette87@hotmail.com', '(455) 229-1068 x511', 1, 1, 'Tate', 'Stehr', '69725 Frami Prairie', 'Suite 401', '36929-7704', 'NORTH ARONFORT', 96, '1967-09-16', 149, 228, 94, 1, '2023-05-24 10:01:32', '2023-05-24 10:01:32'),
(193, NULL, 'user189', '$2b$04$YNz1.CncNXdpHTgfIDjfz.cxfxNXooSRDSyw7m.HCkmgYZc8jxCfy', 'Jabari.Feeney@gmail.com', '1-712-780-0050', 2, 2, 'Lamar', 'Price', '023 Orn Roads', 'Apt. 970', '39790-3885', 'CRISTMOUTH', 159, '1957-02-18', 201, 116, 17, 1, '2023-05-24 10:01:32', '2023-05-24 10:01:32'),
(194, NULL, 'user190', '$2b$04$VoqZmKHpJZvzEmwB/l9qC.MVuUBb1T5GWX0WjoaE76/V2QcVdRuI2', 'Bernhard38@gmail.com', '449-952-4897 x8185', 1, 1, 'Kraig', 'Shanahan', '2693 Alba Brook', 'Apt. 258', '36955-8948', 'TORPHYLAND', 159, '1993-01-23', 147, 97, 76, 1, '2023-05-24 10:01:32', '2023-05-24 10:01:32'),
(195, NULL, 'user191', '$2b$04$6wCAICVTGqx3RTPjRCaw/.rKekqOxi/3GFKvwUMdLvWMF9TS.TqIC', 'Otto.Moen@yahoo.com', '1-367-346-0673 x1919', 2, 1, 'Hazle', 'Heidenreich', '763 Douglas Centers', 'Suite 985', '84615-3455', 'CHANELLETOWN', 218, '1978-11-14', 52, 132, 18, 1, '2023-05-24 10:01:32', '2023-05-24 10:01:32'),
(196, NULL, 'user192', '$2b$04$RgzM/7aCup7liXUSv1cmmeU4KzsjQSJOMVt6tPD1JoAqQ4d8bhLvm', 'Dante98@hotmail.com', '(337) 464-5478 x014', 2, 1, 'Eleonore', 'Stroman', '268 Zemlak Lock', 'Apt. 809', '42319-9530', 'LAKE TABITHABURGH', 134, '1954-04-16', 129, 70, 60, 1, '2023-05-24 10:01:32', '2023-05-24 10:01:32'),
(197, NULL, 'user193', '$2b$04$cdyZQE83Rxvjbiy6RLtZTe0PHlHmU/e4FnNTCcDoODKigpIe6kpw6', 'Dandre98@hotmail.com', '(299) 620-1480 x92163', 1, 2, 'Kaley', 'Buckridge', '108 Bins Gardens', 'Suite 619', '04179', 'ARMSTRONGVIEW', 67, '1987-04-10', 221, 85, 12, 1, '2023-05-24 10:01:32', '2023-05-24 10:01:32'),
(198, NULL, 'user194', '$2b$04$Ob5JZb8MNlfTrTijFrZYPeBCloedQEYEmIBZAvgUXxjLc60VLx/SW', 'Iliana_Runolfsson84@gmail.com', '633.937.1826 x098', 1, 2, 'Adolf', 'McCullough', '29059 Shanahan Dam', 'Apt. 505', '47807', 'CASIMERSTAD', 9, '1972-02-18', 219, 115, 28, 1, '2023-05-24 10:01:32', '2023-05-24 10:01:32'),
(199, NULL, 'user195', '$2b$04$qEiReWqfHSGuNbXR4eIMXOYxLz2O7xnU9zEypnUwEsp9UuYcBA4rS', 'Alexie.Cremin44@hotmail.com', '261.916.4739 x3771', 1, 1, 'Cassie', 'Auer', '096 Xzavier Loop', 'Suite 015', '50183-3896', 'LLEWELLYNPORT', 4, '1998-05-31', 18, 102, 8, 1, '2023-05-24 10:01:32', '2023-05-24 10:01:32'),
(200, NULL, 'user196', '$2b$04$uAkalSr5TrNAEB0b396m5uA.0GmSiC4I.JR6Uu4stPTTsSbDRVB0G', 'Roel.Grimes49@hotmail.com', '658-862-9816 x2944', 1, 2, 'Raina', 'O\'Hara', '013 Berge Drive', 'Apt. 534', '71070-4135', 'HARVEYTOWN', 238, '1961-10-22', 230, 162, 41, 1, '2023-05-24 10:01:32', '2023-05-24 10:01:32'),
(201, NULL, 'user197', '$2b$04$kbme4e4H95ndx5SJCzdoS.SspTjHDzWcEKpNnEyxL0uhxVvTrqzr.', 'Alysha_Ruecker@yahoo.com', '1-971-261-7878 x31546', 1, 2, 'Rachael', 'Runte', '6933 Greenholt Crest', 'Apt. 944', '92125-9847', 'PORT REMINGTON', 117, '1982-08-03', 190, 241, 58, 1, '2023-05-24 10:01:32', '2023-05-24 10:01:32'),
(202, NULL, 'user198', '$2b$04$kGfALu9qRnYJxnoqmRYoWOe0Ha/kR.2j6JHOB3AUKTNABW583r9lS', 'Damaris_Mueller72@gmail.com', '(658) 765-6533 x2752', 2, 2, 'Junior', 'Mohr', '5602 Federico Forest', 'Suite 796', '66108', 'EDEN PRAIRIE', 90, '1967-12-01', 9, 139, 15, 1, '2023-05-24 10:01:32', '2023-05-24 10:01:32'),
(203, NULL, 'user199', '$2b$04$Kq2FfJrh8jpcvEo3zjJiJ.20HeUbSonYzhWoBYRfl5wW9g2Np/cd6', 'Chesley_Hartmann@hotmail.com', '(799) 442-4314 x8752', 2, 1, 'Aylin', 'Wolf', '6282 Anna Square', 'Apt. 896', '93494', 'NORBERTMOUTH', 187, '1989-12-03', 72, 58, 42, 1, '2023-05-24 10:01:32', '2023-05-24 10:01:32'),
(204, NULL, 'user200', '$2b$04$U1KYK76qvJ.9XKJj0u7yp.gusGxDnx1lBz2tvb5TtaLUonCKdmW82', 'Emmanuel.Nitzsche2@yahoo.com', '(934) 804-3146 x9663', 1, 2, 'Darby', 'Muller', '382 Mayert Flats', 'Apt. 588', '29548', 'LACEY', 57, '1952-06-06', 121, 217, 52, 1, '2023-05-24 10:01:32', '2023-05-24 10:01:32'),
(205, NULL, 'user201', '$2b$04$onDbwQm9PIyZoCH6qfTNIOtag5zeHQzEQldDxRa/jD5IoN9V8Jmh2', 'Amber.Swaniawski@hotmail.com', '1-825-405-0387 x1681', 1, 1, 'Filiberto', 'Graham', '711 Daniel Dam', 'Apt. 756', '82420-7060', 'NEW CHEYANNEVILLE', 31, '1990-01-22', 102, 52, 57, 1, '2023-05-24 10:01:32', '2023-05-24 10:01:32'),
(206, NULL, 'user202', '$2b$04$AaIBZWUEW6gff1Wqgdhk2OtmoGWQeFS6fgeE0YuljHo5zovK4oaBG', 'Hugh_Howell93@yahoo.com', '1-844-894-9500 x816', 2, 2, 'Kade', 'Howe', '7047 Korey Neck', 'Apt. 572', '00107', 'BEDFORD', 64, '1962-09-24', 201, 243, 70, 1, '2023-05-24 10:01:32', '2023-05-24 10:01:32'),
(207, NULL, 'user203', '$2b$04$AmSjRwLXPYP4hhAmxqsHJ.Fdx3LNoWH50b.raUNKVg16.Jz9ALD26', 'Hosea60@hotmail.com', '865.678.9842 x64698', 2, 2, 'Greyson', 'Langosh', '074 Deshaun Plains', 'Suite 123', '73967-5255', 'RUNOLFSSONMOUTH', 164, '1992-06-07', 223, 196, 79, 1, '2023-05-24 10:01:32', '2023-05-24 10:01:32'),
(208, NULL, 'user204', '$2b$04$SGBLujwL/bsEYoC4k/ghheNsBPbYp58OUsLGADj.6Q7wZUDFVHuTG', 'Candelario_Langosh@yahoo.com', '1-641-876-9531 x5822', 2, 2, 'Eduardo', 'Gislason', '090 Luigi Mills', 'Suite 022', '83380', 'EAST MADELINEBOROUGH', 181, '1971-09-24', 130, 181, 7, 1, '2023-05-24 10:01:32', '2023-05-24 10:01:32'),
(209, NULL, 'user205', '$2b$04$bU2nfciWUafHh8//jJF3eeOnVZQYMWGQJCptjbbdTJm.lpcVbsr9a', 'Taya_Toy@yahoo.com', '460.813.9417 x656', 2, 1, 'Raymond', 'Mann', '00091 Barrows Junction', 'Apt. 847', '02886', 'SWANIAWSKICHESTER', 239, '1981-06-16', 182, 51, 104, 1, '2023-05-24 10:01:32', '2023-05-24 10:01:32'),
(210, NULL, 'user206', '$2b$04$4GeJCEMOkSQRZZOXcpTB9OSdarM.kQqiQd2WtxLuOn/GeMP85NUiy', 'Elmira_Reichel54@gmail.com', '(337) 466-0507 x982', 2, 2, 'Ferne', 'Koepp', '1011 Sonia Turnpike', 'Suite 526', '26159', 'BRENDANHAVEN', 45, '1990-01-22', 40, 60, 36, 1, '2023-05-24 10:01:32', '2023-05-24 10:01:32'),
(211, NULL, 'user207', '$2b$04$Hk0KPiXtp5XO3TzAlBHnOOKOd9W57CAgJCx22JFnmlEpDepn1v75u', 'Naomi52@hotmail.com', '(764) 408-2173 x67677', 2, 1, 'Lauren', 'Morar', '192 Williamson Unions', 'Suite 797', '88384', 'BLICKPORT', 195, '1997-10-14', 237, 107, 17, 1, '2023-05-24 10:01:32', '2023-05-24 10:01:32'),
(212, NULL, 'user208', '$2b$04$lOkOGxwFgBs/EH0Rns09w.9YftP0Vt5MjcrY431V6i5ZAshj2hbzm', 'Erna_Hessel@yahoo.com', '1-902-749-3761 x958', 2, 2, 'Baron', 'Jones', '9255 Oren Port', 'Apt. 980', '32506-6004', 'SIMI VALLEY', 9, '2000-08-15', 212, 110, 59, 1, '2023-05-24 10:01:32', '2023-05-24 10:01:32'),
(213, NULL, 'user209', '$2b$04$.Li8XRSDEEB7mVJLprRNTuv0csEcSeRt1V1HpLViGoylDsm7/ydkG', 'Garrick_Wisoky@hotmail.com', '(384) 384-8345 x975', 2, 1, 'Immanuel', 'Yundt', '1521 Emmalee Cove', 'Suite 598', '75096-7597', 'MYRTICEBOROUGH', 5, '1975-12-27', 131, 60, 14, 1, '2023-05-24 10:01:32', '2023-05-24 10:01:32'),
(214, NULL, 'user210', '$2b$04$uPOGfG/u21fz9D72OU8RE.WIHLunYUUMxjzW6r7cm0D2Cuq2D1yTu', 'Ena_Olson56@yahoo.com', '692.840.7252', 2, 2, 'Izabella', 'Littel', '916 Bessie Field', 'Apt. 987', '30369-0776', 'HEGMANNPORT', 127, '1982-01-09', 97, 176, 72, 1, '2023-05-24 10:01:32', '2023-05-24 10:01:32'),
(215, NULL, 'user211', '$2b$04$Tu0szg3UzKGWFBkL3zeOtenivzUjoylz2vdpbHfy1GmPnHAk7vmeu', 'Felipe62@hotmail.com', '739.769.1453', 2, 2, 'Camden', 'Lemke', '76861 Madisen Keys', 'Apt. 627', '06306-8762', 'HELLENMOUTH', 29, '1959-12-05', 182, 102, 82, 1, '2023-05-24 10:01:32', '2023-05-24 10:01:32'),
(216, NULL, 'user212', '$2b$04$irhuBwZC7cB6HlSkWQwPHeLy5DO9mvy0eDYWOmlpRAWpDwpVRKmFC', 'Stella78@yahoo.com', '252-320-4305', 1, 2, 'Kadin', 'Daniel', '6563 Milo Loaf', 'Apt. 686', '98266-3127', 'JEFFEREYBOROUGH', 110, '2002-09-06', 41, 37, 100, 1, '2023-05-24 10:01:32', '2023-05-24 10:01:32'),
(217, NULL, 'user213', '$2b$04$2T0MuJY1nLXsfBL7N4xsHeZUVIQwdo1ZOqGMVX8eudgQTwHVR.gV6', 'Janet.Thompson68@gmail.com', '1-380-286-3695 x048', 2, 2, 'Rowena', 'Wisoky', '2172 Goyette Prairie', 'Apt. 787', '78637-7668', 'STAMMSHIRE', 114, '1991-10-18', 34, 184, 112, 1, '2023-05-24 10:01:32', '2023-05-24 10:01:32'),
(218, NULL, 'user214', '$2b$04$fUsNlAuoJb8cUsRGfhLa0uWXlpGM0yH9D4ZXU2YP2vCMDKj78fHSi', 'Elroy35@yahoo.com', '989.659.1406 x0385', 1, 2, 'Elvie', 'Kuvalis', '75892 Hammes Manor', 'Suite 649', '89141-6451', 'ARNOPORT', 139, '1989-07-23', 182, 232, 101, 1, '2023-05-24 10:01:32', '2023-05-24 10:01:32'),
(219, NULL, 'user215', '$2b$04$z4PfUlUavELxZnFbVOERGe15IqR0OZORtMyA1TPphS/0/0L/KtiTi', 'Willard_Kreiger79@yahoo.com', '791.675.8403 x262', 1, 2, 'Isai', 'Leannon', '86872 Batz Plains', 'Apt. 449', '79143-8228', 'SWIFTMOUTH', 169, '1951-03-18', 49, 209, 10, 1, '2023-05-24 10:01:32', '2023-05-24 10:01:32'),
(220, NULL, 'user216', '$2b$04$jjJBINYqTc7u3774jHoH.OjLb50zKuK3BpoMQxUVPkVrMgge/UNse', 'Wellington_Quigley26@gmail.com', '840-562-3004 x98442', 2, 2, 'Eloisa', 'Balistreri', '116 Thaddeus Drive', 'Apt. 921', '56728-1085', 'AZUSA', 40, '1972-11-09', 218, 194, 2, 1, '2023-05-24 10:01:32', '2023-05-24 10:01:32'),
(221, NULL, 'user217', '$2b$04$9nxYrcgJ0dAzIICUlcG4kO8pqdPbTSyptKT5t/h47yQPKpK41OYn.', 'Barton32@yahoo.com', '320.666.4180', 1, 1, 'Judge', 'Will', '8636 Nicolas Harbor', 'Apt. 601', '13356-7723', 'WINDLERSTAD', 49, '2000-12-05', 39, 211, 75, 1, '2023-05-24 10:01:32', '2023-05-24 10:01:32'),
(222, NULL, 'user218', '$2b$04$YsdTlOvkaMLFXi58x2NCNu/A1bPZyTqHhK0.yTJutSGvtYS14YoPO', 'Marshall_Toy30@hotmail.com', '293.602.3140 x14701', 1, 1, 'Kasandra', 'Ward', '929 Billy Port', 'Suite 630', '81428', 'MENIFEE', 234, '1983-05-14', 23, 124, 3, 1, '2023-05-24 10:01:32', '2023-05-24 10:01:32'),
(223, NULL, 'user219', '$2b$04$mi7tcCd3Cov9LHdh8pRwyecyGTx0C1/EPpSfPePWuOUCoIQV8VSTy', 'Penelope_McKenzie@gmail.com', '391.740.7321 x62303', 2, 1, 'Edward', 'Padberg', '5349 Micah Curve', 'Apt. 437', '09481', 'ORLAND PARK', 144, '1996-12-10', 106, 178, 108, 1, '2023-05-24 10:01:32', '2023-05-24 10:01:32'),
(224, NULL, 'user220', '$2b$04$Xh8Wyfwj/CavmrrbQAmmHuCHB0XV9MSE9zVRPw4XmzREFz9OcZ3pO', 'Bernadette.Schinner@gmail.com', '(760) 587-9006', 1, 1, 'Kasandra', 'Braun', '2269 Witting Fork', 'Apt. 965', '79966', 'PHILADELPHIA', 47, '1980-11-29', 87, 165, 22, 1, '2023-05-24 10:01:32', '2023-05-24 10:01:32'),
(225, NULL, 'user221', '$2b$04$Y4/zmTAFtwFubLXN0FUkAeF8MIXVAjIWUyRtfJjQ7it8nsDxZdiU6', 'Mckenzie.Gutmann96@yahoo.com', '552-717-3147 x114', 1, 1, 'Margarett', 'Bechtelar', '329 Berge Road', 'Suite 889', '24326-2630', 'NORTH ELDRIDGETOWN', 77, '1963-10-30', 249, 218, 79, 1, '2023-05-24 10:01:32', '2023-05-24 10:01:32'),
(226, NULL, 'user222', '$2b$04$jseHSwfXpNdjkaA71eF4V.bydky9OH2vkAhYlXoXVtr2h867xUL4C', 'Hubert_Moen@hotmail.com', '1-822-305-7406 x836', 1, 1, 'Karley', 'Stehr', '0733 Adell Loop', 'Apt. 649', '73301', 'ELK GROVE', 78, '1956-06-15', 174, 161, 50, 1, '2023-05-24 10:01:32', '2023-05-24 10:01:32'),
(227, NULL, 'user223', '$2b$04$3UCxY8D4ju7NYJAs2EF.5eMrf/gxU5.gx5RkHRwHVzsKpCQn.Mk2i', 'Eloisa.Kirlin@gmail.com', '1-483-739-7841 x39193', 1, 1, 'Rosalyn', 'Cummings', '06735 Hauck Summit', 'Suite 785', '54867-0327', 'ELTONHAVEN', 3, '1961-07-30', 200, 32, 69, 1, '2023-05-24 10:01:32', '2023-05-24 10:01:32'),
(228, NULL, 'user224', '$2b$04$xml2c3aac86Wen703dN2U.vL.7j15I30sUGY.KcBFGkwYwvvjivA.', 'Marlen60@yahoo.com', '401.538.5851 x230', 1, 1, 'Vito', 'Gottlieb', '199 Crooks Locks', 'Apt. 699', '61255-0668', 'EVERETT', 3, '1975-04-07', 141, 151, 17, 1, '2023-05-24 10:01:32', '2023-05-24 10:01:32'),
(229, NULL, 'user225', '$2b$04$HMfvtyHussLdOjUZm/h4BuAIhdE4YJShaXQtAayCfCZlNexR06IEm', 'Bethel41@hotmail.com', '(641) 625-6688', 1, 1, 'Evalyn', 'Kuhic', '90287 Cale Neck', 'Apt. 451', '43797-8266', 'LAKE CARLOTTAVIEW', 170, '1961-07-30', 168, 70, 51, 1, '2023-05-24 10:01:32', '2023-05-24 10:01:32'),
(230, NULL, 'user226', '$2b$04$K.HWkTH928AgJlnsluRCOuCFHqfwg6AVLGTgL4hgcPrciK65gQ8Xa', 'Trudie_Cremin@gmail.com', '932-713-3971 x7033', 1, 2, 'Miracle', 'Strosin', '31920 Runolfsson Mills', 'Apt. 491', '61771', 'HOWARDBERG', 70, '2000-11-07', 10, 179, 36, 1, '2023-05-24 10:01:32', '2023-05-24 10:01:32'),
(231, NULL, 'user227', '$2b$04$Jm5qyuOVk/UrAgljM1zLCOs0sTAuPLZrnTO8UDdSOIw2YQ/T7UvAy', 'Nia_Schmidt@yahoo.com', '1-741-759-7645', 2, 2, 'Finn', 'Luettgen', '0297 Hagenes Circle', 'Suite 080', '33241', 'LAKE DEONTEMOUTH', 215, '1990-05-24', 8, 80, 79, 1, '2023-05-24 10:01:32', '2023-05-24 10:01:32'),
(232, NULL, 'user228', '$2b$04$ZWst7nAhiH4ns0iz8zr1WOfcILzwUmI/GcREL8OtGNbSWjjhOIPkO', 'Roberta_Douglas25@hotmail.com', '846.876.8769 x4818', 2, 2, 'Valentine', 'Roob', '724 Monahan Ridges', 'Apt. 626', '13324', 'SOUTH DASHAWN', 29, '1961-09-26', 102, 118, 23, 1, '2023-05-24 10:01:32', '2023-05-24 10:01:32'),
(233, NULL, 'user229', '$2b$04$Fju0lP6Y95Vk/HcQQ4bgEeoe/S84iJh41FNW.1o4JdKpCAIijzS/W', 'Elfrieda.Kunze@yahoo.com', '792.617.7687 x71533', 2, 1, 'Luz', 'Smith', '5654 Jasper Lodge', 'Apt. 456', '09229', 'EAST ALVA', 249, '1975-03-26', 249, 149, 65, 1, '2023-05-24 10:01:32', '2023-05-24 10:01:32'),
(234, NULL, 'user230', '$2b$04$QzMZBXNdfexWPXo87NLVOesmBPK8RCsxiRu.mcIiiBA1oBUbYlIjG', 'Manuela87@hotmail.com', '456.414.9145', 1, 1, 'Leland', 'Klein', '741 Powlowski Road', 'Suite 391', '42971', 'SOUTH ROSELLA', 73, '1995-04-28', 101, 96, 71, 1, '2023-05-24 10:01:32', '2023-05-24 10:01:32'),
(235, NULL, 'user231', '$2b$04$w5DxsBQ9duS.VYCWY9Ou1.ng4FuG8GJTu/Kb.vpLykUf9/zX2XLSO', 'Bethel29@gmail.com', '1-498-659-3729', 1, 1, 'Raquel', 'Bechtelar', '3589 Ceasar Village', 'Suite 155', '61483', 'LAKE LACEY', 105, '2000-07-30', 160, 58, 47, 1, '2023-05-24 10:01:32', '2023-05-24 10:01:32'),
(236, NULL, 'user232', '$2b$04$QpYmOhINEK4ugBOHQrenS.9L1Jw2P8CKlXFCKw5wMiKJKBYVeypQu', 'Abraham.Bogan75@gmail.com', '(273) 520-0462', 1, 2, 'Jasen', 'Herzog', '48025 Jeanie Flats', 'Apt. 546', '70115', 'NORTH GLADYSLAND', 164, '1980-06-26', 125, 238, 25, 1, '2023-05-24 10:01:32', '2023-05-24 10:01:32'),
(237, NULL, 'user233', '$2b$04$sOpIcCcmGcwUhIfkaakGl.ic1auVCg.RmVV0xm6d3dc2D5bAJtfOq', 'Carol.Monahan@hotmail.com', '1-771-891-2172 x39500', 1, 1, 'Amy', 'O\'Keefe', '37422 Morgan Trafficway', 'Suite 662', '25505', 'NORTH STEPHANY', 199, '1960-11-06', 244, 175, 103, 1, '2023-05-24 10:01:32', '2023-05-24 10:01:32'),
(238, NULL, 'user234', '$2b$04$mCcnDGhDMuYKjUtNNBUAAOObxkvEAQ6rC81kg6SS6ndRDyquNmLVC', 'Bernardo95@hotmail.com', '871-581-1048', 2, 2, 'Raheem', 'Douglas', '05905 Wilderman Curve', 'Suite 352', '07331-7882', 'NORTH PERRY', 230, '1967-09-24', 20, 213, 49, 1, '2023-05-24 10:01:32', '2023-05-24 10:01:32'),
(239, NULL, 'user235', '$2b$04$.TepizmiLOk0jYLHZivJceGt6WPC7IvAeZ4KOXFpE7VNq9lwmKv0.', 'Imelda.Heidenreich@yahoo.com', '1-297-533-3811', 1, 1, 'Axel', 'Romaguera', '482 Wolf Mission', 'Suite 064', '86833', 'LAKE CRAWFORD', 218, '1975-09-30', 249, 144, 23, 1, '2023-05-24 10:01:32', '2023-05-24 10:01:32'),
(240, NULL, 'user236', '$2b$04$.d7iPsl4JrPV0.ANcb7cI.ejzqqXKwhR/Zorbm9XTVMi05CqpZmhW', 'Emelie28@hotmail.com', '877-655-1535 x12533', 2, 2, 'Kelley', 'Jenkins', '02100 Destini Fords', 'Apt. 017', '13207', 'MOOREPORT', 133, '1995-03-14', 129, 212, 112, 1, '2023-05-24 10:01:32', '2023-05-24 10:01:32'),
(241, NULL, 'user237', '$2b$04$R1ffR5YXCTNyadChTTgpkeYy.nMYHZJA3/tqGpDL8XQD6NpkBa0Am', 'Kendra_Koss@hotmail.com', '(683) 598-7850', 1, 1, 'Myles', 'Legros', '1487 Waters Alley', 'Apt. 339', '55343', 'SMYRNA', 225, '1963-06-15', 67, 207, 20, 1, '2023-05-24 10:01:32', '2023-05-24 10:01:32'),
(242, NULL, 'user238', '$2b$04$n363ikEmROSDBaEgh/ywnO.R.6rVCQlZd5cPjtbM0wLeLEiT2lyMa', 'Merritt_Boyer@yahoo.com', '(367) 480-7430 x6837', 2, 2, 'Llewellyn', 'Koepp', '03749 Boyer Skyway', 'Suite 573', '71686-0712', 'EAST EDWARD', 8, '1965-01-18', 22, 114, 29, 1, '2023-05-24 10:01:32', '2023-05-24 10:01:32'),
(243, NULL, 'user239', '$2b$04$tGn/RaQNEHam6FEGjL1B9.Z7AoaYPTsAoMhcmAKj7GcvkvbfHEN/m', 'River.Carter82@hotmail.com', '243.547.8647 x161', 2, 1, 'Camden', 'DuBuque', '633 Hand Isle', 'Suite 900', '12775', 'EAST SHEAPORT', 125, '1993-04-25', 28, 218, 87, 1, '2023-05-24 10:01:32', '2023-05-24 10:01:32'),
(244, NULL, 'user240', '$2b$04$RsLdp2NQD8w9GI17FiUZUONV3Fd9ZjUHv5OPmuj.IF4hPeNZlLLSq', 'Martine_Schmeler7@hotmail.com', '1-526-283-5664 x1714', 1, 2, 'Lauretta', 'Runolfsson', '062 Tad Mount', 'Apt. 617', '03956-9587', 'BOTSFORDSHIRE', 131, '1970-05-11', 23, 125, 105, 1, '2023-05-24 10:01:32', '2023-05-24 10:01:32'),
(245, NULL, 'user241', '$2b$04$OoPx67Hk1XeVlMh6DR/JVO/XKAqY8y1SwzADslUOuJp7GbB.4CHqS', 'Giovanni_Denesik6@yahoo.com', '1-684-401-6295 x028', 2, 2, 'Gust', 'Friesen', '189 Bergstrom Underpass', 'Suite 187', '60842-6166', 'WEST MARTINA', 23, '1994-01-22', 93, 232, 26, 1, '2023-05-24 10:01:32', '2023-05-24 10:01:32'),
(246, NULL, 'user242', '$2b$04$4ESaX0Ou24.DbVHOpApHW.LI5t1eLob1qPZcZYQx5IXrr71Wb7qh.', 'Hilbert.Orn@gmail.com', '(599) 644-4472', 1, 1, 'Al', 'Oberbrunner', '166 Crona Crest', 'Suite 848', '51551-5048', 'AMARILLO', 116, '1986-04-21', 79, 112, 24, 1, '2023-05-24 10:01:32', '2023-05-24 10:01:32'),
(247, NULL, 'user243', '$2b$04$Hw.PhPvvs332ER3TqeRTKOgWhtpEMMPvjSWkaPj/W9T9jUUbEwDxW', 'Demarcus.Jenkins@yahoo.com', '545.513.2419 x29794', 1, 2, 'Jonathan', 'Robel', '13550 Davis Centers', 'Suite 472', '51323-4732', 'MAKAYLAHAVEN', 16, '1993-06-10', 3, 243, 94, 1, '2023-05-24 10:01:32', '2023-05-24 10:01:32'),
(248, NULL, 'user244', '$2b$04$LtKg7NhzdUfpcQONoiQ20eq45ptgDUmvd5Hqhg.Jg47YKn2D/6Vsm', 'Zola_Abernathy8@hotmail.com', '(401) 502-2157 x71883', 1, 2, 'Noemy', 'Ebert', '43576 Rempel Shoals', 'Apt. 677', '05753-0351', 'NORTH SIGURD', 68, '1981-01-29', 208, 149, 60, 1, '2023-05-24 10:01:32', '2023-05-24 10:01:32'),
(249, NULL, 'user245', '$2b$04$1cXZYXzgbseG7iB47nGJ3.kUyYY9khiqLOfQVx2doPCwCkG79QzAC', 'Genesis.Wilkinson@hotmail.com', '(761) 388-1556 x308', 1, 1, 'Esmeralda', 'Swaniawski', '360 Rutherford Mall', 'Suite 321', '36890', 'COMMERCE CITY', 81, '1963-10-16', 60, 117, 95, 1, '2023-05-24 10:01:32', '2023-05-24 10:01:32'),
(250, NULL, 'user246', '$2b$04$LXXo3FrHlcZat8pI/w9AvuEe8qq3NXLWMgJZASdP8eFDRmNYcscCW', 'Priscilla_Gutmann97@hotmail.com', '(439) 877-9424 x4283', 1, 2, 'Pearlie', 'Toy', '253 Ali Dale', 'Suite 562', '71504', 'BORERMOUTH', 39, '1989-07-21', 146, 102, 70, 1, '2023-05-24 10:01:32', '2023-05-24 10:01:32'),
(251, NULL, 'user247', '$2b$04$s368AI8NpiBPLw9sPK5OEuiwMK1lUXJwOaGrhBfp7DQaEZePqbbrK', 'Vicente90@gmail.com', '(956) 591-4303', 1, 2, 'Catherine', 'O\'Hara', '549 Dietrich Spurs', 'Suite 080', '01527', 'WEST ALVENACHESTER', 39, '1997-01-04', 18, 167, 12, 1, '2023-05-24 10:01:32', '2023-05-24 10:01:32'),
(252, NULL, 'user248', '$2b$04$H8PJ6EO98H9BoJrypOZnnuUhJ7q1Hv3F2chruP14pux8OXl2C9Ovu', 'Rogers68@hotmail.com', '821.830.0280', 1, 1, 'Zackery', 'Pagac', '348 Wilderman Trail', 'Suite 573', '10875', 'MURIELLAND', 106, '1996-01-31', 70, 223, 54, 1, '2023-05-24 10:01:32', '2023-05-24 10:01:32'),
(253, NULL, 'user249', '$2b$04$Xh6bntGbhnrkRS3sn4YT8.mNcLNfF33teBqzxZFRUFKYbtrLmT8oC', 'Estell.Schaefer@gmail.com', '(548) 643-6552', 1, 2, 'Jaqueline', 'Toy', '130 Rohan Common', 'Apt. 732', '21554-6068', 'CHARLOTTESVILLE', 182, '2001-09-18', 82, 35, 4, 1, '2023-05-24 10:01:32', '2023-05-24 10:01:32'),
(254, NULL, 'user250', '$2b$04$etm77nwKg0Suxn0QIAcDmOlnfzLMy9Ua4/qG4A4xRO2AkoUggcuiC', 'Cody.Reinger49@yahoo.com', '529-439-7003', 1, 1, 'Salma', 'Spinka', '5325 Corbin Burgs', 'Apt. 887', '43116', 'MURRIETA', 249, '1982-09-10', 40, 166, 27, 1, '2023-05-24 10:01:32', '2023-05-24 10:01:32'),
(255, NULL, 'user251', '$2b$04$uk1ml59qOdZ2t0mC3BsgBuBiji6piTBrj8BUWJa7BHlutiyogNL3W', 'Emmett.Dickinson0@yahoo.com', '(831) 745-2478 x7536', 1, 2, 'Florida', 'Bauch', '5699 Welch Plains', 'Suite 045', '16379-0130', 'WEST ANNE', 211, '1961-06-08', 184, 174, 111, 1, '2023-05-24 10:01:32', '2023-05-24 10:01:32'),
(256, NULL, 'user252', '$2b$04$sXHFMnQk21NjtHG3wLcgNexndor4j7lIuf546f4jkHqPIa5wKJ1vm', 'Corene55@hotmail.com', '(703) 302-6891 x290', 1, 1, 'Jermain', 'Blick', '48523 Schmitt Trafficway', 'Suite 775', '48335-4169', 'WILLIAMSONSIDE', 80, '1998-07-02', 63, 114, 12, 1, '2023-05-24 10:01:32', '2023-05-24 10:01:32'),
(257, NULL, 'user253', '$2b$04$vGGviKI0i.lPQHIPhAwpRupEGyucAgzjIkGu/jaVf/vPaXjUSlmNS', 'Gavin49@hotmail.com', '1-490-895-7412 x267', 1, 2, 'Jayce', 'Witting', '8895 Lindgren Forge', 'Suite 044', '26582-3355', 'LYNN', 50, '1971-07-05', 164, 208, 98, 1, '2023-05-24 10:01:32', '2023-05-24 10:01:32'),
(258, NULL, 'user254', '$2b$04$B6yavq9a3mcE8Muwe9PIDehvRadFD21IulehfWcGito4VzmXp821y', 'Samantha_Volkman75@yahoo.com', '(417) 986-3870', 1, 2, 'Arno', 'Morar', '9300 Dickens Glens', 'Apt. 656', '95169', 'FORT WORTH', 191, '1996-03-31', 243, 64, 4, 1, '2023-05-24 10:01:32', '2023-05-24 10:01:32'),
(259, NULL, 'user255', '$2b$04$.lk2IxCpdUOOOQyVfHjs..Njdt8x996.tuGKHRomqCH69xZN0AVKu', 'Morton47@hotmail.com', '959-513-7499', 1, 1, 'Nico', 'Kozey', '1203 Ritchie Junction', 'Apt. 829', '84809', 'FLATLEYFURT', 74, '1999-04-03', 25, 212, 27, 1, '2023-05-24 10:01:32', '2023-05-24 10:01:32'),
(260, NULL, 'user256', '$2b$04$/ise1KIfjcPktYQnc0lw5OnVTkU8P10aAlCVPnTL3uQ96PYh8/k1C', 'Adell.Hamill36@gmail.com', '(995) 911-6350 x4846', 2, 1, 'Lavern', 'Trantow', '692 Abdiel Haven', 'Apt. 078', '66790-8166', 'PORT NATALIEFORT', 31, '1977-11-25', 146, 119, 91, 1, '2023-05-24 10:01:32', '2023-05-24 10:01:32'),
(261, NULL, 'user257', '$2b$04$gxuBTC3iWvLb0VqJ4Z7r5.1HaerOGC5Zg4XiHl80GF7a/ZeSUGW2i', 'Craig_Ziemann@yahoo.com', '1-389-879-3722', 1, 2, 'Alessandro', 'Terry', '55253 Effertz Walks', 'Suite 288', '05972-9446', 'HERMANNVILLE', 41, '1975-03-28', 102, 202, 109, 1, '2023-05-24 10:01:32', '2023-05-24 10:01:32'),
(262, NULL, 'user258', '$2b$04$r6z7JIeIEGSLbCW3z/VTB.j4NjEFsFezQO9mb1rfqGeel5Dc8WiOi', 'Dave.Kerluke@yahoo.com', '(269) 350-0961', 2, 2, 'Zachery', 'Runolfsdottir', '02076 Garth Knolls', 'Suite 714', '23194', 'PORT YOLANDA', 166, '1982-02-10', 191, 46, 61, 1, '2023-05-24 10:01:32', '2023-05-24 10:01:32'),
(263, NULL, 'user259', '$2b$04$Xr.8VtQGjtm4TP0uwYNYguJ.mjajh7VDr3v/IWoB0Nvj0PYYEI3ZO', 'Jordy_Nader@hotmail.com', '(857) 808-2888 x58228', 1, 2, 'River', 'O\'Connell', '261 Maggio Unions', 'Apt. 915', '09785-0765', 'HOWELAND', 220, '1979-04-25', 103, 12, 45, 1, '2023-05-24 10:01:32', '2023-05-24 10:01:32'),
(264, NULL, 'user260', '$2b$04$zGWN8CtqDTZB.f01gq8ybugvaNSgUKrENxDytGHwkszAzjYtRqoAy', 'Mossie_Legros@gmail.com', '745.662.5562 x26400', 2, 1, 'Wendy', 'Leuschke', '8857 Leta Terrace', 'Apt. 378', '33203-9802', 'MALLIEVIEW', 90, '1970-12-21', 132, 174, 48, 1, '2023-05-24 10:01:32', '2023-05-24 10:01:32'),
(265, NULL, 'user261', '$2b$04$qHvtcrsk042pG28F4.ftTedyTJYWfzsnppOcm9We4myqyyj.zgueW', 'Eve_Dicki@yahoo.com', '933.403.0666 x352', 2, 2, 'Margaretta', 'Fahey', '794 Hilpert Rue', 'Suite 210', '43284-9758', 'EAST THADDEUSVIEW', 219, '2002-02-18', 156, 246, 31, 1, '2023-05-24 10:01:32', '2023-05-24 10:01:32'),
(266, NULL, 'user262', '$2b$04$NJdmF6llSeK78znwsTu.e.LLX6bOsHUz59jhfziTB6b//9kqC/lK.', 'Hollie11@hotmail.com', '1-865-870-8221 x23240', 2, 1, 'Eveline', 'Kreiger', '220 Warren Wells', 'Suite 964', '57603', 'CORPUS CHRISTI', 158, '1958-02-01', 220, 112, 109, 1, '2023-05-24 10:01:32', '2023-05-24 10:01:32'),
(267, NULL, 'user263', '$2b$04$MMTqHM9/s/jVNPqlLDEDFud6XkaDJqjkCHbIPLTHQ454b7jUZq6US', 'Arnoldo_Conroy61@hotmail.com', '(250) 249-0245 x3566', 2, 2, 'Antone', 'Fahey', '4054 Collier Manor', 'Suite 644', '72842', 'EAST BRETBURY', 95, '1997-10-18', 81, 219, 6, 1, '2023-05-24 10:01:32', '2023-05-24 10:01:32'),
(268, NULL, 'user264', '$2b$04$KLRzl.2F7GhfEkdH/5EZLe6hNeQ/Wphqxd4MqwULKkURuWK4iqESG', 'Chadd65@yahoo.com', '643-357-3113 x30628', 2, 2, 'Felipa', 'Jacobson', '6974 Hilma Inlet', 'Suite 595', '35527', 'JOSEBERG', 150, '1978-11-28', 208, 126, 84, 1, '2023-05-24 10:01:32', '2023-05-24 10:01:32'),
(269, NULL, 'user265', '$2b$04$MsqEnbIg4nnCSCYkt1/V7eT28wIMXiAGAc5FcOGmU7yYtEgvxw6g.', 'Jammie6@hotmail.com', '729.342.9967 x488', 1, 2, 'Damon', 'Lynch', '9448 Jakubowski Walk', 'Apt. 847', '50638', 'LAKE JALEN', 110, '1958-12-01', 103, 4, 76, 1, '2023-05-24 10:01:32', '2023-05-24 10:01:32'),
(270, NULL, 'user266', '$2b$04$180mU4RUvp3ny.uZ2v4wL./HzwBZMV6E94i8A5wAqcVrgQ.ASQzMe', 'Katlynn90@yahoo.com', '426-805-4179 x7841', 2, 1, 'Demond', 'Lang', '98795 Nat Spur', 'Apt. 283', '90802', 'MACEJKOVICVILLE', 211, '1967-05-29', 122, 41, 100, 1, '2023-05-24 10:01:32', '2023-05-24 10:01:32'),
(271, NULL, 'user267', '$2b$04$0Xn2z.pOdlH32rDFuvBwkeRBN9DiV0ctBlcYh05hdONfFr2Ur7y/m', 'Chelsea.Schulist@gmail.com', '472-885-4440 x7291', 2, 2, 'Keon', 'Hills', '103 Hauck Highway', 'Apt. 021', '60794', 'ERICKTOWN', 104, '1955-08-11', 99, 37, 84, 1, '2023-05-24 10:01:32', '2023-05-24 10:01:32'),
(272, NULL, 'user268', '$2b$04$VxCYEd6noWZumFCsbJu9aOXFaiI/lLC9x87DAfAgO27u3Bbt5rHK.', 'Emerald.Rippin@hotmail.com', '667.535.5262', 2, 1, 'Glenda', 'Yost', '04200 Garnett Oval', 'Suite 442', '83331-9015', 'NORTH CONORTOWN', 238, '1984-07-23', 83, 214, 48, 1, '2023-05-24 10:01:32', '2023-05-24 10:01:32'),
(273, NULL, 'user269', '$2b$04$AzeUUfWDgM1HlwoI3LlNaeuKh3zKvO1vCjGEYvWDUEov5FuQsbAoi', 'Jocelyn.Windler@hotmail.com', '1-262-486-1416 x319', 2, 1, 'Demarco', 'Harber', '74920 Julius Route', 'Apt. 083', '59629-9675', 'PARAMOUNT', 178, '1965-10-27', 50, 140, 59, 1, '2023-05-24 10:01:32', '2023-05-24 10:01:32'),
(274, NULL, 'user270', '$2b$04$WVswT1jvaXfDrysOklpe3uPyQQOH8AdQmvt2yBJxdW9zZ90TbhreS', 'Yolanda89@gmail.com', '(461) 225-7665 x44500', 2, 2, 'Felicity', 'Gibson', '950 Koch Walk', 'Apt. 440', '54920-3928', 'MYRLPORT', 85, '1961-10-20', 87, 32, 47, 1, '2023-05-24 10:01:32', '2023-05-24 10:01:32'),
(275, NULL, 'user271', '$2b$04$mwBUhVHg./p/MaAu79pGM.LqcpTSYjAejd0IQIqTxLJmBwlXR0PPK', 'Sylvia_Upton16@gmail.com', '218-780-3593 x181', 1, 2, 'Brennon', 'Mraz', '974 Eugene Stream', 'Apt. 653', '36710', 'AUFDERHARVILLE', 229, '1979-08-29', 233, 150, 3, 1, '2023-05-24 10:01:32', '2023-05-24 10:01:32'),
(276, NULL, 'user272', '$2b$04$KTZZcGvHY1B8T8Bak9XZS.M7.9pezgaXBBH4rviy8PhzRt0Lhff2C', 'Jayce_White71@hotmail.com', '220-524-1713 x9528', 1, 2, 'Macy', 'Heller', '93654 Hammes Cliffs', 'Apt. 609', '30773', 'SOUTH SKYLAR', 4, '1964-02-27', 147, 46, 41, 1, '2023-05-24 10:01:32', '2023-05-24 10:01:32'),
(277, NULL, 'user273', '$2b$04$FIJ5Qp/K8NJP3oIpn7AuJumAgQB6rnWUlNc2wLBbfsqpp1SkvWkfO', 'Mathilde.Jerde57@gmail.com', '1-771-284-4324', 1, 2, 'Caitlyn', 'Barrows', '5053 Legros Causeway', 'Suite 690', '78933-1755', 'JACOBSVIEW', 52, '1952-10-13', 126, 226, 32, 1, '2023-05-24 10:01:32', '2023-05-24 10:01:32'),
(278, NULL, 'user274', '$2b$04$1nULismdRvVimNwRlMiTPOc/UYR3UClduTWWB8zG5zFVpPOQKL1lq', 'Zaria_Dietrich@hotmail.com', '1-726-892-4493 x083', 1, 1, 'Ariel', 'Ruecker', '16425 Kshlerin Divide', 'Suite 858', '38495', 'JASTLAND', 229, '1965-02-03', 116, 135, 58, 1, '2023-05-24 10:01:32', '2023-05-24 10:01:32'),
(279, NULL, 'user275', '$2b$04$RF.amoWoqOzKhUjvhMn7ve3MbDIsViK3WE3WpBluA.R0l24lbsn3K', 'Kayley_Wyman@gmail.com', '1-380-405-6200', 2, 2, 'Sydni', 'Homenick', '46679 Keven Summit', 'Suite 793', '58864', 'ROHANFORT', 92, '1975-10-29', 192, 205, 9, 1, '2023-05-24 10:01:32', '2023-05-24 10:01:32'),
(280, NULL, 'user276', '$2b$04$/UYBhy.5gi85AMFJk79fKuqhsXaaLuYwcFHKc8QZe1wZFta/MsewG', 'Leonora92@hotmail.com', '291.708.0359', 2, 1, 'Lewis', 'Kutch', '6686 Bashirian Coves', 'Apt. 941', '93947', 'LAKE HILDA', 8, '1997-04-20', 107, 11, 32, 1, '2023-05-24 10:01:32', '2023-05-24 10:01:32'),
(281, NULL, 'user277', '$2b$04$Wr.YC1.TWEHTDtFr5HPqHufOuSX41PRHiXJwilduPSeVbOtWpTAd.', 'Aurore.Tromp@gmail.com', '947-375-7807', 2, 1, 'Amari', 'Littel', '223 Weissnat Parkways', 'Apt. 047', '26099-3102', 'EAST NICOLETTESIDE', 27, '1986-06-14', 94, 138, 84, 1, '2023-05-24 10:01:32', '2023-05-24 10:01:32'),
(282, NULL, 'user278', '$2b$04$3iRnuYJ3qVSXv1MHl6bC8OHrb0TNfiXt7HMkxXLKnez8wPmC6eHMO', 'Dominic.Rowe95@hotmail.com', '988-971-9470 x346', 1, 2, 'Efren', 'Dibbert', '21965 Waelchi Plaza', 'Suite 446', '58713', 'WEST ELISABETH', 80, '1976-08-22', 90, 75, 92, 1, '2023-05-24 10:01:32', '2023-05-24 10:01:32'),
(283, NULL, 'user279', '$2b$04$6axnYXKJB/zjlBSjLWr3K.I9lX.sb15STLcq9Z1KwZjzXHIbZjVaG', 'Angie.Maggio60@gmail.com', '506-540-4548', 2, 1, 'Carolina', 'Hermann', '23560 Dicki Pass', 'Apt. 780', '37162-1731', 'EAST MODESTOTON', 159, '1961-06-03', 76, 47, 71, 1, '2023-05-24 10:01:32', '2023-05-24 10:01:32'),
(284, NULL, 'user280', '$2b$04$VRt/OMsZx5kZZGoBSrbthuR4KCN9TMKxgwix/BRszLy5V7ddyiPSm', 'Sylvester.Schroeder81@gmail.com', '1-740-812-0628 x728', 2, 1, 'Julius', 'Conn', '721 Nat Mountain', 'Suite 769', '09924', 'WEST MAXIMILLIA', 89, '1987-03-08', 128, 95, 40, 1, '2023-05-24 10:01:32', '2023-05-24 10:01:32'),
(285, NULL, 'user281', '$2b$04$3GRYCrtG9pEPpSdCpluW3eJQHwp/CQfhNPX.IF8EwUa3u5bByNdv.', 'Amara_Schaden@hotmail.com', '711-549-3853', 2, 1, 'Lolita', 'Leannon', '509 Lauren Springs', 'Apt. 989', '59143', 'NEW PORTERCHESTER', 109, '1975-07-24', 65, 114, 54, 1, '2023-05-24 10:01:32', '2023-05-24 10:01:32'),
(286, NULL, 'user282', '$2b$04$C7b.LXq1M/C6NFmeVKry5.MYV2mAVpx5GIZ8xpWwjs5PT9a4GatOW', 'Ryan_Welch@gmail.com', '665.318.7428 x246', 1, 1, 'Alene', 'Davis', '4313 Grimes Pike', 'Apt. 688', '83509', 'EMELYBURY', 100, '1953-01-28', 7, 122, 89, 1, '2023-05-24 10:01:32', '2023-05-24 10:01:32'),
(287, NULL, 'user283', '$2b$04$vgi/dCnB.LdwLyRDLhHFXeALd5wyO.YkuDMRryXw8tkUVTAXm0Jke', 'Willa_VonRueden37@yahoo.com', '(919) 217-3580 x1974', 1, 1, 'Kevon', 'Ryan', '061 Schaden Crest', 'Apt. 915', '93165-6058', 'GERALDINEBOROUGH', 29, '1956-04-11', 118, 3, 70, 1, '2023-05-24 10:01:32', '2023-05-24 10:01:32'),
(288, NULL, 'user284', '$2b$04$jX67yjfm5cVwkO1LPSFv6.2YHcP9kzzU5rZs74NAHBq6J2M.aXgim', 'Percival22@hotmail.com', '415.208.0651 x4674', 1, 2, 'Aubree', 'Satterfield', '624 Murphy Mountain', 'Apt. 815', '11070', 'NORTH LAVADAMOUTH', 230, '1985-10-20', 82, 226, 83, 1, '2023-05-24 10:01:32', '2023-05-24 10:01:32'),
(289, NULL, 'user285', '$2b$04$mCVdQEDt6AxlXpyoYo3r3eEr01ZNQobbmYCfa1KxmAxmKJLuBEvx2', 'Gillian50@yahoo.com', '(569) 697-9804 x35131', 2, 1, 'Kenya', 'Hauck', '12861 Boyer Canyon', 'Suite 232', '92247-6458', 'ADELINEFURT', 164, '1961-01-25', 175, 219, 97, 1, '2023-05-24 10:01:32', '2023-05-24 10:01:32'),
(290, NULL, 'user286', '$2b$04$n9cr9JWwHQIwf37bIJ5Pl.QBTxUleu7DVp5zOPDZNjL4nVioVQwPS', 'Eleonore.Skiles@gmail.com', '1-850-949-7570 x85042', 1, 2, 'Hosea', 'West', '93211 Fletcher Lake', 'Suite 909', '27235', 'YUCAIPA', 182, '1978-07-09', 57, 237, 53, 1, '2023-05-24 10:01:32', '2023-05-24 10:01:32'),
(291, NULL, 'user287', '$2b$04$tma.zlLZaDbPJgJ2z5aqlOdyZAJW6ByxMTcdfrEQiXD8sK06/YyzC', 'Alejandra30@gmail.com', '(458) 358-5327 x843', 1, 1, 'Buddy', 'O\'Keefe', '2373 Fadel Stravenue', 'Suite 409', '12680-9040', 'WEIMANNPORT', 245, '1994-11-29', 18, 86, 27, 1, '2023-05-24 10:01:32', '2023-05-24 10:01:32'),
(292, NULL, 'user288', '$2b$04$Ve.ay7sC7F0NytZusFWPhuWILo874GRwFpxLWYIWcMo2j7Z9Fm97K', 'Courtney_Bartell@yahoo.com', '(721) 207-4481 x1091', 1, 1, 'Emmett', 'Hirthe', '791 Reed Trail', 'Apt. 607', '20625', 'JAIMESTAD', 222, '2000-01-18', 123, 83, 55, 1, '2023-05-24 10:01:32', '2023-05-24 10:01:32'),
(293, NULL, 'user289', '$2b$04$Z8cK5loesJsScsCMYFsG2.c.LSpA8oaNKh//OKcodOt6m82d8IzQS', 'Tyra.McLaughlin90@gmail.com', '(217) 955-1020', 2, 1, 'Harry', 'Morar', '64899 Adolphus Lights', 'Apt. 979', '69862-7388', 'OVERLAND PARK', 175, '1996-03-20', 1, 58, 75, 1, '2023-05-24 10:01:32', '2023-05-24 10:01:32'),
(294, NULL, 'user290', '$2b$04$70L9T5cu9grrvddUoThbTOQ/9zDtRlQBBQ00HL.4VOSEHkYR0LMjO', 'Lula.Stehr@hotmail.com', '587.610.9687', 2, 1, 'Malinda', 'Legros', '00032 Una Lane', 'Suite 790', '26429-4792', 'PREDOVICFORT', 155, '1959-03-14', 12, 48, 95, 1, '2023-05-24 10:01:32', '2023-05-24 10:01:32'),
(295, NULL, 'user291', '$2b$04$SgVYCHUYijeqLfdX9Ty/..GURP70qlG8F7HMz4aTY4OFn3Wq2RLr2', 'Allen98@hotmail.com', '(724) 435-0946 x560', 1, 2, 'Laila', 'Gleason', '37105 Armstrong Rapid', 'Suite 104', '80494-4410', 'WYLIE', 10, '1951-04-26', 242, 185, 58, 1, '2023-05-24 10:01:32', '2023-05-24 10:01:32'),
(296, NULL, 'user292', '$2b$04$l61D6XACHnwap2rtXAyOhOB/918TDd/SLIX4BzW8ZjIiiDyRWC4OO', 'Zula_Gerlach43@hotmail.com', '535-228-4886', 1, 2, 'Drew', 'Gusikowski', '4568 Weimann Valleys', 'Suite 795', '74986-9740', 'CHARLESTON', 117, '1964-01-12', 35, 11, 109, 1, '2023-05-24 10:01:32', '2023-05-24 10:01:32'),
(297, NULL, 'user293', '$2b$04$utoVfsUSPO7TMjtd9Fsqle1.w9pGwr3rrgfzJw1YCcrZjt5xo73Bm', 'Maryjane52@yahoo.com', '211-881-6878', 2, 1, 'Aniya', 'Wehner', '883 Deckow Lane', 'Apt. 183', '77509-4276', 'ABERNATHYTON', 217, '1954-09-13', 14, 182, 103, 1, '2023-05-24 10:01:32', '2023-05-24 10:01:32'),
(298, NULL, 'user294', '$2b$04$OQ/KSIvUgfUOOPs1pPP71uVPmUwfNzFyHme.kAEo9rFdmr4z5Jtii', 'Justine.Aufderhar60@yahoo.com', '1-904-598-5157', 1, 1, 'Clotilde', 'Gislason', '5426 Ernest Lakes', 'Suite 329', '97686', 'ASHLEYBERG', 172, '1988-09-30', 249, 238, 19, 1, '2023-05-24 10:01:32', '2023-05-24 10:01:32'),
(299, NULL, 'user295', '$2b$04$UW6PGIFG3eJTc9a8wiDnGOCwqqzLLrQQvBltRYobkSlYTONx.0BMS', 'Jadyn92@hotmail.com', '1-326-243-6800', 2, 2, 'Chadd', 'Mertz', '8521 Bode Inlet', 'Suite 662', '42838', 'DEVONTEBERG', 248, '1957-01-11', 140, 14, 82, 1, '2023-05-24 10:01:32', '2023-05-24 10:01:32'),
(300, NULL, 'user296', '$2b$04$dojJPrLyyDXyewcrvi72ou2nms1ETdPIT5CZPUmhjU/JBlYAQYM52', 'Logan54@yahoo.com', '998.308.7549', 1, 2, 'Clifford', 'Herman', '868 Bogan Shoals', 'Apt. 793', '73101-9581', 'JACKSONVILLE', 18, '1988-08-14', 45, 197, 68, 1, '2023-05-24 10:01:32', '2023-05-24 10:01:32'),
(301, NULL, 'user297', '$2b$04$LJlHpXgeIfijFEsI1XObP.1eYI9UGfnkM7agDdNey6NLJmPkWPC7S', 'Krystina.Cummerata@hotmail.com', '343-415-6776 x81739', 1, 1, 'Vidal', 'Schumm', '4447 Bogisich Light', 'Apt. 277', '32174', 'WEST ABDULLAH', 98, '1985-10-17', 246, 238, 47, 1, '2023-05-24 10:01:32', '2023-05-24 10:01:32'),
(302, NULL, 'user298', '$2b$04$z8rkooi2c/Ndn8nqfdHIS.oiej9uHxvWRdxrpGqajBtkOyquVNRFG', 'Manuel35@gmail.com', '(413) 223-4762', 2, 1, 'Rod', 'Turcotte', '95989 Prohaska Land', 'Apt. 697', '87129-2800', 'LAMBERTVIEW', 74, '1959-11-19', 140, 132, 47, 1, '2023-05-24 10:01:32', '2023-05-24 10:01:32'),
(303, NULL, 'user299', '$2b$04$2.4n.jB0c2I2fqHNDj8alOi.nhCPvnsJCN68XCChDASYMpf4tolVS', 'Davon10@hotmail.com', '(248) 654-1556 x841', 2, 2, 'Onie', 'Metz', '2626 Botsford Bypass', 'Suite 568', '65742-4893', 'TYLER', 240, '1952-06-20', 9, 7, 64, 1, '2023-05-24 10:01:32', '2023-05-24 10:01:32'),
(304, NULL, 'user300', '$2b$04$XzaxTzHbEb5ippZeV/kxE.Qn9mtPLoSYkof31dkjoR8KiTDNqr8S6', 'Llewellyn.McClure@hotmail.com', '(408) 468-9502 x55808', 1, 2, 'Armani', 'Abbott', '16565 Ansel Key', 'Apt. 463', '04789', 'STREICHHAVEN', 98, '1950-12-14', 17, 197, 74, 1, '2023-05-24 10:01:32', '2023-05-24 10:01:32'),
(305, NULL, 'user301', '$2b$04$Vcqfc29YbTHRa60SxFqmaufdndh.j/YfpfZZtvI.4Ihk/1GQVQ12q', 'Leola_Streich@gmail.com', '593.916.6118 x508', 1, 2, 'Rodrigo', 'Volkman', '8488 Jaiden Knolls', 'Apt. 239', '75209', 'KOEPPBERG', 67, '1999-07-11', 39, 208, 62, 1, '2023-05-24 10:01:32', '2023-05-24 10:01:32'),
(306, NULL, 'user302', '$2b$04$cPExKvz.zmMjltpNWOkY4uwlgPEKEYPi1qQ2wNPRa/un7Otf1.hPe', 'Trinity.Feeney@hotmail.com', '385.317.9241 x485', 1, 1, 'Kristoffer', 'Donnelly', '78237 Alexander Land', 'Suite 967', '00066-6036', 'PORT CYNTHIASTAD', 84, '1965-09-20', 23, 98, 56, 1, '2023-05-24 10:01:32', '2023-05-24 10:01:32'),
(307, NULL, 'user303', '$2b$04$N.Dljhnu0hwwUq8qtmrg4.wFfrvZLVrFnqPntwj9mjFXEmHypunEy', 'Lonny27@yahoo.com', '(416) 976-9213 x052', 1, 1, 'Aisha', 'Heller', '176 Arne Field', 'Apt. 304', '81831', 'PORT CULLENVILLE', 69, '1983-01-19', 96, 159, 50, 1, '2023-05-24 10:01:32', '2023-05-24 10:01:32'),
(308, NULL, 'user304', '$2b$04$usnPiLtH1P/DiMB9L5F2G.K9MJ5ZAihBoCUCyEPhQNciBLX1q4pr6', 'Rossie_Marks@hotmail.com', '(333) 688-5552 x491', 2, 1, 'Clemmie', 'Yost', '66771 Ebba Orchard', 'Apt. 372', '81908', 'WHITELAND', 34, '1962-11-13', 112, 199, 70, 1, '2023-05-24 10:01:32', '2023-05-24 10:01:32'),
(309, NULL, 'user305', '$2b$04$X72E7E2zlbQQLCFGIrrSr./TslvRfLZcOj4RdMCOcaDLBUp37VCCC', 'Zora69@yahoo.com', '493-288-4270 x758', 1, 1, 'Lelah', 'Muller', '34757 Marquardt Avenue', 'Suite 698', '18343-0791', 'HUNTINGTON BEACH', 95, '1954-12-24', 64, 77, 92, 1, '2023-05-24 10:01:32', '2023-05-24 10:01:32'),
(310, NULL, 'user306', '$2b$04$Sh6RmJvmCqnTQaDvyMej0ucOX2jCSz5FMTl9H/6LCk57uLBUBlHXy', 'Nathan.Huels29@gmail.com', '1-916-947-9309 x055', 2, 2, 'Leora', 'Hahn', '473 Sanford Prairie', 'Apt. 388', '61887', 'STOKESTOWN', 65, '1975-04-13', 138, 66, 81, 1, '2023-05-24 10:01:32', '2023-05-24 10:01:32'),
(311, NULL, 'user307', '$2b$04$iRRXgwt3Qq/HexPoaCv7euC5ku/2hLC93PPTQFeek1sUBI51LZIJS', 'Karl.Schneider96@hotmail.com', '549.792.3121', 1, 2, 'Deangelo', 'Mayer', '9850 Bessie Lodge', 'Suite 087', '47176-7412', 'PORT JODIEBURY', 231, '1957-04-11', 164, 166, 45, 1, '2023-05-24 10:01:32', '2023-05-24 10:01:32'),
(312, NULL, 'user308', '$2b$04$kJDOS7odptIGJ9Zez7FBA.vABNrDowSeIgzRTukiy2oL9IxWq.dNK', 'Rachel_West@yahoo.com', '873-523-8500', 1, 2, 'Paige', 'Kozey', '164 Streich Ferry', 'Suite 805', '53949-4272', 'NORTH MONIQUE', 146, '1979-01-06', 159, 133, 12, 1, '2023-05-24 10:01:32', '2023-05-24 10:01:32'),
(313, NULL, 'user309', '$2b$04$biuMkSaC75fqR4QNMCviPOVLmsPBCQ3Q5e9WhgMV4OIBSvqC5QR8C', 'Reggie_Leffler@gmail.com', '491-315-6165 x19877', 1, 2, 'Dane', 'Pfeffer', '9870 Schoen Centers', 'Suite 148', '57251', 'NORTH MONICA', 142, '1969-03-03', 244, 53, 19, 1, '2023-05-24 10:01:32', '2023-05-24 10:01:32'),
(314, NULL, 'user310', '$2b$04$EhFtn7c.X93uWkG84XBk8uNizUSOTbCRQ22JdQ0OxP5.PU3lhmacO', 'Rogers.Schmeler@gmail.com', '496-729-8069', 1, 1, 'Ole', 'Grimes', '769 Hauck Field', 'Apt. 769', '31579-6081', 'SAVANNASHIRE', 78, '1959-07-09', 124, 158, 45, 1, '2023-05-24 10:01:32', '2023-05-24 10:01:32'),
(315, NULL, 'user311', '$2b$04$Nm6P2bGiQaV4Mm6.pHuK4OoRYra7ZT7qN1VuhXv/zP/XroewDFDpG', 'Bernard.Schamberger@hotmail.com', '666.211.6599', 2, 1, 'Maye', 'Cronin', '216 Garth Island', 'Apt. 852', '83026', 'LIVONIA', 144, '1995-03-17', 93, 84, 34, 1, '2023-05-24 10:01:32', '2023-05-24 10:01:32'),
(316, NULL, 'user312', '$2b$04$/CaRgLMDYOr0pBvHf4a3O.ROooB.jReaUE.A9s7WtNdp7YcvcK/2G', 'Marshall.Fadel98@hotmail.com', '1-590-437-6747 x7619', 2, 2, 'Malcolm', 'Weber', '4607 Bosco Wall', 'Apt. 206', '55855-7765', 'WEST ALYSA', 49, '1980-05-20', 97, 113, 76, 1, '2023-05-24 10:01:32', '2023-05-24 10:01:32'),
(317, NULL, 'user313', '$2b$04$eWOBOBXl6d63fvjp1DK.Ne71kswziXVzcymgrKNXrcHkDaaE4CoVa', 'Jermey.Koch90@gmail.com', '1-711-983-1134 x42457', 2, 2, 'Melody', 'Goldner', '936 Lennie Place', 'Apt. 155', '31140', 'LEHIGH ACRES', 15, '1966-07-09', 63, 92, 104, 1, '2023-05-24 10:01:32', '2023-05-24 10:01:32'),
(318, NULL, 'user314', '$2b$04$x3f8cZ2fjWLA.P5bnKyLl.REgZY02DGyct2pic/VdC2tXQnT3fdcy', 'Jaron.Abbott19@hotmail.com', '(671) 618-8801', 2, 1, 'Timmothy', 'Jast', '6390 Walker Center', 'Suite 775', '05516', 'ALBASIDE', 225, '1978-08-03', 221, 113, 112, 1, '2023-05-24 10:01:32', '2023-05-24 10:01:32'),
(319, NULL, 'user315', '$2b$04$y1h5PsUMQRHdh6slKV/EPubJc2GFZAuy4pVWEYs1CW.H0x4fN.Sli', 'Logan.Kerluke33@gmail.com', '(430) 337-8468 x36711', 1, 1, 'Keenan', 'Howe', '732 Dovie Plain', 'Apt. 971', '66184-3200', 'LANCASTER', 143, '1989-03-05', 48, 117, 38, 1, '2023-05-24 10:01:32', '2023-05-24 10:01:32'),
(320, NULL, 'user316', '$2b$04$Dja5mV86iZPZvC1WZMWpf.04K4xYT6xy3T08BjcBlr3fOtNSjjXUe', 'Arely59@hotmail.com', '846-559-2378', 1, 2, 'Noemie', 'Sanford', '2483 Carolyne Mill', 'Apt. 685', '73086', 'GORCZANYVIEW', 152, '1956-12-20', 139, 104, 84, 1, '2023-05-24 10:01:32', '2023-05-24 10:01:32'),
(321, NULL, 'user317', '$2b$04$eAmj7idAvifhHqA5IyUIaOQy36Z.ieyYnZoKeGMp8d.ag4.p7q9pi', 'Hildegard.Turner@hotmail.com', '243.868.0912 x73607', 1, 1, 'Alyson', 'Breitenberg', '29857 Smitham Ranch', 'Suite 506', '05231-5334', 'VICENTABOROUGH', 227, '1969-02-24', 2, 153, 83, 1, '2023-05-24 10:01:32', '2023-05-24 10:01:32'),
(322, NULL, 'user318', '$2b$04$CrwdOcdXI8aUckOBks9I3uSIkNEfSqkn68wIPSGqTMa0ofl9z.sDO', 'Adrienne_Beatty10@gmail.com', '509-835-0683 x8705', 2, 2, 'Aron', 'Macejkovic', '1453 Adeline Wells', 'Apt. 855', '31596-7228', 'SATTERFIELDSIDE', 111, '1989-05-27', 8, 32, 8, 1, '2023-05-24 10:01:32', '2023-05-24 10:01:32'),
(323, NULL, 'user319', '$2b$04$qRuI.0/2kYkNdMNiNXF41uE51KGPr5vdJ7qo3M7h/nhJuubTrIDlC', 'Natalia_Jacobs@gmail.com', '(989) 537-6781 x10719', 2, 2, 'Bruce', 'Thompson', '71691 Krajcik Ridge', 'Apt. 418', '14019-6815', 'BUDTON', 182, '1972-11-23', 174, 108, 51, 1, '2023-05-24 10:01:32', '2023-05-24 10:01:32'),
(324, NULL, 'user320', '$2b$04$K3dwA4qyTWUnDiNrNrbMMOVN8j4PLnbIMz.wRgtIne9rSaKEzwW/G', 'Vena_Luettgen@yahoo.com', '361.682.0645 x69413', 2, 2, 'Janelle', 'Howe', '896 Labadie Village', 'Suite 096', '35791', 'MURPHYPORT', 66, '2002-06-29', 66, 241, 112, 1, '2023-05-24 10:01:32', '2023-05-24 10:01:32'),
(325, NULL, 'user321', '$2b$04$NvWL38OWnKOI39ngsAmFde8uiSHm/ml3cvNpT7pzMNQpJJ6TguA8O', 'Filomena_McLaughlin42@hotmail.com', '(274) 764-0276 x7163', 1, 1, 'Laverna', 'Daniel', '9181 Kunde Prairie', 'Suite 882', '20075-7582', 'ROSANNAHAVEN', 239, '1950-08-29', 172, 14, 56, 1, '2023-05-24 10:01:32', '2023-05-24 10:01:32'),
(326, NULL, 'user322', '$2b$04$1jkislpx7.NjMI.yD.3dC.PyKwdK2XQxI4uqoXwSMyZpqR7OHzEWG', 'Murphy.Wiegand@hotmail.com', '(791) 646-0525 x68773', 2, 1, 'Kitty', 'Rempel', '011 Barton Curve', 'Apt. 151', '91335', 'KREIGERSIDE', 146, '1978-03-01', 88, 240, 91, 1, '2023-05-24 10:01:32', '2023-05-24 10:01:32'),
(327, NULL, 'user323', '$2b$04$mxkjepYQev0xZD6aQZE7.ehupDQBgrgJ9xkjw75y2uIkXCD906kPe', 'Nyasia50@hotmail.com', '1-597-829-9318 x992', 2, 2, 'Trudie', 'Schamberger', '76123 Koss Ridges', 'Suite 471', '44528-5237', 'NORTH JENSEN', 207, '1976-09-06', 184, 83, 37, 1, '2023-05-24 10:01:32', '2023-05-24 10:01:32'),
(328, NULL, 'user324', '$2b$04$YqQ8M1yNd5DSYcpQ0gEd4uKZ6Jnc/yQ8OijvRW63E0xdMPz7H0H9W', 'Weston85@yahoo.com', '1-648-283-6996', 2, 1, 'Leda', 'Christiansen', '799 Petra Route', 'Apt. 876', '42625-4882', 'GLEICHNERCHESTER', 106, '1975-05-22', 151, 133, 1, 1, '2023-05-24 10:01:32', '2023-05-24 10:01:32'),
(329, NULL, 'user325', '$2b$04$Ii5.Wh3SN0iRZu1VHOSRxOx7CN1O24.1Gg0e3Mnmij4wTC8wnavYi', 'Malcolm.Gorczany12@yahoo.com', '(561) 787-6313', 2, 1, 'Tillman', 'Carter', '24073 Nicolas Forest', 'Suite 117', '82191-6282', 'PARAMOUNT', 135, '2001-03-31', 107, 154, 3, 1, '2023-05-24 10:01:32', '2023-05-24 10:01:32');
INSERT INTO `users` (`user_id`, `avatar`, `login`, `password`, `email`, `phone`, `civility`, `gender`, `firstname`, `lastname`, `adress1`, `adress2`, `zipcode`, `city`, `country_id`, `birthday`, `nativeCountry_id`, `nationality_id`, `firstlanguage_id`, `systemRole_id`, `createdAt`, `updatedAt`) VALUES
(330, NULL, 'user326', '$2b$04$JedlV.QbbQxGVzTQ1gYaqeCqD.iQ48sDXQhErvcouW4iB2Dtmp4aO', 'Warren.Abshire@hotmail.com', '(584) 681-8651', 2, 1, 'Kendra', 'Will', '5535 Vergie Fields', 'Suite 162', '55959-9189', 'HICKLEPORT', 82, '1972-12-10', 80, 215, 93, 1, '2023-05-24 10:01:32', '2023-05-24 10:01:32'),
(331, NULL, 'user327', '$2b$04$PLeI6gV/.d7sOJqO.G1ZR.4sHG/ipMC.V7ZXa7hro0ZpXg5IjAGXy', 'Madge_Haag@hotmail.com', '385-999-7009 x0993', 2, 2, 'Rosa', 'Harber', '8914 Funk Summit', 'Suite 505', '94402', 'BOYNTON BEACH', 245, '1962-05-10', 20, 4, 84, 1, '2023-05-24 10:01:32', '2023-05-24 10:01:32'),
(332, NULL, 'user328', '$2b$04$cKhjtjB2QyKWeQn/teV0GeupcnYaIjPXme5jDJ3VPdKhf2XJrQJai', 'Noemy97@gmail.com', '222-821-8383 x456', 1, 1, 'Leatha', 'Fisher', '5315 Abshire Flats', 'Apt. 685', '51851-9559', 'LAKE HILLARY', 145, '1995-12-10', 21, 50, 78, 1, '2023-05-24 10:01:32', '2023-05-24 10:01:32'),
(333, NULL, 'user329', '$2b$04$Pv4VkJwb3mYx5gpDW9ZE6OkTnWymh8Ii8SuTSBHs1PjnNAxYyRdiG', 'Alexa_King77@hotmail.com', '(389) 629-1554 x195', 2, 2, 'Alexane', 'Doyle', '5307 Kunze Rapid', 'Suite 766', '22961-5645', 'CHANDLERBURY', 27, '1956-07-15', 78, 25, 67, 1, '2023-05-24 10:01:32', '2023-05-24 10:01:32'),
(334, NULL, 'user330', '$2b$04$PiF/fFY5EFS.DBuztX7Ov.cz0ZBPlFefYU90lCG0g25EHTYk1kdJS', 'Sven.Bergstrom@hotmail.com', '(609) 371-6950 x088', 2, 1, 'Juliet', 'Steuber', '6979 Franecki Villages', 'Suite 033', '06084', 'NEW GLORIAVILLE', 7, '1980-09-20', 249, 86, 37, 1, '2023-05-24 10:01:32', '2023-05-24 10:01:32'),
(335, NULL, 'user331', '$2b$04$BwI0bzva4nmq.MvbtXTw4OODIJ8ykAmZcP/6BOWj8y8Bn5D9OefFy', 'Vince46@yahoo.com', '1-293-708-5575', 1, 1, 'Reanna', 'Collins', '2832 Abby Parkway', 'Suite 295', '45389', 'SOUTH AMINA', 11, '1980-01-22', 71, 68, 75, 1, '2023-05-24 10:01:32', '2023-05-24 10:01:32'),
(336, NULL, 'user332', '$2b$04$1SPA/SvXZ.tiJVJmNbN.BeWtjOPr/ZxGlEnoBZK8OUBM7R/Fsx9TS', 'Ada_Rippin75@hotmail.com', '1-923-500-0866', 1, 2, 'Kiel', 'Hane', '9985 Giovanna Lakes', 'Suite 996', '34976', 'PORT DEJA', 148, '1959-09-06', 129, 179, 34, 1, '2023-05-24 10:01:32', '2023-05-24 10:01:32'),
(337, NULL, 'user333', '$2b$04$sxv9GrstjhAleyDIG1ctTuT3Z2OBBMFyNFnzEsQQ99QFgLA3gh1a.', 'Florida.Nienow@hotmail.com', '698.200.6273 x60431', 1, 1, 'Mozell', 'Abshire', '100 McGlynn Ranch', 'Suite 407', '74012', 'FRITSCHSIDE', 10, '1965-12-21', 66, 36, 20, 1, '2023-05-24 10:01:32', '2023-05-24 10:01:32'),
(338, NULL, 'user334', '$2b$04$vSHq.wj0YiKi4wAHIbkQqOh166bMbTUhw9d7f0fStRoI5oJBQDFzG', 'Elian85@hotmail.com', '(525) 223-6044 x52248', 1, 2, 'Enrique', 'Prosacco', '19636 Kautzer Station', 'Apt. 063', '83967', 'SOUTH JOANNYCHESTER', 139, '1998-12-09', 6, 67, 6, 1, '2023-05-24 10:01:32', '2023-05-24 10:01:32'),
(339, NULL, 'user335', '$2b$04$A//9u3J8K8lEjItkrXAvve.kjuv5xbW.mq6eF3siqmHQ8ljzjcUDW', 'Verona.Ankunding1@hotmail.com', '1-814-558-8871 x1368', 2, 1, 'Frankie', 'McClure', '3357 Graham Tunnel', 'Apt. 070', '40841', 'PERCYTON', 104, '2000-12-24', 191, 3, 26, 1, '2023-05-24 10:01:32', '2023-05-24 10:01:32'),
(340, NULL, 'user336', '$2b$04$Iu6I8Rpgjl0vgAomFe/zRO.2uuoD19X7Cr18qU66PLPLvDEeOPJuK', 'Nya60@yahoo.com', '826.846.7396 x431', 1, 1, 'Deonte', 'Jacobi', '7093 Beatty Plaza', 'Apt. 567', '84577', 'DOYLEPORT', 7, '1964-11-24', 9, 50, 50, 1, '2023-05-24 10:01:32', '2023-05-24 10:01:32'),
(341, NULL, 'user337', '$2b$04$96KR.0iW7te9CbAhA7/nTe6cHM/RAU9ozGqy0yz003EmMFG0CUC8K', 'Derick_Bernier86@yahoo.com', '1-268-643-9311 x5436', 2, 2, 'Nelle', 'Bashirian', '6790 Walsh Lodge', 'Apt. 163', '39830', 'UPTONMOUTH', 61, '1995-03-15', 242, 69, 99, 1, '2023-05-24 10:01:32', '2023-05-24 10:01:32'),
(342, NULL, 'user338', '$2b$04$h5zE3q7flbWwQVQP1WDWx.Meo79mF0xfMlQEmhcjwGGhKym/Od3Ea', 'Beverly.Maggio43@yahoo.com', '532-307-2788 x63699', 1, 2, 'Nelda', 'Schinner', '526 Howell Islands', 'Apt. 246', '62100', 'SOUTH AUGUST', 233, '1967-12-14', 218, 150, 37, 1, '2023-05-24 10:01:32', '2023-05-24 10:01:32'),
(343, NULL, 'user339', '$2b$04$7m087vxsblENrn5HIISsmuzCx/jhDclnhYbelQVM6qRt/mOhBiR7m', 'Rosa_Smith62@hotmail.com', '211.615.9542', 1, 1, 'Mariano', 'Crooks', '8548 Tess Locks', 'Suite 207', '95769', 'KENT', 88, '1989-05-04', 234, 98, 74, 1, '2023-05-24 10:01:32', '2023-05-24 10:01:32'),
(344, NULL, 'user340', '$2b$04$2kxr81BIQ/9712SgXqBbnexpJ7IFRvrwoRUuvtzpRwJToTb9isXTa', 'Patsy55@gmail.com', '(749) 360-1015 x2655', 1, 2, 'Alanna', 'Boyer', '76800 May Forges', 'Apt. 221', '88931-1971', 'NORTH LISETTESIDE', 192, '1965-09-05', 233, 151, 78, 1, '2023-05-24 10:01:32', '2023-05-24 10:01:32'),
(345, NULL, 'user341', '$2b$04$lufsE2AY1upZDzVOOreVruCToijEW0Gm2f20Aq4wyc/W54PLviFq.', 'Betty.Mertz86@yahoo.com', '(515) 351-3459', 1, 1, 'Madeline', 'Corkery', '92160 Hayes Grove', 'Apt. 499', '75145', 'MARQUARDTFURT', 154, '1966-06-12', 32, 149, 49, 1, '2023-05-24 10:01:32', '2023-05-24 10:01:32'),
(346, NULL, 'user342', '$2b$04$3VrVUFAw85mS5vS6DljZQefGAjN48DNwKJw3.alztQ9LYefmzhVti', 'Lauretta.Thompson@hotmail.com', '(716) 904-1502 x08343', 1, 2, 'Noah', 'Wilkinson', '55510 Mauricio Shoals', 'Apt. 773', '40654-4405', 'THE VILLAGES', 120, '1978-01-12', 163, 215, 95, 1, '2023-05-24 10:01:32', '2023-05-24 10:01:32'),
(347, NULL, 'user343', '$2b$04$k2N0HcTLbfoTrL/Sd4VzKefIcnbLe/YJeve/VFtWx/gdg1NAlyYVu', 'Lemuel92@hotmail.com', '(434) 228-6264 x34428', 2, 1, 'Jerod', 'Ortiz', '8886 Johathan Port', 'Apt. 717', '57041-3063', 'SWANIAWSKIBOROUGH', 207, '1993-10-31', 40, 151, 12, 1, '2023-05-24 10:01:32', '2023-05-24 10:01:32'),
(348, NULL, 'user344', '$2b$04$zpmCAf38kYIZwiWVONtaKuLa9tm8F9w.f4zsDptYObDkuqi5a6IK2', 'Abel41@hotmail.com', '(844) 314-2848', 1, 1, 'Loren', 'Monahan', '71667 Giovanny Orchard', 'Apt. 908', '75927-1288', 'BOEHMSTAD', 133, '1994-05-05', 204, 189, 48, 1, '2023-05-24 10:01:32', '2023-05-24 10:01:32'),
(349, NULL, 'user345', '$2b$04$HS4lDl.vBX6zDn7FwnbW7OUHT0WabJk3KHrnQi/xBtdjjy0TMGc/O', 'Yesenia.McCullough@hotmail.com', '347-928-2914 x925', 2, 1, 'Kacie', 'Vandervort', '83755 Quincy Springs', 'Suite 726', '34374', 'ROLFSONCHESTER', 150, '1987-01-28', 98, 12, 71, 1, '2023-05-24 10:01:32', '2023-05-24 10:01:32'),
(350, NULL, 'user346', '$2b$04$wP5pPd08V.xhXFejla3DCOjjsH0NInNK7CEt1xW8GDHv4SwpPQyU.', 'Ramona17@gmail.com', '563-266-5898', 1, 1, 'Chadrick', 'Robel', '553 Boyer Course', 'Apt. 241', '69718', 'PORT YADIRAHAVEN', 225, '1965-08-08', 27, 149, 90, 1, '2023-05-24 10:01:32', '2023-05-24 10:01:32'),
(351, NULL, 'user347', '$2b$04$QleCB6mk6UxncDCpxjfHse.FRu6Q0jP4BZ4yM9p0c8gWV8rtrLSrS', 'Norberto_Wilkinson@hotmail.com', '313.294.8724', 1, 2, 'Paxton', 'Zieme', '41943 Stracke Drive', 'Suite 749', '99828-7575', 'EAST DANA', 209, '1957-08-03', 227, 37, 111, 1, '2023-05-24 10:01:32', '2023-05-24 10:01:32'),
(352, NULL, 'user348', '$2b$04$BuBbl1liFvuSKypqztydteJV7oDr3DI1.E7MRRDXWoYROlQfoD2Je', 'Frank64@gmail.com', '1-983-920-2606 x686', 2, 2, 'Judson', 'Cummerata', '8184 Ledner Crest', 'Apt. 616', '94676', 'NEW ELENORA', 105, '1963-09-24', 139, 193, 52, 1, '2023-05-24 10:01:32', '2023-05-24 10:01:32'),
(353, NULL, 'user349', '$2b$04$.N46ikZagm9AokuqTefXOOiM5BCgITw.YmqSQLEX4PyoUoBoqcttu', 'Ervin_Orn@gmail.com', '488.503.3417 x5623', 1, 2, 'Nathen', 'Collier', '69119 Sarina Trail', 'Suite 473', '29563-3587', 'GLEICHNERMOUTH', 117, '1979-11-22', 245, 38, 85, 1, '2023-05-24 10:01:32', '2023-05-24 10:01:32'),
(354, NULL, 'user350', '$2b$04$8DjCF3iZ8UitrqYXrj0Q5OVKwb6VrkbcevS6hRDlBmEjefqdYHCqi', 'Missouri10@gmail.com', '1-425-463-5378 x2354', 2, 1, 'Ruth', 'Stoltenberg', '01177 Scarlett Knoll', 'Apt. 480', '22524-9328', 'BUDBURGH', 196, '1999-11-11', 35, 107, 58, 1, '2023-05-24 10:01:32', '2023-05-24 10:01:32'),
(355, NULL, 'user351', '$2b$04$lJRMv4gOB/5TNIM9AGlNVONOric9BsUrDXwAEAM7pjYn6S85LUCrO', 'Jewel.Jaskolski32@hotmail.com', '717-688-3095 x72045', 2, 1, 'Madaline', 'Sanford', '6644 Stracke Greens', 'Suite 483', '13934-6056', 'SKILESBERG', 40, '1978-11-09', 82, 82, 89, 1, '2023-05-24 10:01:32', '2023-05-24 10:01:32'),
(356, NULL, 'user352', '$2b$04$71NKS6YkyxcEkDXl0fRRiesOdWUXkiGdGiraIu7zkXspQg1sCzVli', 'Mike_Vandervort48@gmail.com', '1-482-345-9272 x429', 1, 1, 'Emmanuelle', 'Ankunding', '97203 Blick Pike', 'Suite 376', '94245-7406', 'REILLYVILLE', 157, '1991-12-20', 156, 35, 91, 1, '2023-05-24 10:01:32', '2023-05-24 10:01:32'),
(357, NULL, 'user353', '$2b$04$BVTW2/KZByleuZVGeD0Xs.SxfVRQXsCj5M.9yqe5f9tc5IDCNAgAq', 'Natalie_Mohr@yahoo.com', '547-933-4937', 1, 1, 'Lenny', 'Labadie', '165 Josefina Mount', 'Apt. 429', '72338', 'STEPHENTOWN', 241, '1994-11-03', 202, 84, 78, 1, '2023-05-24 10:01:32', '2023-05-24 10:01:32'),
(358, NULL, 'user354', '$2b$04$u.TJpZ03R3i2xkzn/7zz.eB0qtP.gZilRbgnxN/mDynJF73z4kr0m', 'Deontae_Ankunding11@yahoo.com', '810-366-8516 x1407', 2, 1, 'Selina', 'Sanford', '1387 Hettinger Trafficway', 'Suite 794', '88720-0527', 'BEAHANTOWN', 182, '1985-06-02', 246, 164, 47, 1, '2023-05-24 10:01:32', '2023-05-24 10:01:32'),
(359, NULL, 'user355', '$2b$04$nGaFKqGA6RMvaRXIWqaExO8g/HhVqPhYNWhcHxvS6/N2OiRmfyllW', 'Jack56@yahoo.com', '(810) 439-7068 x518', 1, 1, 'Annamae', 'Schulist', '79699 Ward Path', 'Apt. 841', '36388-0555', 'CLAUDEMOUTH', 159, '1984-03-14', 74, 140, 22, 1, '2023-05-24 10:01:32', '2023-05-24 10:01:32'),
(360, NULL, 'user356', '$2b$04$7Sg72PfoJSOZ3fVmSbUyOOACAvbbVNyp8RbZq5abkE3P2rwgAmyvy', 'Arthur.Kuhic@hotmail.com', '638-404-0319 x17972', 1, 1, 'Gayle', 'Johnson', '560 Mraz Lodge', 'Suite 578', '32271', 'CENTENNIAL', 44, '1956-03-14', 36, 169, 21, 1, '2023-05-24 10:01:32', '2023-05-24 10:01:32'),
(361, NULL, 'user357', '$2b$04$IQsvXCo4qpiLSbbqJ9/crOHAgEvQxW5cTKRJB5jD7fF1XKUoZh0XK', 'Casey.Connelly@gmail.com', '880.393.3696', 2, 1, 'Pansy', 'Swaniawski', '804 Helmer Expressway', 'Suite 089', '73114-6364', 'LITTLEMOUTH', 15, '1990-06-05', 22, 219, 18, 1, '2023-05-24 10:01:32', '2023-05-24 10:01:32'),
(362, NULL, 'user358', '$2b$04$BF3huYKg7lqNQBlKUJW.QuFtEj48JUjtbjYjXpTYcbLqZtPOEAqoC', 'Erin.Paucek@gmail.com', '658.812.0793 x998', 1, 1, 'Kenneth', 'Fritsch', '07754 Wilson Parkways', 'Suite 773', '73136', 'SOUTH RUSSELMOUTH', 145, '1963-02-28', 34, 36, 112, 1, '2023-05-24 10:01:32', '2023-05-24 10:01:32'),
(363, NULL, 'user359', '$2b$04$aNSqpKMk4dofttHG29SD6uFcsdAgAYBBFNvA3n7cz5URcnTh6qVGC', 'Dangelo.Swift82@gmail.com', '502-571-2760', 1, 2, 'Sonya', 'Lind', '241 Stefanie Fork', 'Apt. 583', '30054', 'KUVALISCHESTER', 78, '1968-01-23', 117, 98, 7, 1, '2023-05-24 10:01:32', '2023-05-24 10:01:32'),
(364, NULL, 'user360', '$2b$04$06.b5wmPpCWONEIXwNMv8.t0qmBK0JuORChOsEcqO/I3Hr7inGLTG', 'Caden_Hickle@gmail.com', '1-344-601-2024 x1623', 2, 1, 'Carolanne', 'Wisoky', '2436 Dudley Forks', 'Apt. 945', '75842', 'SMITHAMFORT', 191, '1981-06-21', 5, 17, 5, 1, '2023-05-24 10:01:32', '2023-05-24 10:01:32'),
(365, NULL, 'user361', '$2b$04$70wdcJnPEFCH21PV6baCwOTvUZIPTCW94xbD7gDigOUMgpRSC2CEu', 'Stefanie.Olson@hotmail.com', '314.204.2759 x335', 2, 1, 'Brianne', 'Jones', '1208 Cristopher Square', 'Apt. 946', '15709', 'FORT MYERS', 107, '1954-08-28', 186, 165, 59, 1, '2023-05-24 10:01:32', '2023-05-24 10:01:32'),
(366, NULL, 'user362', '$2b$04$3b6BDAejOpnxNVjpnK0re.WueIFtzOz4WGtF.9wVq6VqkWMxIuBii', 'Chet17@gmail.com', '1-438-651-2463 x430', 2, 1, 'Kennith', 'Zboncak', '81820 Bell Passage', 'Apt. 341', '94515-6100', 'WHITE PLAINS', 24, '1967-10-14', 139, 130, 111, 1, '2023-05-24 10:01:32', '2023-05-24 10:01:32'),
(367, NULL, 'user363', '$2b$04$DuS5KZjc39rxyQYTUI2iPuF/kkKb0QrqkOir.gdRJw3BL.hiOD0YO', 'Rupert.Beahan@gmail.com', '723-636-1003 x976', 1, 1, 'Kraig', 'Barrows', '8486 Meta Villages', 'Suite 422', '52298', 'MARGARETTSHIRE', 12, '1972-11-24', 241, 21, 76, 1, '2023-05-24 10:01:32', '2023-05-24 10:01:32'),
(368, NULL, 'user364', '$2b$04$2NAJvSzaWqk5L.gqxE3zZ.RGh3Mck21kRiIrVNwGZo5/cykzYY42C', 'Shanny_White38@hotmail.com', '(531) 719-6566 x2469', 2, 2, 'Bridie', 'Renner', '893 Justyn Garden', 'Apt. 344', '81223-8467', 'PORT DONATO', 214, '1980-06-07', 240, 224, 28, 1, '2023-05-24 10:01:32', '2023-05-24 10:01:32'),
(369, NULL, 'user365', '$2b$04$2Oc7s4KnblE3V3DYUkYzWOfpX189ex1OzqPZcCP72OarPHRM4/Vkm', 'Christelle.Rath27@yahoo.com', '364.832.6203 x63687', 1, 1, 'Ernesto', 'Hoeger', '686 Garett Islands', 'Apt. 353', '30139', 'KOVACEKMOUTH', 147, '1963-12-14', 132, 130, 73, 1, '2023-05-24 10:01:32', '2023-05-24 10:01:32'),
(370, NULL, 'user366', '$2b$04$913HoOIFk9TIT/optXqHLuoALZ74XB7ATlMAvQCiGX5yReUZusmbe', 'Bo82@yahoo.com', '1-788-695-4001 x3912', 1, 1, 'Hope', 'Stoltenberg', '31072 Augustus Square', 'Suite 559', '28816-0879', 'RODRIGUEZPORT', 21, '1973-01-29', 22, 8, 43, 1, '2023-05-24 10:01:32', '2023-05-24 10:01:32'),
(371, NULL, 'user367', '$2b$04$EADsDqg7v2oy..gmQ4FRyusBhFTYyr.JZrRvvs4g1jcc91GsWjOm.', 'Kavon.Hackett@gmail.com', '(986) 879-8730', 2, 2, 'Heidi', 'Balistreri', '96556 Heaney Track', 'Apt. 159', '84867-5210', 'EAST MARGOT', 109, '1966-06-24', 17, 136, 23, 1, '2023-05-24 10:01:32', '2023-05-24 10:01:32'),
(372, NULL, 'user368', '$2b$04$of2JwH04RNPIjDZyNOU5x..roBx8QOgk5UYLxffzWdr24Cm/5x2iG', 'Sabrina_Durgan@hotmail.com', '1-639-774-5926 x71734', 2, 1, 'Adah', 'Bartell', '880 Evalyn Highway', 'Apt. 898', '11854', 'AMIETON', 18, '1961-06-12', 230, 135, 86, 1, '2023-05-24 10:01:32', '2023-05-24 10:01:32'),
(373, NULL, 'user369', '$2b$04$MOLgaAUcgx8uH5mC/hbOVuOuEqE0.ww1u4IJDPg4CIuT8Ahl7Gxf.', 'Felton.Paucek0@gmail.com', '1-675-763-5194', 1, 1, 'Casper', 'Fay', '93269 Bartoletti Highway', 'Suite 591', '55680', 'SIMEONFURT', 110, '1970-06-08', 23, 30, 101, 1, '2023-05-24 10:01:32', '2023-05-24 10:01:32'),
(374, NULL, 'user370', '$2b$04$MybXYv.9AU4bzTuZVsAf5egRh3CEXiiW3PB8ufYEs7f0wt2DjI11S', 'Albertha.Haag@hotmail.com', '1-251-926-2938', 2, 1, 'Hassan', 'Koelpin', '04153 Heathcote Vista', 'Apt. 093', '94194', 'WESTMINSTER', 221, '1960-06-23', 203, 157, 20, 1, '2023-05-24 10:01:32', '2023-05-24 10:01:32'),
(375, NULL, 'user371', '$2b$04$zB1zcCFGI/ilDMc/fcOWa.Ekh11J2xBZgkdHfmccqfS/3Xa9I1P1u', 'Olin.Glover17@hotmail.com', '466-985-0936 x950', 2, 1, 'Chloe', 'Christiansen', '98998 Tremblay Club', 'Apt. 249', '52732-5798', 'SOUTH CLEVEFORT', 150, '1958-07-21', 52, 142, 14, 1, '2023-05-24 10:01:32', '2023-05-24 10:01:32'),
(376, NULL, 'user372', '$2b$04$3bfST4xBGDGlTYWAolScrO80CO0f9po/TrOPDih6T7prdJVkJwsYe', 'Noel35@hotmail.com', '1-220-827-4247', 2, 2, 'Noemy', 'Botsford', '7630 Williamson Trail', 'Apt. 374', '08340', 'WALSHPORT', 90, '2001-02-12', 27, 152, 57, 1, '2023-05-24 10:01:32', '2023-05-24 10:01:32'),
(377, NULL, 'user373', '$2b$04$HyZ2nJzPIVfjNMR93YZcKeNi9/dD0NG7l5S3mEaYcsThHnEc..ahW', 'Arlene_Blick@gmail.com', '(930) 235-3861', 2, 2, 'Kellen', 'Bernier', '45359 Dickinson Harbors', 'Suite 454', '51428', 'GRACEHAVEN', 120, '1993-10-22', 243, 90, 65, 1, '2023-05-24 10:01:32', '2023-05-24 10:01:32'),
(378, NULL, 'user374', '$2b$04$xaeHYPwV/XdpVAT76rWTX.Mw2DokVPPzuk1pgKKs.VIDZlbn5yvJ6', 'Saul47@gmail.com', '(288) 881-4933 x588', 2, 1, 'Nayeli', 'Schulist', '131 Albina Cliffs', 'Suite 759', '19966-1049', 'AMARISHIRE', 138, '1994-03-30', 75, 45, 9, 1, '2023-05-24 10:01:32', '2023-05-24 10:01:32'),
(379, NULL, 'user375', '$2b$04$zZ0UKNVcYNaymPcys8LRdOIYFWHYvt32NPxsU5emnBaoufbOoJSLK', 'Sherman_Will22@hotmail.com', '(742) 244-9378 x161', 1, 1, 'Sonia', 'McClure', '1592 McClure Mount', 'Suite 909', '83477', 'LAKE RANDYSHIRE', 241, '1952-04-14', 169, 206, 36, 1, '2023-05-24 10:01:32', '2023-05-24 10:01:32'),
(380, NULL, 'user376', '$2b$04$D6ipf2Z7/7Km/DeShf3I/exg8i7QUnSyrzxEZnAqh.hgpNiJ5y3Oa', 'Lora.Gusikowski@yahoo.com', '562.970.2862', 2, 2, 'Ernestina', 'Emmerich', '173 Braun Fall', 'Suite 867', '06103-1133', 'GERHOLDFURT', 194, '1950-01-14', 85, 38, 34, 1, '2023-05-24 10:01:32', '2023-05-24 10:01:32'),
(381, NULL, 'user377', '$2b$04$kjdeqFjneI/rI9iVxpXQXOlSORCwrkyWQSsxnzeL8sEiuQJY/.hJy', 'Soledad_Rempel@hotmail.com', '528.721.0292', 2, 1, 'Adalberto', 'Beatty', '79820 Yundt Ridges', 'Suite 241', '77166-1106', 'NEW MELISSABERG', 20, '1953-11-02', 9, 114, 74, 1, '2023-05-24 10:01:32', '2023-05-24 10:01:32'),
(382, NULL, 'user378', '$2b$04$uoKMTFGsRBykqSfnMHg9FOdD4xPGinlYc82Pg/z.C.lUnzErc.TVu', 'Jena.Crooks22@hotmail.com', '(799) 673-0794 x13921', 2, 1, 'Anissa', 'Bergstrom', '533 Fay Shores', 'Apt. 457', '04431', 'PORT SANTATOWN', 10, '1954-10-14', 64, 6, 37, 1, '2023-05-24 10:01:32', '2023-05-24 10:01:32'),
(383, NULL, 'user379', '$2b$04$IgPNgmmWYl7y8dEw17JMRuku4lwDPzj5asg2NBeez8C7kK8z.m6Kq', 'Ona22@hotmail.com', '1-273-341-8320 x054', 2, 1, 'Dwight', 'Schmeler', '10372 Kenyon Islands', 'Suite 504', '00198', 'INDIO', 247, '1986-08-01', 70, 175, 13, 1, '2023-05-24 10:01:32', '2023-05-24 10:01:32'),
(384, NULL, 'user380', '$2b$04$sEVZ15YxJ/JdtF4VK6fqXucIMP2AqVqLEpiml5b2olPimp4AaWltG', 'Archibald_Quigley@yahoo.com', '(911) 968-7659 x38488', 2, 2, 'Rosalee', 'Jacobson', '5305 Monte Prairie', 'Suite 046', '25743-1898', 'RYANTON', 93, '1984-07-26', 30, 61, 87, 1, '2023-05-24 10:01:32', '2023-05-24 10:01:32'),
(385, NULL, 'user381', '$2b$04$TkX4dnJFJ9R1OavMSO3znOfAjGTzbQG8V.17.1M4fueggOzIUst1u', 'Cathy58@gmail.com', '472-613-2305 x8753', 2, 1, 'Cooper', 'Conroy', '148 Medhurst Way', 'Suite 250', '22129-9117', 'BOTSFORDMOUTH', 126, '1978-05-24', 190, 240, 23, 1, '2023-05-24 10:01:32', '2023-05-24 10:01:32'),
(386, NULL, 'user382', '$2b$04$y57K5Y2fwGCWIofHD9sJhuR6zeBU/wh89hvG2yGaSnFTyvlnQloA2', 'Lottie23@yahoo.com', '1-811-568-8260', 2, 1, 'Stewart', 'Stanton', '460 Heidenreich Land', 'Apt. 392', '85189-5308', 'AUBREECHESTER', 182, '1975-04-03', 193, 21, 104, 1, '2023-05-24 10:01:32', '2023-05-24 10:01:32'),
(387, NULL, 'user383', '$2b$04$hWVx7q/d.kOXEFXoZUgndeB4vNfKAPR.vp3dhzQYenB4cksXdjHvK', 'Darron88@gmail.com', '(589) 938-9458 x4338', 2, 2, 'Flo', 'Orn', '4469 Fadel Cliffs', 'Apt. 462', '51422', 'PUEBLO', 26, '1959-03-27', 218, 151, 28, 1, '2023-05-24 10:01:32', '2023-05-24 10:01:32'),
(388, NULL, 'user384', '$2b$04$pKrsPBWmdedbheNb7ir8femyZ8HdohWTOHTsmj4rJKIn4Bfzb9yv2', 'Erick_Dickens@hotmail.com', '1-675-876-0113', 2, 2, 'Laurel', 'Hand', '90029 Greenfelder Land', 'Apt. 049', '97833-4611', 'WILLMOUTH', 196, '1970-12-05', 199, 54, 66, 1, '2023-05-24 10:01:32', '2023-05-24 10:01:32'),
(389, NULL, 'user385', '$2b$04$yr292p/Oo0E5Y3k/kwfXguzIpCAMSjJXeQ.1poNiT7UaU5FLITiTK', 'Laverna28@hotmail.com', '778-674-7522 x95361', 1, 2, 'Lilla', 'Hessel', '12860 Christiansen Avenue', 'Apt. 077', '91389', 'WEST MANLEYTOWN', 196, '1955-08-08', 220, 89, 39, 1, '2023-05-24 10:01:32', '2023-05-24 10:01:32'),
(390, NULL, 'user386', '$2b$04$bZC4k7KGjnG09jb8gFGffe2NpLqvpO4FmHahiLwQ6a.GNjehPfwAi', 'Christophe7@yahoo.com', '552-435-4277 x6119', 1, 2, 'Julianne', 'Fisher', '58187 Bogan Brook', 'Suite 591', '29493', 'LAKE ESTEVANBOROUGH', 99, '1981-09-01', 131, 154, 68, 1, '2023-05-24 10:01:32', '2023-05-24 10:01:32'),
(391, NULL, 'user387', '$2b$04$0cryHRqJoFxL36J4GELi0.rLH.QD82IXhCSZ39r4nC5lqcQpMeiKu', 'Hudson_Gerlach@hotmail.com', '1-686-953-0216', 2, 2, 'Jett', 'Pacocha', '00465 Mann Drives', 'Suite 859', '99620', 'NEW STEFANIEVIEW', 15, '2000-12-09', 52, 113, 25, 1, '2023-05-24 10:01:32', '2023-05-24 10:01:32'),
(392, NULL, 'user388', '$2b$04$bcZQewfOc/x9PkBfpEaR9euA5XNJcJlKUKJIlFKXg3f3APfNBAJY.', 'Aurelia.Hand@gmail.com', '(266) 780-1269 x635', 1, 2, 'Dalton', 'Bergstrom', '43438 Lueilwitz Islands', 'Apt. 914', '67548-8559', 'NORTH THELMA', 56, '1997-08-29', 138, 213, 93, 1, '2023-05-24 10:01:32', '2023-05-24 10:01:32'),
(393, NULL, 'user389', '$2b$04$ayNxKd/6/tsfM78MVejMh.Xr6AtExow6OFo5Gvs0/sLIlj813iJ56', 'Sophie73@hotmail.com', '991-263-1125', 1, 2, 'Victoria', 'Miller', '7565 Marjorie Meadow', 'Apt. 030', '11458', 'MOSCISKIBURGH', 52, '1961-11-08', 10, 60, 83, 1, '2023-05-24 10:01:32', '2023-05-24 10:01:32'),
(394, NULL, 'user390', '$2b$04$SMMs3RSEFD2jaefo2pcuuOju0wNVvqxh.g/k.VMJ1HBYf1JnSR0xK', 'Raquel.Jerde@yahoo.com', '507-861-5307', 1, 1, 'Connie', 'Tillman', '79670 Walsh Crescent', 'Suite 542', '91290', 'BROWNSVILLE', 218, '2002-07-09', 153, 99, 6, 1, '2023-05-24 10:01:32', '2023-05-24 10:01:32'),
(395, NULL, 'user391', '$2b$04$U05lfp4IwAyXSWXX/Fc.uOX/G12e4OeSCIeBI9ShdDjj/FXxEOJ9a', 'Jena_Huel5@gmail.com', '(284) 824-8531', 2, 1, 'Orrin', 'Bayer', '655 Jayson Centers', 'Apt. 666', '95980', 'CARLICHESTER', 148, '1955-06-06', 209, 189, 50, 1, '2023-05-24 10:01:32', '2023-05-24 10:01:32'),
(396, NULL, 'user392', '$2b$04$kLHleuSOWS.vpP4t8XzWMO9I.Ej/6BVMGV.4bGoD5VxfTHwEGTSe6', 'Marlin.Abernathy@hotmail.com', '1-716-530-0076 x8209', 1, 1, 'Grayson', 'Morissette', '6346 Renner Heights', 'Apt. 790', '72944-7607', 'LAKE WARREN', 157, '1993-09-19', 214, 63, 70, 1, '2023-05-24 10:01:32', '2023-05-24 10:01:32'),
(397, NULL, 'user393', '$2b$04$2dIJcVob5S3YVHcUMuRaQ.I2zY5n2mmdhOPY8lw0DmqbQeHKAb/X6', 'Mavis.Wiza77@gmail.com', '1-806-535-3942 x41968', 1, 2, 'Tod', 'VonRueden', '8973 Gracie Village', 'Suite 436', '39581-1651', 'EAST KIANACHESTER', 240, '1997-06-24', 34, 179, 50, 1, '2023-05-24 10:01:32', '2023-05-24 10:01:32'),
(398, NULL, 'user394', '$2b$04$pAS/dWrDi02AEmjNXYxRq.ZrnOu55rkh9SbPmmUrWPeqAOiw/8qT2', 'Skylar.Wolff@hotmail.com', '(583) 705-0845', 1, 1, 'Veronica', 'Herman', '3830 Wehner Springs', 'Suite 352', '16923', 'DOWNERS GROVE', 155, '1956-10-05', 203, 189, 24, 1, '2023-05-24 10:01:32', '2023-05-24 10:01:32'),
(399, NULL, 'user395', '$2b$04$fWZ51aBSlHC.XO0PGolBjOUgL1fC/XdWgRj83ACUal./KDBfFwzb2', 'Arely.Bernier58@gmail.com', '(439) 255-5569 x176', 1, 1, 'Jeffrey', 'Will', '211 Margaret Flats', 'Apt. 166', '16317-5538', 'SOUTH ZAKARYBURY', 223, '1980-09-22', 17, 8, 7, 1, '2023-05-24 10:01:32', '2023-05-24 10:01:32'),
(400, NULL, 'user396', '$2b$04$RGOKo2NO7rnODwOmxMUs2u.G1jwT9ldAHYb05bukBUQ4nuHYsxvce', 'Ericka88@yahoo.com', '(208) 868-1102', 1, 2, 'Mitchel', 'Effertz', '003 Grimes Groves', 'Apt. 604', '33219-5327', 'SOUTH JEFFERY', 95, '1965-08-23', 200, 41, 44, 1, '2023-05-24 10:01:32', '2023-05-24 10:01:32'),
(401, NULL, 'user397', '$2b$04$zfDcP8z5nLcbPSZV79aPY.sklHXa9Cx.5QHSz5uUwkyetGp7VyHdy', 'Jacynthe27@yahoo.com', '978.252.2775 x344', 2, 2, 'Albina', 'Sporer', '2606 Natalie Mews', 'Apt. 210', '14398', 'MCCLUREFURT', 150, '1950-04-01', 196, 146, 54, 1, '2023-05-24 10:01:32', '2023-05-24 10:01:32'),
(402, NULL, 'user398', '$2b$04$ZErlF3bEeLjvPntZpOvr0uHx7HQeEVr4FoCqKfklx/gXWY8X5RAq.', 'Libbie.Hegmann@yahoo.com', '(307) 654-4623 x17683', 2, 2, 'Rolando', 'Franecki', '27130 Bergstrom Street', 'Apt. 954', '12333-8682', 'DACHBURY', 107, '1989-11-02', 52, 8, 83, 1, '2023-05-24 10:01:32', '2023-05-24 10:01:32'),
(403, NULL, 'user399', '$2b$04$E16/OAZVtU.OfsPgLi2HV.pi3ROVdeI5NEy19SB2gMvaI8oubpaVG', 'Clifford.Gorczany43@yahoo.com', '1-914-610-5398 x426', 1, 2, 'Carli', 'Cruickshank', '3726 Jerald Canyon', 'Suite 646', '86395', 'JAQUELINHAVEN', 141, '1982-03-15', 98, 165, 52, 1, '2023-05-24 10:01:32', '2023-05-24 10:01:32'),
(404, NULL, 'user400', '$2b$04$..oXnlZ6PTtiXRNxKYln7e/DqoFTk6ps3BNvAyk.4WXAd0bIiMhZm', 'Dewayne.Schimmel1@gmail.com', '842-524-9767 x678', 2, 1, 'Priscilla', 'Jaskolski', '33999 Grimes Shores', 'Suite 753', '11080', 'BRIASTAD', 25, '1955-12-01', 215, 122, 63, 1, '2023-05-24 10:01:32', '2023-05-24 10:01:32'),
(405, NULL, 'user401', '$2b$04$JpEFcHCUc7LuLqMjwmD32eMSUiaEzVxA5B7GMqJMhsIHLJFdzvtaq', 'Mackenzie.Satterfield@yahoo.com', '(618) 721-3460 x7606', 1, 2, 'Nick', 'Heaney', '02347 Alessandra Manor', 'Apt. 402', '61711-0489', 'SOUTH THEODOREBURY', 116, '1984-09-25', 55, 139, 32, 1, '2023-05-24 10:01:32', '2023-05-24 10:01:32'),
(406, NULL, 'user402', '$2b$04$rleSin9YHAvE1efHU0qffue6w1AV/ADn8SlP67ds4yErfuwo7mpBq', 'Frederik_Daniel@yahoo.com', '(608) 355-6418 x153', 2, 2, 'Jordon', 'Muller', '6053 Wayne Isle', 'Apt. 499', '54265-1646', 'TACOMA', 1, '1987-11-19', 14, 25, 16, 1, '2023-05-24 10:01:32', '2023-05-24 10:01:32'),
(407, NULL, 'user403', '$2b$04$vKUIPanaYAJ7LhHMHaXPXet7YizzEZMBxeanYcwQPdI57SA5Px/8K', 'Jon34@hotmail.com', '642.955.3280 x71645', 1, 2, 'Cassie', 'Glover', '050 Johnston View', 'Apt. 614', '01971-9623', 'BARROWSSHIRE', 68, '1979-03-29', 156, 19, 98, 1, '2023-05-24 10:01:32', '2023-05-24 10:01:32'),
(408, NULL, 'user404', '$2b$04$mxi8dXx93CWDFV6zGIpJ2OuAtJJIj8mBNUc1lSWTxH8FmCb6CIRDi', 'Gwendolyn_Trantow54@yahoo.com', '1-749-764-2638 x057', 1, 1, 'Roy', 'Paucek', '6665 Haag Cliffs', 'Apt. 163', '83441-1270', 'HOFFMAN ESTATES', 240, '1962-03-22', 132, 213, 100, 1, '2023-05-24 10:01:32', '2023-05-24 10:01:32'),
(409, NULL, 'user405', '$2b$04$WsEW7gZChyM0Nib4WqpS6erK62mcvsJs3iE5rXzuVDglj5fiyuYZm', 'Bettie7@yahoo.com', '238.830.7264', 2, 2, 'Caitlyn', 'Gutkowski', '21490 Maximilian Vista', 'Suite 789', '63556', 'BEAUSIDE', 144, '1979-08-26', 147, 165, 63, 1, '2023-05-24 10:01:32', '2023-05-24 10:01:32'),
(410, NULL, 'user406', '$2b$04$RBC2hRadkOw0rg0yINC5NeKD8eMDc9A/BseZirW5oT0nsEnpPReAu', 'Edythe_Wisozk@hotmail.com', '1-593-925-0828 x7742', 2, 1, 'Garnett', 'Labadie', '02427 Zboncak Road', 'Suite 798', '64499-1680', 'WEST GRAYSONBURGH', 151, '1999-09-04', 167, 248, 100, 1, '2023-05-24 10:01:32', '2023-05-24 10:01:32'),
(411, NULL, 'user407', '$2b$04$a/9Y36VBCHOAmTcfKSjVseEPSVj.kumS1BL2XWXm4Mo3WiX/LVl8G', 'Helene55@hotmail.com', '374.927.2846 x8730', 1, 2, 'Sasha', 'Rutherford', '738 Jeromy Camp', 'Suite 106', '21701', 'NORTH BRYON', 219, '1974-12-14', 131, 68, 47, 1, '2023-05-24 10:01:32', '2023-05-24 10:01:32'),
(412, NULL, 'user408', '$2b$04$xfSlk4RjFK9zZJUhJPFDEOo9VtheTA3VjWmtJhuKmUg3YcR7TSMri', 'Liza.Harris39@yahoo.com', '(752) 504-6287 x80221', 1, 1, 'Justice', 'Deckow', '23032 Jena Villages', 'Suite 079', '80167', 'OMAHA', 162, '2002-12-06', 110, 102, 17, 1, '2023-05-24 10:01:32', '2023-05-24 10:01:32'),
(413, NULL, 'user409', '$2b$04$L0/QHwGbAuUUBUmiUN2Voe.nh/NRuhXcClWRnpY.5XJRy.ZDgEXRe', 'Eulalia_Nicolas76@hotmail.com', '(998) 241-2672 x592', 1, 2, 'Michael', 'Stoltenberg', '2294 Carmen Tunnel', 'Apt. 410', '37933-9406', 'NEW PIERCEBURGH', 137, '1972-08-30', 42, 222, 103, 1, '2023-05-24 10:01:32', '2023-05-24 10:01:32'),
(414, NULL, 'user410', '$2b$04$O1m/E2Xht0Mdw5EYBGihzOQgL/yFeRapxS7z.c6Dlm0/drPUYwafa', 'Emmanuelle.Osinski37@hotmail.com', '661.983.0377 x68402', 2, 1, 'Viola', 'Deckow', '522 Friesen Light', 'Apt. 283', '98783-9213', 'BREKKESIDE', 185, '2000-11-24', 142, 114, 91, 1, '2023-05-24 10:01:32', '2023-05-24 10:01:32'),
(415, NULL, 'user411', '$2b$04$4NiP32G8eUvppsFjXhUth.f6GoZGvEl2Bk9Uvd/i5UwzJdAcnnEjG', 'Romaine14@gmail.com', '(745) 782-4101', 2, 2, 'Triston', 'Howe', '6885 Dora Groves', 'Suite 002', '79974-3839', 'MADDISONVILLE', 247, '2000-06-23', 173, 36, 30, 1, '2023-05-24 10:01:32', '2023-05-24 10:01:32'),
(416, NULL, 'user412', '$2b$04$1mmjnhBg6kK4bJN5BivMk.x3z18cyLy1DiMogJaEFgVSLM6p41sJC', 'Shane_Ullrich@yahoo.com', '428.849.2185', 2, 1, 'Noemi', 'Jacobs', '20329 Khalil Isle', 'Suite 269', '87649-3941', 'EAST SAVIONSIDE', 30, '1966-07-22', 93, 63, 23, 1, '2023-05-24 10:01:32', '2023-05-24 10:01:32'),
(417, NULL, 'user413', '$2b$04$nkaUacwWZ4B1okw8GiTirOPgtBLycjrj03nj6.LR.2baKMpJt1PyW', 'Stefan.Conn@hotmail.com', '219-917-0035', 2, 1, 'Werner', 'Okuneva', '12013 Gleichner Square', 'Suite 586', '50656-2521', 'NORTH CLYDE', 142, '1980-10-07', 234, 84, 12, 1, '2023-05-24 10:01:32', '2023-05-24 10:01:32'),
(418, NULL, 'user414', '$2b$04$JvUnlCkNS0r3SQ9wT/iVrO/8t0DiI2sAabUeVXJqFT.kkU4jkcTlO', 'Pearlie.Kuhic@gmail.com', '707.470.6508 x21634', 2, 1, 'Melvina', 'Parisian', '6850 Ferry Port', 'Suite 443', '14327-4157', 'NORTH JUSTONHAVEN', 145, '1984-04-04', 135, 9, 77, 1, '2023-05-24 10:01:32', '2023-05-24 10:01:32'),
(419, NULL, 'user415', '$2b$04$piTpk1n8CIAn9/1JrTQP7OkFJqo9DzBRSH3EtNNPLXGSrMTqicNvu', 'Charley.Hackett74@hotmail.com', '247-772-0023', 1, 2, 'Verner', 'Pacocha', '8094 Cheyenne Grove', 'Suite 805', '86503-5585', 'SILASSTAD', 60, '2001-11-15', 231, 4, 99, 1, '2023-05-24 10:01:32', '2023-05-24 10:01:32'),
(420, NULL, 'user416', '$2b$04$QXtCANr4WE3c5StCiWqav.ZCMVGPyX31p72AXeZMi94Z9X8N7eZUS', 'Martina_Bechtelar@hotmail.com', '1-935-687-5566 x4125', 1, 2, 'Freida', 'Price', '7480 Bernhard Roads', 'Suite 710', '82366', 'HIRTHEHAVEN', 34, '1987-08-25', 88, 240, 89, 1, '2023-05-24 10:01:32', '2023-05-24 10:01:32'),
(421, NULL, 'user417', '$2b$04$L7rwN.5gxB6F3DifHPBQ8uRYn1l2nOt9Uo1.jnEr2TcbgCqeK8wie', 'Furman99@hotmail.com', '442.469.5016', 2, 1, 'Osborne', 'Bailey', '91558 Petra Extension', 'Apt. 222', '30050-4482', 'BOGANMOUTH', 91, '1971-09-19', 146, 114, 110, 1, '2023-05-24 10:01:32', '2023-05-24 10:01:32'),
(422, NULL, 'user418', '$2b$04$7XCw7CTZZFA9VP5f7HZZPeu/cCrrUyoNAMA2U3cP00g7fsG385I9e', 'Brandy_Mosciski14@yahoo.com', '603.539.5120', 2, 1, 'Piper', 'Metz', '5404 Keon Inlet', 'Apt. 788', '25819', 'CASPERVILLE', 110, '1973-04-17', 63, 93, 33, 1, '2023-05-24 10:01:32', '2023-05-24 10:01:32'),
(423, NULL, 'user419', '$2b$04$CGEUadldhMf2RSOtDq3zg.3K.e/ItHRse0Y4MWu/JZP6AEbQ4Gxqm', 'Abby.Langosh@hotmail.com', '1-378-249-5098 x7202', 2, 1, 'Margot', 'Zieme', '699 Beer Village', 'Suite 937', '24920-5649', 'CLEVEMOUTH', 167, '1973-04-21', 155, 46, 110, 1, '2023-05-24 10:01:32', '2023-05-24 10:01:32'),
(424, NULL, 'user420', '$2b$04$oJSteQ9k8Y3EiOrdNomYtembOD.kv9gSDOQUjiocYYGk9k9q7uRIa', 'Dana_Dietrich@hotmail.com', '722-975-7812 x655', 2, 1, 'Noemie', 'Leannon', '51858 Schmitt Row', 'Suite 347', '47011-0891', 'ROHANCHESTER', 123, '2001-06-04', 128, 23, 90, 1, '2023-05-24 10:01:32', '2023-05-24 10:01:32'),
(425, NULL, 'user421', '$2b$04$MGrVLN4tfz.QTkRFHiV8.u8hMSJn3YVKlrZxblGXxJWX4GATvq52y', 'Athena_Breitenberg@yahoo.com', '290-704-3075 x33410', 1, 2, 'Sofia', 'Kovacek', '936 Bailee Pass', 'Apt. 590', '42256', 'PLEASANTON', 31, '2002-03-25', 211, 17, 109, 1, '2023-05-24 10:01:32', '2023-05-24 10:01:32'),
(426, NULL, 'user422', '$2b$04$CbvO1Xgh921Xj4BzqH6xP.29tQIvoiqPgzoFT46sf0y9LaaMjD25y', 'Clement_Murphy53@gmail.com', '(396) 324-8123', 1, 2, 'Electa', 'Lebsack', '9606 Ratke Common', 'Suite 406', '21863-5137', 'ALFREDALAND', 172, '1951-01-17', 229, 71, 106, 1, '2023-05-24 10:01:32', '2023-05-24 10:01:32'),
(427, NULL, 'user423', '$2b$04$LrjUcFzbnQnIip7VgYDgxOAIju841kvJrj7gF5eAyxDHtxQvkJxka', 'Aric_Zboncak20@yahoo.com', '686.883.8451 x9889', 2, 2, 'Gregg', 'Feeney', '5109 Rhea Meadow', 'Apt. 660', '70515-0333', 'SOUTH MELBAMOUTH', 40, '1978-03-15', 135, 228, 42, 1, '2023-05-24 10:01:32', '2023-05-24 10:01:32'),
(428, NULL, 'user424', '$2b$04$4/Q0Zyk5rwUiqUj7ySEr0OGXVgcmm9cVjljW8Zgh2KL.WHd.DIJ/S', 'Judson_Hammes24@gmail.com', '583.761.4973 x2393', 2, 1, 'Carmel', 'Moen', '14815 Ritchie Ferry', 'Apt. 820', '03093', 'LAKE RASHEED', 86, '1962-01-12', 69, 242, 81, 1, '2023-05-24 10:01:32', '2023-05-24 10:01:32'),
(429, NULL, 'user425', '$2b$04$.nIufHePef9kmfH.hLziYu0NmMoOBGLJoVp2FqYceh40WkgU.SmDu', 'Naomi_Beer@gmail.com', '316-427-5311 x84005', 2, 2, 'Ethel', 'Cormier', '00033 Esmeralda Ridge', 'Apt. 072', '16787', 'ERICHBURY', 81, '1984-01-01', 33, 239, 68, 1, '2023-05-24 10:01:32', '2023-05-24 10:01:32'),
(430, NULL, 'user426', '$2b$04$EzYASLUymgPrjB8/Erhj2OistRwmBQMdVFejlNudgy3BLiSSdPtCC', 'Edison.Blanda@gmail.com', '1-686-859-5286 x949', 2, 2, 'Beaulah', 'Schmeler', '934 Dejon Inlet', 'Suite 617', '73272-8992', 'LARGO', 120, '1950-03-03', 29, 18, 63, 1, '2023-05-24 10:01:32', '2023-05-24 10:01:32'),
(431, NULL, 'user427', '$2b$04$GYY3U8Qgzus5hvTEvRpSaOST2gMdVrI61vO8gTV9mfijt6Sa8.ZaS', 'Malinda52@hotmail.com', '(284) 320-0509', 2, 1, 'Chance', 'Franecki', '2153 Bayer Corners', 'Suite 602', '07843-0010', 'LAKE LESLIEVILLE', 92, '1969-08-29', 62, 226, 11, 1, '2023-05-24 10:01:32', '2023-05-24 10:01:32'),
(432, NULL, 'user428', '$2b$04$/CcEyT/DJAflRJPEYIe5s.7MBArW82HCcxYm2h7b1Mu3.S9mfnEN6', 'Lorine44@gmail.com', '1-951-971-7703', 1, 1, 'Glennie', 'Lynch', '532 Tomasa Lake', 'Suite 404', '12911-2278', 'PORT ANTHONYVIEW', 203, '1990-10-24', 85, 137, 15, 1, '2023-05-24 10:01:32', '2023-05-24 10:01:32'),
(433, NULL, 'user429', '$2b$04$kpvVtae3UwkTBff.OyqEnOlicQi06lEO1wI6Fw.VE207ZCOq0.ru.', 'Alexa_Kilback@yahoo.com', '768-385-5188 x7894', 1, 2, 'Aletha', 'Waters', '0229 Mante Orchard', 'Suite 605', '87566', 'ERDMANBURY', 194, '1999-09-07', 127, 1, 7, 1, '2023-05-24 10:01:32', '2023-05-24 10:01:32'),
(434, NULL, 'user430', '$2b$04$uYnFnooVEgV0SWgaKIgAheiwVe0nEaW4QvPeYJwPKqOXjjIJY9Gj.', 'Nicholaus31@hotmail.com', '503-414-0725 x450', 1, 2, 'Kali', 'Cummings', '231 Rempel Freeway', 'Suite 113', '19181', 'NOEMIBURGH', 102, '1965-06-03', 66, 75, 63, 1, '2023-05-24 10:01:32', '2023-05-24 10:01:32'),
(435, NULL, 'user431', '$2b$04$RvjKciKr7pf3Y6X4NZq9A..mP1Qs8NoGOrFQaeaTimNkAFJcsKBne', 'Abe62@yahoo.com', '1-463-710-1597 x1656', 2, 1, 'Myrl', 'Senger', '8601 Wyman Circles', 'Apt. 280', '27210-3789', 'GISLASONFORT', 237, '1982-06-11', 69, 10, 60, 1, '2023-05-24 10:01:32', '2023-05-24 10:01:32'),
(436, NULL, 'user432', '$2b$04$GJHiUqiO2X/sMM58NuIz9OC9jEsDHSO2pnIDNnFpsoZtqwDQ2.0ea', 'Kaden91@yahoo.com', '623-791-3056', 1, 2, 'Hettie', 'Krajcik', '6827 Rico Pines', 'Suite 690', '84027', 'ORNVILLE', 100, '2002-01-09', 118, 117, 62, 1, '2023-05-24 10:01:32', '2023-05-24 10:01:32'),
(437, NULL, 'user433', '$2b$04$g3gvhdEBg.CSf70GIYm1xOVF2in4cezjOc03LUT0S08Bk8goILUNC', 'Bethel.Beahan@hotmail.com', '250-960-8022 x335', 1, 2, 'Harmon', 'Leuschke', '99684 Adriel Light', 'Apt. 959', '15291', 'NORTH STEVIE', 136, '1988-02-20', 58, 85, 96, 1, '2023-05-24 10:01:32', '2023-05-24 10:01:32'),
(438, NULL, 'user434', '$2b$04$pxQZe67veTLJRRecIPePHewv/Tn4Ma4GHNL7qSgpdJAKoXapoYiFa', 'Reilly_Parisian@yahoo.com', '(512) 634-2895 x308', 1, 2, 'Marge', 'Prosacco', '21463 Lehner Grove', 'Suite 409', '32572', 'WEST NAYELI', 165, '1979-11-24', 107, 31, 77, 1, '2023-05-24 10:01:32', '2023-05-24 10:01:32'),
(439, NULL, 'user435', '$2b$04$yMTiL6OBCft3eTRIASdeVuGhaGPyKyf1FHVA9OjlWmmwPjznLz54i', 'Shannon60@hotmail.com', '705-839-5923 x55319', 1, 1, 'Cielo', 'Pouros', '8761 Okey Inlet', 'Apt. 956', '57027-0247', 'EAST JOELLE', 121, '1982-05-15', 219, 145, 105, 1, '2023-05-24 10:01:32', '2023-05-24 10:01:32'),
(440, NULL, 'user436', '$2b$04$Vin8WWWr0lu/r3FnJtcuDOV.liPjsmYbBmtv.xAWxqGkI1yPNkwKa', 'Bethel40@gmail.com', '902-894-5675 x7727', 2, 1, 'Deron', 'Kshlerin', '271 Walker Crescent', 'Apt. 933', '50299', 'LARSONSHIRE', 206, '1969-04-14', 56, 126, 45, 1, '2023-05-24 10:01:32', '2023-05-24 10:01:32'),
(441, NULL, 'user437', '$2b$04$Zve58eDVEpS7ojjYdmDKEunNyJ3ZdLZjx2LrkQ29v3imcwc4IYdOG', 'Jammie_Feeney26@yahoo.com', '(209) 222-6719 x2081', 1, 2, 'Anna', 'Trantow', '123 Satterfield Islands', 'Suite 889', '46920-5882', 'RITCHIEHAVEN', 232, '1985-04-23', 189, 118, 8, 1, '2023-05-24 10:01:32', '2023-05-24 10:01:32'),
(442, NULL, 'user438', '$2b$04$U23xu/gXH41A.0RzCcyvYOfmg40Us/01NP2ptF9c2DYyfiL3hlvg2', 'Maybell.Ledner@hotmail.com', '1-462-775-6907 x65073', 2, 1, 'Peter', 'Robel', '9871 Wolf Gardens', 'Apt. 980', '32110-4589', 'CAYLATOWN', 119, '1995-10-02', 101, 79, 82, 1, '2023-05-24 10:01:32', '2023-05-24 10:01:32'),
(443, NULL, 'user439', '$2b$04$7dgW5iwBDvmwzlGl665oee52toTYKmOPM8GlrltFnjzBYpI2iSi/e', 'Danielle.Weissnat23@hotmail.com', '547.816.0522 x58611', 2, 2, 'Jamar', 'Sporer', '6790 Estrella Hollow', 'Suite 316', '72418-2097', 'PORT ALLENETON', 138, '1978-06-07', 237, 241, 72, 1, '2023-05-24 10:01:32', '2023-05-24 10:01:32'),
(444, NULL, 'user440', '$2b$04$qBcRfUuapYmMP5N3/ufz3.P2G0SgaX/3bvu4X.WpCTkjRNN7TzNGa', 'Imogene.Cruickshank97@yahoo.com', '(910) 499-2936 x360', 1, 2, 'Abdullah', 'Gibson', '8954 Towne Bridge', 'Suite 612', '45735', 'JOSIETON', 129, '1979-07-27', 193, 229, 62, 1, '2023-05-24 10:01:32', '2023-05-24 10:01:32'),
(445, NULL, 'user441', '$2b$04$DOdf94c3UPWM7ELAgjbpte.7m3Mhk.YAL27SSBG8x5uSfsoUoP0uu', 'Rigoberto.Barrows89@hotmail.com', '416-352-0143', 2, 1, 'Amber', 'Hickle', '495 Jolie Cliffs', 'Apt. 427', '19813-0623', 'ZARIASIDE', 207, '1981-03-11', 216, 29, 105, 1, '2023-05-24 10:01:32', '2023-05-24 10:01:32'),
(446, NULL, 'user442', '$2b$04$v2zpq0yWxelB5m6nCM98qeDZOG8cJ86UjZb6ImB8OPX84jraJAWfe', 'Glen_Hoeger24@hotmail.com', '710-689-4310 x76856', 2, 2, 'Triston', 'Greenfelder', '1591 Herzog Cape', 'Suite 749', '41478-5074', 'LAKE SIENNAVILLE', 7, '1954-10-14', 29, 69, 14, 1, '2023-05-24 10:01:32', '2023-05-24 10:01:32'),
(447, NULL, 'user443', '$2b$04$2R013SRg/deO/QW7kegrtOhBGEOHVJeV752dYTGoGIiwWG71mjO8u', 'Antonietta_Strosin@yahoo.com', '416-521-8791', 2, 1, 'Nicole', 'Yost', '7063 Brett Walks', 'Suite 371', '14174-2434', 'NEW PAXTON', 184, '1971-08-19', 170, 219, 66, 1, '2023-05-24 10:01:32', '2023-05-24 10:01:32'),
(448, NULL, 'user444', '$2b$04$g4UO9XSn.f4E5vOKzDn17.hGGF5M9kKbPrQQY2CH5h8DjX6lZwRlq', 'Catharine.Hammes84@gmail.com', '1-819-320-5717', 2, 2, 'Rusty', 'Robel', '1320 Dusty Expressway', 'Suite 244', '10586', 'NOVABOROUGH', 149, '1966-09-09', 47, 61, 39, 1, '2023-05-24 10:01:32', '2023-05-24 10:01:32'),
(449, NULL, 'user445', '$2b$04$ktwEQAYZSmPrML1mqhx9RefLhE4wMXY.SFIv0KVuU2Uck.U.xbWOW', 'Joesph.Kunze@yahoo.com', '475.836.6747 x60358', 1, 2, 'Elvera', 'Deckow', '17703 Wellington Extension', 'Apt. 694', '49857', 'WEST CHAIM', 203, '1955-06-30', 82, 128, 23, 1, '2023-05-24 10:01:32', '2023-05-24 10:01:32'),
(450, NULL, 'user446', '$2b$04$EcX.FeRexY66i7ZK9djlfOjD2TVOvLKFxp3Fh7VLq1gZmGwHsy7v2', 'Sydnie_Reynolds13@gmail.com', '749-244-1094 x3853', 1, 2, 'Marianne', 'Schumm', '518 Candice Trail', 'Apt. 664', '50344', 'LAKE ALF', 92, '1977-10-09', 64, 200, 68, 1, '2023-05-24 10:01:32', '2023-05-24 10:01:32'),
(451, NULL, 'user447', '$2b$04$dHVHPFQK/3JrpKqyc3i/Zes14aA51ahTIq3VN1skowTxzFLLYtOW2', 'Zella_Wilderman90@gmail.com', '1-990-875-2696 x0902', 2, 1, 'Candelario', 'Bergnaum', '29762 Ernestine Mission', 'Suite 705', '87603-9539', 'DECKOWSHIRE', 191, '1984-02-15', 66, 149, 29, 1, '2023-05-24 10:01:32', '2023-05-24 10:01:32'),
(452, NULL, 'user448', '$2b$04$54wxkg00Klq78e4a6RpjiObOYQz9oEBvmGK3nM6xMe.AcNXEecmrG', 'Kailey.Nikolaus@yahoo.com', '1-549-568-7416 x9272', 2, 2, 'Mallie', 'Bergstrom', '0520 Tromp Neck', 'Suite 284', '42656', 'BILOXI', 131, '1989-11-27', 152, 226, 45, 1, '2023-05-24 10:01:32', '2023-05-24 10:01:32'),
(453, NULL, 'user449', '$2b$04$hy/3StErx.TqdXUer10hjOP5O8WuqVEQSQgJVETxKFHleY0x/Kj7i', 'Lauryn.Bergnaum@yahoo.com', '905.735.5826 x2066', 2, 1, 'Jarred', 'Fisher', '8002 Friesen Isle', 'Suite 167', '31691', 'SOUTH MADALYN', 57, '2000-09-23', 55, 157, 28, 1, '2023-05-24 10:01:32', '2023-05-24 10:01:32'),
(454, NULL, 'user450', '$2b$04$WAJj8APX1P/dM/vA2RV3ZOqCj8an6wLNaxbOUGMJsUtGL.zu8F5s2', 'Adrienne.Okuneva@yahoo.com', '(418) 955-4176 x77604', 1, 2, 'Zoie', 'Fay', '6416 Delphia Ferry', 'Apt. 669', '53098', 'SOUTH REILLYFORT', 205, '1958-05-25', 131, 220, 18, 1, '2023-05-24 10:01:32', '2023-05-24 10:01:32'),
(455, NULL, 'user451', '$2b$04$PhobvlcnPJ/zbws9F9pDSu9W0Dzk4aE4tcKJoqGQ/JX7w2Td7DtU.', 'Allan_Russel@gmail.com', '544.204.5484 x11932', 1, 1, 'Hailie', 'Hilll', '6669 Goyette Parks', 'Suite 418', '96958', 'DECLANBURY', 66, '1959-10-16', 170, 189, 18, 1, '2023-05-24 10:01:32', '2023-05-24 10:01:32'),
(456, NULL, 'user452', '$2b$04$voOHK2E5l9a2bcA8Q9wxzedjsyhEA.kqK9tUKk0QxkxT8ELeGSToi', 'Kayleigh87@gmail.com', '478.912.3771', 1, 2, 'Connie', 'Jacobi', '60681 Durward Fall', 'Suite 938', '44814', 'KIERASHIRE', 209, '1962-08-10', 169, 58, 39, 1, '2023-05-24 10:01:32', '2023-05-24 10:01:32'),
(457, NULL, 'user453', '$2b$04$n3bg.NXcit7HDUqNQp11aO.0yJknYTNCVVjpv06Ipxi2e.ob2gW6q', 'Vivian7@yahoo.com', '(910) 280-7552', 2, 2, 'Antwon', 'Boyle', '53969 Paxton Square', 'Suite 620', '08187', 'CLEVEVIEW', 236, '1996-05-29', 201, 232, 84, 1, '2023-05-24 10:01:32', '2023-05-24 10:01:32'),
(458, NULL, 'user454', '$2b$04$4MfXaZ/csZhN4VEXMXvC7O/.//5V6BZgbbKgeI1FT.iA2qYgrTBya', 'Keaton35@yahoo.com', '986-322-6966', 2, 1, 'Fae', 'Schinner', '42369 Charlotte Loaf', 'Suite 458', '29245', 'PORT MARISOL', 45, '1989-08-11', 160, 92, 39, 1, '2023-05-24 10:01:32', '2023-05-24 10:01:32'),
(459, NULL, 'user455', '$2b$04$zlWD76LfX/sWqZyumCowaOpLpREgkJqrpi2lc7e/rmDXy40V2Hclq', 'Lacey_Block52@yahoo.com', '(790) 740-0479 x3929', 1, 2, 'Ulises', 'Champlin', '24316 Giovanni Tunnel', 'Apt. 503', '26308-8079', 'TAYLORSVILLE', 2, '1992-04-07', 144, 145, 85, 1, '2023-05-24 10:01:32', '2023-05-24 10:01:32'),
(460, NULL, 'user456', '$2b$04$oxujh9JpgdmrQkjzNBpksuug2fBfM9v0KE4lzUog0Nl.ZqvaXomiW', 'Layne0@yahoo.com', '(849) 793-6620', 1, 1, 'Flavio', 'Barton', '9692 Hoppe Shoals', 'Apt. 653', '60077-5529', 'OGDEN', 219, '1957-03-08', 119, 154, 19, 1, '2023-05-24 10:01:32', '2023-05-24 10:01:32'),
(461, NULL, 'user457', '$2b$04$jU2Vq4o/ovhcOKW8dJVl7.AQvL..aaYpsWnv8R/WDmV7avv.KKNY2', 'Chelsie.Hauck@yahoo.com', '(231) 633-6440', 2, 2, 'Karen', 'Klocko', '1623 Legros Lake', 'Suite 632', '20781-3470', 'JERDETON', 124, '1997-10-02', 52, 228, 86, 1, '2023-05-24 10:01:32', '2023-05-24 10:01:32'),
(462, NULL, 'user458', '$2b$04$8PqGMnimxV/a9BPwwGeCf.K16b2.yC7KRla037cezX8mJsb4FVLaa', 'Monserrate_Abernathy61@hotmail.com', '581.533.2223 x83020', 2, 1, 'Jon', 'Botsford', '36285 Ettie Summit', 'Apt. 046', '51173', 'VERNICEBERG', 241, '2002-11-03', 17, 214, 14, 1, '2023-05-24 10:01:32', '2023-05-24 10:01:32'),
(463, NULL, 'user459', '$2b$04$k34LmS4.j2tlxOQNsQNIsuJLolxrbdZ1GQYkrrUIMqXXbw3sT94Ey', 'Giovanny.Pfannerstill@hotmail.com', '240.419.8824 x953', 1, 2, 'Keon', 'Shields', '21809 Tyson Park', 'Suite 333', '66267', 'CASAS ADOBES', 63, '1959-12-13', 86, 212, 105, 1, '2023-05-24 10:01:32', '2023-05-24 10:01:32'),
(464, NULL, 'user460', '$2b$04$.pK/BDKvFV.kxgGkPI77juCUlKukeNxXuM0p1pgVr2DTud7OYOItC', 'Edna25@yahoo.com', '(997) 587-6253 x60096', 2, 1, 'Araceli', 'Jast', '680 Hammes Forks', 'Suite 523', '36398-0808', 'ERDMANTON', 34, '1992-01-15', 225, 114, 100, 1, '2023-05-24 10:01:32', '2023-05-24 10:01:32'),
(465, NULL, 'user461', '$2b$04$p1uWcKH6fCDIlNLpvTY7rulHJciOYSijP3K4EbOuaN/fydDlCCFqa', 'Darius.Volkman73@hotmail.com', '1-389-867-7163 x945', 2, 1, 'Freeda', 'Murray', '7397 Feest Stravenue', 'Apt. 665', '39942-8538', 'BODEPORT', 53, '1952-09-17', 51, 169, 45, 1, '2023-05-24 10:01:32', '2023-05-24 10:01:32'),
(466, NULL, 'user462', '$2b$04$8UIohAFfOvoKRqqbQc338u.dPBuTAK1oWz/FRzJhQH7SU5PVvY26K', 'Jo.Lynch43@yahoo.com', '1-823-924-6218 x5671', 2, 1, 'Alvena', 'Hand', '6345 Tromp Mountains', 'Suite 090', '27272', 'NEW MAUD', 195, '1970-11-08', 32, 78, 64, 1, '2023-05-24 10:01:32', '2023-05-24 10:01:32'),
(467, NULL, 'user463', '$2b$04$.zA6.4D/jkxirGiwpaNxtOVVqtbpKBifB68q2FvaSukfFU97C7yXq', 'Haylee_Skiles@gmail.com', '(258) 295-3839 x017', 2, 2, 'Gloria', 'Vandervort', '53697 Daisy Lodge', 'Suite 093', '73980', 'MILWAUKEE', 56, '2002-06-01', 159, 244, 11, 1, '2023-05-24 10:01:32', '2023-05-24 10:01:32'),
(468, NULL, 'user464', '$2b$04$IhnC.OhOnAubFPUAt62KneXsoHxa3u4evuGZOYCA2RQp8CphsMsGm', 'Rodrigo.McDermott5@yahoo.com', '1-243-941-5515', 2, 2, 'Marcel', 'Dach', '195 Lebsack Pines', 'Suite 735', '97718-3669', 'FLINT', 118, '1958-04-24', 122, 110, 17, 1, '2023-05-24 10:01:32', '2023-05-24 10:01:32'),
(469, NULL, 'user465', '$2b$04$vqP7i1w/MovtsKZ8J3lkguf6fdUTg3acBk3l0jZV/whzmGvZJzFie', 'Easton.Gibson8@yahoo.com', '(674) 946-4855 x3494', 2, 1, 'Martina', 'Torphy', '843 Dorothy Center', 'Apt. 357', '14377', 'NEW AGUSTINAVILLE', 42, '1953-07-19', 170, 173, 42, 1, '2023-05-24 10:01:32', '2023-05-24 10:01:32'),
(470, NULL, 'user466', '$2b$04$Z2WqH20TqmNA3IFxkzzsBOkNuHtEB9D56IPo2jqbdsuUQNTLmaiKO', 'Montana.Veum@gmail.com', '(668) 694-6433', 1, 2, 'Grant', 'Williamson', '10184 Joy Forges', 'Suite 524', '04147-7741', 'NORTH NAYELI', 34, '1993-10-14', 244, 184, 77, 1, '2023-05-24 10:01:32', '2023-05-24 10:01:32'),
(471, NULL, 'user467', '$2b$04$NrstYqwFID5XwuWu8zgm0u7pMdNSWK8VAP47aHRNloJ0HcCh2Dqv2', 'Corine50@yahoo.com', '807.590.5292', 2, 2, 'Janis', 'Abbott', '1635 Norbert Trafficway', 'Suite 578', '27051-7193', 'GENERALTON', 220, '1988-04-11', 142, 204, 33, 1, '2023-05-24 10:01:32', '2023-05-24 10:01:32'),
(472, NULL, 'user468', '$2b$04$HqR62xalAyFcpARXgg7gmeNP4B91d44DamLnAvQ34p6Ac6US42rnS', 'Helen_Wintheiser@gmail.com', '290.637.9585 x66665', 2, 2, 'Turner', 'Senger', '269 Brown Manors', 'Apt. 747', '70981-2034', 'NEWARK', 94, '1984-05-25', 150, 111, 5, 1, '2023-05-24 10:01:32', '2023-05-24 10:01:32'),
(473, NULL, 'user469', '$2b$04$Z4AvkGY9cfIKVvA2jseVLurS.0I1bBQuT4e30EfEM.X1Ey.GZB6AG', 'Jedediah_Fahey@gmail.com', '1-492-925-8251', 2, 2, 'Guy', 'Nitzsche', '1055 Edythe Spur', 'Suite 265', '38708-2156', 'JONATHANCHESTER', 151, '1980-01-04', 26, 163, 1, 1, '2023-05-24 10:01:32', '2023-05-24 10:01:32'),
(474, NULL, 'user470', '$2b$04$jEjDgVjLvWWj3Xkrq5RsIO695bwYgWAlVkT.dSHbA4JJ0FHiKLbyy', 'Noemi_Daniel@hotmail.com', '(520) 251-9621', 1, 1, 'Elise', 'Homenick', '30010 Name Ford', 'Apt. 400', '31089-6530', 'FAIRFIELD', 12, '1996-07-28', 91, 111, 100, 1, '2023-05-24 10:01:32', '2023-05-24 10:01:32'),
(475, NULL, 'user471', '$2b$04$iLMUNnk0f0iICxECIKcROOEJ/XQI9yEu7JHY0H1.f4glz4097lzhG', 'Shaniya.Skiles@hotmail.com', '1-814-740-3660', 1, 1, 'Gerhard', 'Wiegand', '540 Keeling Spurs', 'Suite 681', '44532', 'SOUTH JUANITATON', 179, '1978-12-09', 34, 27, 106, 1, '2023-05-24 10:01:32', '2023-05-24 10:01:32'),
(476, NULL, 'user472', '$2b$04$fXcyNEaVbqkFeGIocJHZXeadPUPrRhk0Lpt8zodJuScTvrsaQ74aC', 'Layne_Bartell72@yahoo.com', '988.354.5457 x846', 2, 1, 'Paula', 'Luettgen', '90024 Wolff Highway', 'Apt. 501', '95690-6841', 'SOUTH DOLORESPORT', 249, '1972-12-11', 162, 165, 24, 1, '2023-05-24 10:01:32', '2023-05-24 10:01:32'),
(477, NULL, 'user473', '$2b$04$KPqCgQ0zDN9ami0nwGw0s.FeXFXlQtGUyYe1o3NCyBcaw25GxC206', 'Malvina.Koss91@gmail.com', '1-894-533-5301', 2, 1, 'Yasmine', 'Abernathy', '27118 Tiffany Court', 'Apt. 964', '16669-1729', 'NORTH FURMANBERG', 39, '1961-10-26', 141, 119, 89, 1, '2023-05-24 10:01:32', '2023-05-24 10:01:32'),
(478, NULL, 'user474', '$2b$04$ENR76B.wjlwxR1xzjS.R4uGavbf3FOfYxvFtcAShaOlhnOp7ghOVu', 'Beau_Hilll92@hotmail.com', '218.214.3513', 2, 1, 'Elza', 'Lehner', '975 Xander Courts', 'Suite 015', '05210', 'FLATLEYVIEW', 209, '1979-02-11', 79, 94, 82, 1, '2023-05-24 10:01:32', '2023-05-24 10:01:32'),
(479, NULL, 'user475', '$2b$04$Xc82FD.tlXIMDtZvT.6SA.N0CdNMtwOnbduqwfVEGTpIkXsL0QWey', 'Alexys.Raynor80@gmail.com', '703-992-1592', 2, 2, 'Caleb', 'Kutch', '550 Jaskolski Spring', 'Apt. 760', '61096-1665', 'SEVERN', 131, '1977-02-25', 234, 193, 10, 1, '2023-05-24 10:01:32', '2023-05-24 10:01:32'),
(480, NULL, 'user476', '$2b$04$cXxJz/ZY6d3R0uWUcPYPrengw..mXyME1u9vrNwDKrqHD/fKBi22S', 'Harvey_Hackett@yahoo.com', '371.376.3387 x3099', 1, 2, 'Monique', 'Hand', '57117 Thiel Hills', 'Suite 273', '60669-7693', 'REINALAND', 200, '1954-02-27', 72, 102, 96, 1, '2023-05-24 10:01:32', '2023-05-24 10:01:32'),
(481, NULL, 'user477', '$2b$04$Sqpf6H7msuo9JRAL5TZWOe1klZmPnVsdlUrPSAITKO9s37wcLgKRa', 'Mattie.Macejkovic48@yahoo.com', '706-971-8957', 1, 2, 'Harry', 'Conroy', '8166 Hermiston Forges', 'Apt. 757', '00577', 'COLORADO SPRINGS', 68, '1993-02-08', 73, 243, 8, 1, '2023-05-24 10:01:32', '2023-05-24 10:01:32'),
(482, NULL, 'user478', '$2b$04$V2NmCT7ZRMoutzznLfMmEuE9SX6SaNLoYTyPKAJwSjnPmsYq3e8BG', 'Candelario_Becker57@gmail.com', '(428) 882-9766', 1, 1, 'Kiel', 'Satterfield', '7091 Mateo Track', 'Suite 139', '87635', 'KUTCHBURGH', 121, '1983-07-05', 97, 11, 11, 1, '2023-05-24 10:01:32', '2023-05-24 10:01:32'),
(483, NULL, 'user479', '$2b$04$Dz6srt50ZJ0SHqk/yY2TGurDxaiSJCHFmJSOEm2eBTy0d16t3QA.G', 'Gregorio.Fahey40@yahoo.com', '1-329-414-1771 x060', 1, 1, 'Pascale', 'Schulist', '72785 Senger Grove', 'Suite 162', '76122', 'VICTORMOUTH', 175, '1990-12-04', 46, 114, 32, 1, '2023-05-24 10:01:32', '2023-05-24 10:01:32'),
(484, NULL, 'user480', '$2b$04$u5IryQSPvc9goqiiAz1bVebnpt5t785NZcNo9gvlyoKfaThy78Czq', 'Alene_Bailey27@hotmail.com', '(464) 603-1580 x1411', 1, 2, 'Susana', 'Boehm', '235 Glen Isle', 'Apt. 994', '71599', 'MARGRETPORT', 15, '1963-06-21', 130, 34, 56, 1, '2023-05-24 10:01:32', '2023-05-24 10:01:32'),
(485, NULL, 'user481', '$2b$04$WRLvMP8QkNSnmjgJWsxNLO6SvjM5FTVT3OLrf0hjKyXV5trD/XA9u', 'Lisa.Bernhard@yahoo.com', '976-478-0222', 2, 2, 'Kade', 'Quigley', '0496 Damaris Burg', 'Apt. 674', '23102-5045', 'EAST HUNTER', 53, '1972-01-08', 105, 185, 65, 1, '2023-05-24 10:01:32', '2023-05-24 10:01:32'),
(486, NULL, 'user482', '$2b$04$9rhyVzks1QM5xD3l0WSKrusbs4pfzUGnBCGzWmLQ9KgYpbk8oJx4e', 'Justyn_Fritsch@hotmail.com', '(795) 245-8664', 1, 1, 'Marie', 'Franecki', '722 Lenore Harbor', 'Suite 776', '33010-1334', 'EAST LAURENCE', 23, '1972-08-08', 32, 206, 73, 1, '2023-05-24 10:01:32', '2023-05-24 10:01:32'),
(487, NULL, 'user483', '$2b$04$B5DPkN/QjtsnqMC/s97wu.8FydxAuEvdFL.vR3CLzMI6Bs8cBEMDK', 'Consuelo.Balistreri69@yahoo.com', '1-727-848-4448 x900', 1, 1, 'Clyde', 'Aufderhar', '411 Casper Canyon', 'Suite 480', '44757', 'MAUREENSTAD', 6, '1955-11-14', 39, 40, 75, 1, '2023-05-24 10:01:32', '2023-05-24 10:01:32'),
(488, NULL, 'user484', '$2b$04$pFHsiQUdC9Y9IqPhTonrIe77qgClB4ciLoNFrrWt2FNDdLET/tWKO', 'Don4@gmail.com', '(330) 365-2720 x9120', 1, 1, 'Forest', 'Hagenes', '451 Jameson Valleys', 'Suite 733', '14701-8920', 'PORT HAL', 166, '1990-06-03', 104, 76, 8, 1, '2023-05-24 10:01:32', '2023-05-24 10:01:32'),
(489, NULL, 'user485', '$2b$04$h3uEzVNdXnJgYo9KdQW3IOhmDjfMy72WWgk47Nbm9RHJHXkBmYUM6', 'Kaycee58@hotmail.com', '950-716-2961', 2, 1, 'Eino', 'Connelly', '7584 Shana Plain', 'Suite 991', '41595-4078', 'WALKERBURY', 97, '1997-10-06', 121, 219, 1, 1, '2023-05-24 10:01:32', '2023-05-24 10:01:32'),
(490, NULL, 'user486', '$2b$04$VPm6RapVBx9zUnjELbisFObL9nt28HOgszLSfkNzMaLbCqQQITHh6', 'Birdie.Cartwright51@gmail.com', '528.624.0027', 2, 2, 'Scot', 'Koepp', '472 Ullrich Cape', 'Apt. 216', '85990', 'TRACY', 144, '1998-09-02', 78, 25, 96, 1, '2023-05-24 10:01:32', '2023-05-24 10:01:32'),
(491, NULL, 'user487', '$2b$04$uvLIq48McPY4xAsNHhYUA.7mVIG.Vp2.jr4eJbhSuZHJztEvgpndS', 'Sadie69@yahoo.com', '(272) 465-3359 x05173', 1, 2, 'Faustino', 'Farrell', '41257 Swaniawski Prairie', 'Suite 385', '46025-1533', 'TOMS RIVER', 3, '2002-04-27', 50, 87, 43, 1, '2023-05-24 10:01:32', '2023-05-24 10:01:32'),
(492, NULL, 'user488', '$2b$04$pOh/eZ8Dpxlnn6KxaeqzW.Ph6NYQ6jPg2rA3DBx8alOGlTmuSDnha', 'Izaiah29@hotmail.com', '880-572-3711 x17062', 1, 1, 'Celia', 'Padberg', '514 Willms Passage', 'Apt. 837', '60381', 'LONG BEACH', 232, '1977-12-09', 189, 243, 37, 1, '2023-05-24 10:01:32', '2023-05-24 10:01:32');
INSERT INTO `users` (`user_id`, `avatar`, `login`, `password`, `email`, `phone`, `civility`, `gender`, `firstname`, `lastname`, `adress1`, `adress2`, `zipcode`, `city`, `country_id`, `birthday`, `nativeCountry_id`, `nationality_id`, `firstlanguage_id`, `systemRole_id`, `createdAt`, `updatedAt`) VALUES
(493, NULL, 'user489', '$2b$04$hmZ/v4nTTO6AWGE85xdNl.bvUzvNgPI2F4LIH4M7VL5SDZvaABd.m', 'Geovany.Abshire@yahoo.com', '(719) 884-0167 x3687', 1, 1, 'Arely', 'Leffler', '864 Britney Pike', 'Suite 221', '07522', 'MEDFORD', 70, '1970-07-31', 124, 78, 30, 1, '2023-05-24 10:01:32', '2023-05-24 10:01:32'),
(494, NULL, 'user490', '$2b$04$VFtNYMqG48q0vkx2CJOBnuGRvKLsB.bmjjVu/CTMVgFySCSz/p26.', 'Clarabelle.Hoeger@yahoo.com', '(993) 431-7229 x920', 2, 2, 'Aurelia', 'Feeney', '520 Alvena Avenue', 'Suite 928', '27230-4340', 'PORT DESMONDTON', 138, '1951-02-17', 123, 55, 50, 1, '2023-05-24 10:01:32', '2023-05-24 10:01:32'),
(495, NULL, 'user491', '$2b$04$4ihzeEUenCBVoISaoRUp9exLknfS6QpMGRzw/GbelSvhFu9BLVrWS', 'Darrin_Predovic@hotmail.com', '1-874-359-8996', 2, 2, 'Amparo', 'Nader', '164 Kovacek Port', 'Apt. 914', '86822-4995', 'PORT THALIA', 95, '1977-06-16', 49, 244, 94, 1, '2023-05-24 10:01:32', '2023-05-24 10:01:32'),
(496, NULL, 'user492', '$2b$04$BBVpCwf51xHOgHoOjz5b4./YhKLwN.ubORvDjys0EiZ0Tq8je8HTy', 'Reymundo5@yahoo.com', '775.818.1554', 1, 1, 'Anna', 'Koss', '50986 Grant Club', 'Suite 359', '95172', 'PORT DUDLEY', 245, '1976-01-20', 145, 212, 50, 1, '2023-05-24 10:01:32', '2023-05-24 10:01:32'),
(497, NULL, 'user493', '$2b$04$pyXqcxkxZcG88V9A5VREped3DyAqRYRMPvl8WT.VJlVKOn1Aygs26', 'Nicola85@yahoo.com', '1-456-387-3462 x64076', 2, 1, 'Stanford', 'Lang', '4542 Quitzon Terrace', 'Apt. 881', '15046', 'NORTH MOHAMMADCHESTER', 95, '1974-11-16', 35, 104, 90, 1, '2023-05-24 10:01:32', '2023-05-24 10:01:32'),
(498, NULL, 'user494', '$2b$04$hjy9TSbGErff1MzZX.cW2eIxfxYq9SmY7zDU6Nzr/F3nJbgJq649O', 'Meghan.Durgan52@hotmail.com', '561.864.2467', 2, 2, 'Emmy', 'Bernhard', '83733 Herman Bridge', 'Apt. 861', '99892-8115', 'TUCKAHOE', 66, '1987-06-12', 222, 138, 103, 1, '2023-05-24 10:01:32', '2023-05-24 10:01:32'),
(499, NULL, 'user495', '$2b$04$i3jQiTOPbWpgvY.W9i0Ii.BnmweZjAkl7zyJPzLCs3ASdrl1J//Zi', 'Edd69@yahoo.com', '1-746-510-4830 x67977', 1, 2, 'Alford', 'Huel', '1494 Cremin Loop', 'Suite 528', '47377', 'TREUTELBURGH', 247, '1980-07-02', 210, 235, 41, 1, '2023-05-24 10:01:32', '2023-05-24 10:01:32'),
(500, NULL, 'user496', '$2b$04$mccFkUN5BgONZ9vakC5oYeYZl7LSNNIDf79zAn9CqMflvw.kgUgs.', 'Justice.Dicki@gmail.com', '352-547-0269', 1, 2, 'Johnathan', 'Schulist', '215 Tad Freeway', 'Suite 141', '54590', 'ROOBSTAD', 162, '1951-11-28', 175, 123, 97, 1, '2023-05-24 10:01:32', '2023-05-24 10:01:32'),
(501, NULL, 'user497', '$2b$04$9ovtYYGIMj2BJkVYmFvQru1rpFk5xPpHSMvOeomn2s21f55HFBE4O', 'Kathryn_Monahan97@yahoo.com', '264.852.0336 x9013', 2, 1, 'Kaden', 'Gutmann', '3771 Konopelski Ridge', 'Suite 110', '22065-2424', 'NEW EVERARDO', 64, '1950-11-30', 169, 143, 33, 1, '2023-05-24 10:01:32', '2023-05-24 10:01:32'),
(502, NULL, 'user498', '$2b$04$Rn9bDW1J.u/N6sJS9d5kbuEeziDf0Dk9lTUuq/9tL/22m6mfNX8Ti', 'Myrtle_Denesik@yahoo.com', '527-945-2917 x4432', 1, 2, 'Leilani', 'Champlin', '79222 Jackie Ridges', 'Apt. 782', '89786', 'TORPHYPORT', 74, '1967-06-30', 237, 26, 12, 1, '2023-05-24 10:01:32', '2023-05-24 10:01:32'),
(503, NULL, 'user499', '$2b$04$9JrmagoqDKlGRMbLyJp9T.9RbOswE6OApgHZMyxWKuod0fT7hIXN.', 'Sedrick47@yahoo.com', '640.869.6920 x3327', 1, 2, 'Daphnee', 'Jast', '0318 Donato Dam', 'Apt. 378', '14167-6671', 'MOOREBURY', 148, '1997-03-06', 57, 107, 27, 1, '2023-05-24 10:01:32', '2023-05-24 10:01:32'),
(504, NULL, 'user500', '$2b$04$Il9niNIDfb6ragvEU0xyiei1E4He9Zd1V8urEmGq8Yvl1IDK1UDVi', 'Aglae.Shields@yahoo.com', '434-217-1375 x5846', 1, 1, 'Lilian', 'Beahan', '171 Estrella Mountains', 'Suite 161', '74765', 'MARLEYCHESTER', 57, '1977-08-24', 200, 234, 60, 1, '2023-05-24 10:01:32', '2023-05-24 10:01:32');

-- --------------------------------------------------------

--
-- Table structure for table `user_hist`
--

DROP TABLE IF EXISTS `user_hist`;
CREATE TABLE IF NOT EXISTS `user_hist` (
  `user_id` int(11) NOT NULL AUTO_INCREMENT,
  `login` varchar(255) NOT NULL,
  `password` varchar(255) NOT NULL,
  `email` varchar(255) NOT NULL,
  `phone` varchar(255) DEFAULT NULL,
  `civility` int(11) NOT NULL,
  `gender` int(11) NOT NULL,
  `firstname` varchar(255) NOT NULL,
  `lastname` varchar(255) NOT NULL,
  `adress1` varchar(255) NOT NULL,
  `adress2` varchar(255) DEFAULT NULL,
  `zipcode` varchar(255) NOT NULL,
  `city` varchar(255) NOT NULL,
  `country_id` int(11) DEFAULT NULL,
  `birthday` date NOT NULL,
  `nationality_id` int(11) DEFAULT NULL,
  `firstlanguage_id` int(11) DEFAULT NULL,
  `systemRole_id` int(11) NOT NULL DEFAULT 1,
  `createdAt` datetime NOT NULL,
  `updatedAt` datetime NOT NULL,
  PRIMARY KEY (`user_id`),
  UNIQUE KEY `user_hist_login_unique` (`login`),
  UNIQUE KEY `user_hist_email_unique` (`email`)
) ENGINE=InnoDB DEFAULT CHARSET=utf8mb4;

--
-- Constraints for dumped tables
--

--
-- Constraints for table `csv_items`
--
ALTER TABLE `csv_items`
  ADD CONSTRAINT `csv_items_ibfk_1` FOREIGN KEY (`test_id`) REFERENCES `tests` (`test_id`) ON DELETE CASCADE ON UPDATE CASCADE;

--
-- Constraints for table `documents`
--
ALTER TABLE `documents`
  ADD CONSTRAINT `documents_ibfk_1` FOREIGN KEY (`institut_id`) REFERENCES `instituts` (`institut_id`) ON DELETE SET NULL ON UPDATE CASCADE;

--
-- Constraints for table `empowerment_tests`
--
ALTER TABLE `empowerment_tests`
  ADD CONSTRAINT `empowerment_tests_ibfk_1` FOREIGN KEY (`user_id`) REFERENCES `users` (`user_id`) ON DELETE CASCADE ON UPDATE CASCADE,
  ADD CONSTRAINT `empowerment_tests_ibfk_2` FOREIGN KEY (`institut_id`) REFERENCES `instituts` (`institut_id`) ON DELETE CASCADE ON UPDATE CASCADE,
  ADD CONSTRAINT `empowerment_tests_ibfk_3` FOREIGN KEY (`test_id`) REFERENCES `tests` (`test_id`) ON DELETE NO ACTION ON UPDATE CASCADE;

--
-- Constraints for table `exams`
--
ALTER TABLE `exams`
  ADD CONSTRAINT `exams_ibfk_1` FOREIGN KEY (`test_id`) REFERENCES `tests` (`test_id`) ON DELETE SET NULL ON UPDATE CASCADE,
  ADD CONSTRAINT `exams_ibfk_2` FOREIGN KEY (`level_id`) REFERENCES `levels` (`level_id`) ON DELETE SET NULL ON UPDATE CASCADE;

--
-- Constraints for table `exam_has_question`
--
ALTER TABLE `exam_has_question`
  ADD CONSTRAINT `exam_has_question_ibfk_1` FOREIGN KEY (`exam_id`) REFERENCES `exams` (`exam_id`) ON DELETE CASCADE ON UPDATE CASCADE,
  ADD CONSTRAINT `exam_has_question_ibfk_2` FOREIGN KEY (`question_id`) REFERENCES `questions` (`question_id`) ON DELETE NO ACTION ON UPDATE CASCADE;

--
-- Constraints for table `instituts`
--
ALTER TABLE `instituts`
  ADD CONSTRAINT `instituts_ibfk_1` FOREIGN KEY (`country_id`) REFERENCES `countries` (`country_id`) ON DELETE CASCADE ON UPDATE CASCADE;

--
-- Constraints for table `institut_has_prices`
--
ALTER TABLE `institut_has_prices`
  ADD CONSTRAINT `institut_has_prices_ibfk_1` FOREIGN KEY (`institut_id`) REFERENCES `instituts` (`institut_id`) ON DELETE CASCADE ON UPDATE CASCADE,
  ADD CONSTRAINT `institut_has_prices_ibfk_2` FOREIGN KEY (`exam_id`) REFERENCES `exams` (`exam_id`) ON DELETE CASCADE ON UPDATE CASCADE;

--
-- Constraints for table `institut_has_user`
--
ALTER TABLE `institut_has_user`
  ADD CONSTRAINT `institut_has_user_ibfk_1` FOREIGN KEY (`institut_id`) REFERENCES `instituts` (`institut_id`) ON DELETE CASCADE ON UPDATE CASCADE,
  ADD CONSTRAINT `institut_has_user_ibfk_2` FOREIGN KEY (`user_id`) REFERENCES `users` (`user_id`) ON DELETE CASCADE ON UPDATE CASCADE,
  ADD CONSTRAINT `institut_has_user_ibfk_3` FOREIGN KEY (`role_id`) REFERENCES `roles` (`role_id`) ON DELETE SET NULL ON UPDATE CASCADE;

--
-- Constraints for table `invoice`
--
ALTER TABLE `invoice`
  ADD CONSTRAINT `invoice_ibfk_1` FOREIGN KEY (`institut_id`) REFERENCES `instituts` (`institut_id`) ON DELETE CASCADE ON UPDATE CASCADE;

--
-- Constraints for table `invoice_lines`
--
ALTER TABLE `invoice_lines`
  ADD CONSTRAINT `invoice_lines_ibfk_1` FOREIGN KEY (`invoice_id`) REFERENCES `invoice` (`invoice_id`) ON DELETE CASCADE ON UPDATE CASCADE;

--
-- Constraints for table `levels`
--
ALTER TABLE `levels`
  ADD CONSTRAINT `levels_ibfk_1` FOREIGN KEY (`test_id`) REFERENCES `tests` (`test_id`) ON DELETE SET NULL ON UPDATE CASCADE;

--
-- Constraints for table `questions`
--
ALTER TABLE `questions`
  ADD CONSTRAINT `questions_ibfk_1` FOREIGN KEY (`skill_id`) REFERENCES `skills` (`skill_id`) ON DELETE NO ACTION ON UPDATE CASCADE;

--
-- Constraints for table `refresh_token`
--
ALTER TABLE `refresh_token`
  ADD CONSTRAINT `refresh_token_ibfk_1` FOREIGN KEY (`user_id`) REFERENCES `users` (`user_id`) ON DELETE SET NULL ON UPDATE CASCADE;

--
-- Constraints for table `sessions`
--
ALTER TABLE `sessions`
  ADD CONSTRAINT `sessions_ibfk_1` FOREIGN KEY (`institut_id`) REFERENCES `instituts` (`institut_id`) ON DELETE CASCADE ON UPDATE CASCADE,
  ADD CONSTRAINT `sessions_ibfk_2` FOREIGN KEY (`test_id`) REFERENCES `tests` (`test_id`) ON DELETE NO ACTION ON UPDATE CASCADE,
  ADD CONSTRAINT `sessions_ibfk_3` FOREIGN KEY (`level_id`) REFERENCES `levels` (`level_id`) ON DELETE SET NULL ON UPDATE CASCADE;

--
-- Constraints for table `sessionusers`
--
ALTER TABLE `sessionusers`
  ADD CONSTRAINT `sessionusers_ibfk_1` FOREIGN KEY (`session_id`) REFERENCES `sessions` (`session_id`) ON DELETE CASCADE ON UPDATE CASCADE,
  ADD CONSTRAINT `sessionusers_ibfk_2` FOREIGN KEY (`user_id`) REFERENCES `users` (`user_id`) ON DELETE CASCADE ON UPDATE CASCADE;

--
-- Constraints for table `session_exam_has_examinator`
--
ALTER TABLE `session_exam_has_examinator`
  ADD CONSTRAINT `session_exam_has_examinator_ibfk_1` FOREIGN KEY (`sessionHasExam_id`) REFERENCES `session_has_exam` (`sessionHasExam_id`) ON DELETE CASCADE ON UPDATE CASCADE,
  ADD CONSTRAINT `session_exam_has_examinator_ibfk_2` FOREIGN KEY (`sessionUser_id`) REFERENCES `sessionusers` (`sessionUser_id`) ON DELETE CASCADE ON UPDATE CASCADE,
  ADD CONSTRAINT `session_exam_has_examinator_ibfk_3` FOREIGN KEY (`empowermentTest_id`) REFERENCES `empowerment_tests` (`empowermentTest_id`) ON DELETE SET NULL ON UPDATE CASCADE;

--
-- Constraints for table `session_has_exam`
--
ALTER TABLE `session_has_exam`
  ADD CONSTRAINT `session_has_exam_ibfk_1` FOREIGN KEY (`session_id`) REFERENCES `sessions` (`session_id`) ON DELETE CASCADE ON UPDATE CASCADE,
  ADD CONSTRAINT `session_has_exam_ibfk_2` FOREIGN KEY (`exam_id`) REFERENCES `exams` (`exam_id`) ON DELETE CASCADE ON UPDATE CASCADE;

--
-- Constraints for table `session_user_option`
--
ALTER TABLE `session_user_option`
  ADD CONSTRAINT `session_user_option_ibfk_1` FOREIGN KEY (`sessionUser_id`) REFERENCES `sessionusers` (`sessionUser_id`) ON DELETE CASCADE ON UPDATE CASCADE,
  ADD CONSTRAINT `session_user_option_ibfk_2` FOREIGN KEY (`exam_id`) REFERENCES `exams` (`exam_id`) ON DELETE SET NULL ON UPDATE CASCADE;

--
-- Constraints for table `skills`
--
ALTER TABLE `skills`
  ADD CONSTRAINT `skills_ibfk_1` FOREIGN KEY (`parent_id`) REFERENCES `skills` (`skill_id`) ON DELETE CASCADE ON UPDATE CASCADE;

--
-- Constraints for table `tests`
--
ALTER TABLE `tests`
  ADD CONSTRAINT `tests_ibfk_1` FOREIGN KEY (`parent_id`) REFERENCES `tests` (`test_id`) ON DELETE SET NULL ON UPDATE CASCADE;

--
-- Constraints for table `users`
--
ALTER TABLE `users`
  ADD CONSTRAINT `users_ibfk_1` FOREIGN KEY (`country_id`) REFERENCES `countries` (`country_id`) ON DELETE SET NULL ON UPDATE CASCADE,
  ADD CONSTRAINT `users_ibfk_2` FOREIGN KEY (`nativeCountry_id`) REFERENCES `countries` (`country_id`) ON DELETE SET NULL ON UPDATE CASCADE,
  ADD CONSTRAINT `users_ibfk_3` FOREIGN KEY (`nationality_id`) REFERENCES `countries` (`country_id`) ON DELETE SET NULL ON UPDATE CASCADE,
  ADD CONSTRAINT `users_ibfk_4` FOREIGN KEY (`firstlanguage_id`) REFERENCES `languages` (`firstlanguage_id`) ON DELETE SET NULL ON UPDATE CASCADE,
  ADD CONSTRAINT `users_ibfk_5` FOREIGN KEY (`systemRole_id`) REFERENCES `roles` (`role_id`) ON DELETE CASCADE ON UPDATE CASCADE;
COMMIT;

/*!40101 SET CHARACTER_SET_CLIENT=@OLD_CHARACTER_SET_CLIENT */;
/*!40101 SET CHARACTER_SET_RESULTS=@OLD_CHARACTER_SET_RESULTS */;
/*!40101 SET COLLATION_CONNECTION=@OLD_COLLATION_CONNECTION */;
